-- Clean existing data
TRUNCATE TABLE air_quality_data, air_quality_stations, users, satellite_data, weather_data, fire_data, hcho_hotspots RESTART IDENTITY CASCADE;

-- Seed default users
INSERT INTO users (email, hashed_password, full_name, role, is_active, created_at, updated_at) VALUES 
('admin@airvision.in', '$2b$12$EixZaYVK1YiYi1.g6vO9peF.q4y.q0hWq5q/bN8J.A1A3L5l5y.3G', 'System Admin', 'ADMIN', true, NOW(), NOW()),
('analyst@airvision.in', '$2b$12$EixZaYVK1YiYi1.g6vO9peF.q4y.q0hWq5q/bN8J.A1A3L5l5y.3G', 'Data Analyst', 'ANALYST', true, NOW(), NOW());

-- Seed stations
INSERT INTO air_quality_stations (id, station_id, name, city, state, latitude, longitude, is_active) VALUES 
(1, 'CPCB_DELHI', 'CPCB Station Delhi', 'Delhi', 'Delhi', 28.6139, 77.209, true),
(2, 'CPCB_MUMBAI', 'CPCB Station Mumbai', 'Mumbai', 'Maharashtra', 19.076, 72.8777, true),
(3, 'CPCB_KOLKATA', 'CPCB Station Kolkata', 'Kolkata', 'West Bengal', 22.5726, 88.3639, true),
(4, 'CPCB_CHENNAI', 'CPCB Station Chennai', 'Chennai', 'Tamil Nadu', 13.0827, 80.2707, true),
(5, 'CPCB_BANGALORE', 'CPCB Station Bangalore', 'Bangalore', 'Karnataka', 12.9716, 77.5946, true),
(6, 'CPCB_HYDERABAD', 'CPCB Station Hyderabad', 'Hyderabad', 'Telangana', 17.385, 78.4867, true),
(7, 'CPCB_AHMEDABAD', 'CPCB Station Ahmedabad', 'Ahmedabad', 'Gujarat', 23.0225, 72.5714, true),
(8, 'CPCB_PUNE', 'CPCB Station Pune', 'Pune', 'Maharashtra', 18.5204, 73.8567, true),
(9, 'CPCB_JAIPUR', 'CPCB Station Jaipur', 'Jaipur', 'Rajasthan', 26.9124, 75.7873, true),
(10, 'CPCB_LUCKNOW', 'CPCB Station Lucknow', 'Lucknow', 'Uttar Pradesh', 26.8467, 80.9462, true),
(11, 'CPCB_PATNA', 'CPCB Station Patna', 'Patna', 'Bihar', 25.5941, 85.1376, true),
(12, 'CPCB_CHANDIGARH', 'CPCB Station Chandigarh', 'Chandigarh', 'Chandigarh', 30.7333, 76.7794, true);

-- Seed air quality readings (30 days, 3 per day)
INSERT INTO air_quality_data (id, station_id, timestamp, pm25, pm10, no2, so2, co, o3, nh3, aqi, aqi_category) VALUES 
(1, 1, '2026-06-24 00:27:26+00', 198.55, 395.83, 71.50, 52.29, 0.36, 71.46, null, 360, 'Very Poor'),
(2, 1, '2026-06-23 18:27:26+00', 190.14, 278.94, 91.14, 25.56, 0.80, 62.34, null, 354, 'Very Poor'),
(3, 1, '2026-06-23 12:27:26+00', 40.66, 70.29, 58.01, 15.49, 3.79, 77.90, null, 67, 'Satisfactory'),
(4, 1, '2026-06-23 00:27:26+00', 122.53, 238.64, 31.88, 58.71, 1.48, 25.85, null, 301, 'Very Poor'),
(5, 1, '2026-06-22 18:27:26+00', 237.64, 355.17, 75.55, 6.30, 2.87, 146.05, null, 390, 'Very Poor'),
(6, 1, '2026-06-22 12:27:26+00', 232.47, 311.23, 11.06, 13.64, 3.69, 147.33, null, 386, 'Very Poor'),
(7, 1, '2026-06-22 00:27:26+00', 31.39, 49.38, 15.18, 30.34, 3.38, 32.91, null, 52, 'Satisfactory'),
(8, 1, '2026-06-21 18:27:26+00', 154.37, 207.38, 35.69, 42.23, 2.72, 31.46, null, 326, 'Very Poor'),
(9, 1, '2026-06-21 12:27:26+00', 29.56, 56.44, 54.60, 12.12, 0.35, 38.89, null, 47, 'Good'),
(10, 1, '2026-06-21 00:27:26+00', 183.81, 365.21, 87.16, 27.55, 3.74, 38.21, null, 349, 'Very Poor'),
(11, 1, '2026-06-20 18:27:26+00', 42.70, 53.39, 40.89, 41.04, 1.91, 65.27, null, 71, 'Satisfactory'),
(12, 1, '2026-06-20 12:27:26+00', 186.77, 359.70, 28.09, 15.50, 0.94, 95.54, null, 351, 'Very Poor'),
(13, 1, '2026-06-20 00:27:26+00', 182.01, 361.42, 39.51, 51.59, 3.77, 81.46, null, 347, 'Very Poor'),
(14, 1, '2026-06-19 18:27:26+00', 57.79, 81.41, 60.66, 58.21, 1.21, 80.07, null, 96, 'Satisfactory'),
(15, 1, '2026-06-19 12:27:26+00', 88.12, 146.18, 66.24, 55.46, 0.71, 149.52, null, 193, 'Moderate'),
(16, 1, '2026-06-19 00:27:26+00', 99.84, 129.57, 92.91, 53.72, 0.59, 48.02, null, 232, 'Poor'),
(17, 1, '2026-06-18 18:27:26+00', 199.74, 242.95, 23.78, 14.93, 0.35, 113.50, null, 361, 'Very Poor'),
(18, 1, '2026-06-18 12:27:26+00', 147.53, 255.66, 37.16, 10.59, 3.22, 109.22, null, 321, 'Very Poor'),
(19, 1, '2026-06-18 00:27:26+00', 153.08, 251.84, 77.08, 9.15, 2.64, 74.78, null, 325, 'Very Poor'),
(20, 1, '2026-06-17 18:27:26+00', 126.10, 216.55, 99.62, 19.16, 1.76, 114.46, null, 304, 'Very Poor'),
(21, 1, '2026-06-17 12:27:26+00', 234.01, 382.07, 66.18, 52.11, 1.43, 92.98, null, 387, 'Very Poor'),
(22, 1, '2026-06-17 00:27:26+00', 224.99, 344.79, 44.91, 29.81, 3.22, 87.32, null, 380, 'Very Poor'),
(23, 1, '2026-06-16 18:27:26+00', 46.43, 74.05, 37.40, 25.04, 3.83, 112.28, null, 77, 'Satisfactory'),
(24, 1, '2026-06-16 12:27:26+00', 208.57, 268.45, 45.82, 50.81, 3.46, 31.91, null, 368, 'Very Poor'),
(25, 1, '2026-06-16 00:27:26+00', 42.64, 74.72, 45.19, 15.25, 2.45, 23.04, null, 71, 'Satisfactory'),
(26, 1, '2026-06-15 18:27:26+00', 176.98, 348.17, 57.99, 14.71, 0.57, 134.06, null, 343, 'Very Poor'),
(27, 1, '2026-06-15 12:27:26+00', 26.23, 38.10, 37.56, 23.00, 3.58, 45.48, null, 41, 'Good'),
(28, 1, '2026-06-15 00:27:26+00', 32.16, 40.52, 62.05, 54.31, 1.70, 133.95, null, 53, 'Satisfactory'),
(29, 1, '2026-06-14 18:27:26+00', 153.09, 210.64, 91.17, 12.33, 1.71, 51.03, null, 325, 'Very Poor'),
(30, 1, '2026-06-14 12:27:26+00', 81.92, 115.03, 80.97, 29.90, 3.78, 114.96, null, 172, 'Moderate'),
(31, 1, '2026-06-14 00:27:26+00', 189.21, 242.77, 17.41, 27.69, 3.60, 85.00, null, 353, 'Very Poor'),
(32, 1, '2026-06-13 18:27:26+00', 147.35, 229.37, 81.29, 31.28, 1.49, 142.82, null, 321, 'Very Poor'),
(33, 1, '2026-06-13 12:27:26+00', 152.56, 229.45, 15.01, 16.74, 1.59, 148.08, null, 325, 'Very Poor'),
(34, 1, '2026-06-13 00:27:26+00', 33.29, 45.30, 25.99, 24.53, 0.42, 40.18, null, 55, 'Satisfactory'),
(35, 1, '2026-06-12 18:27:26+00', 223.28, 316.02, 44.33, 33.75, 2.32, 26.38, null, 379, 'Very Poor'),
(36, 1, '2026-06-12 12:27:26+00', 152.78, 303.44, 48.84, 49.57, 0.98, 78.48, null, 325, 'Very Poor'),
(37, 1, '2026-06-12 00:27:26+00', 152.07, 212.26, 98.74, 14.13, 0.63, 25.32, null, 324, 'Very Poor'),
(38, 1, '2026-06-11 18:27:26+00', 68.72, 122.75, 71.26, 11.60, 1.10, 27.21, null, 129, 'Moderate'),
(39, 1, '2026-06-11 12:27:26+00', 149.23, 281.63, 69.62, 26.37, 0.56, 26.72, null, 322, 'Very Poor'),
(40, 1, '2026-06-11 00:27:26+00', 238.70, 302.83, 45.84, 14.49, 3.50, 137.43, null, 391, 'Very Poor'),
(41, 1, '2026-06-10 18:27:26+00', 94.92, 114.63, 37.81, 49.78, 3.44, 140.67, null, 216, 'Poor'),
(42, 1, '2026-06-10 12:27:26+00', 77.29, 117.63, 76.04, 15.10, 3.12, 148.98, null, 157, 'Moderate'),
(43, 1, '2026-06-10 00:27:26+00', 79.94, 151.17, 51.06, 45.15, 3.01, 107.69, null, 166, 'Moderate'),
(44, 1, '2026-06-09 18:27:26+00', 227.84, 338.12, 56.43, 19.40, 2.33, 35.86, null, 383, 'Very Poor'),
(45, 1, '2026-06-09 12:27:26+00', 173.06, 275.26, 90.73, 33.23, 0.57, 66.40, null, 340, 'Very Poor'),
(46, 1, '2026-06-09 00:27:26+00', 177.29, 258.13, 15.57, 5.49, 1.35, 60.72, null, 344, 'Very Poor'),
(47, 1, '2026-06-08 18:27:26+00', 241.10, 333.05, 19.23, 29.80, 1.05, 144.43, null, 393, 'Very Poor'),
(48, 1, '2026-06-08 12:27:26+00', 231.30, 430.25, 64.47, 49.97, 1.72, 128.09, null, 385, 'Very Poor'),
(49, 1, '2026-06-08 00:27:26+00', 91.08, 137.94, 50.67, 23.65, 3.91, 143.08, null, 203, 'Poor'),
(50, 1, '2026-06-07 18:27:26+00', 124.79, 222.97, 76.61, 23.27, 3.44, 36.43, null, 303, 'Very Poor'),
(51, 1, '2026-06-07 12:27:26+00', 248.53, 416.87, 94.88, 40.72, 1.78, 25.99, null, 398, 'Very Poor'),
(52, 1, '2026-06-07 00:27:26+00', 48.99, 87.35, 21.30, 10.29, 2.56, 102.80, null, 81, 'Satisfactory'),
(53, 1, '2026-06-06 18:27:26+00', 240.24, 388.21, 66.34, 34.45, 0.50, 144.13, null, 392, 'Very Poor'),
(54, 1, '2026-06-06 12:27:26+00', 83.04, 141.12, 10.91, 37.57, 0.65, 64.20, null, 176, 'Moderate'),
(55, 1, '2026-06-06 00:27:26+00', 61.34, 104.52, 88.71, 53.00, 2.52, 103.77, null, 104, 'Moderate'),
(56, 1, '2026-06-05 18:27:26+00', 115.77, 189.24, 60.37, 43.25, 2.79, 33.34, null, 285, 'Poor'),
(57, 1, '2026-06-05 12:27:26+00', 195.32, 371.86, 78.62, 23.10, 2.84, 56.79, null, 357, 'Very Poor'),
(58, 1, '2026-06-05 00:27:26+00', 165.12, 242.86, 70.80, 5.08, 3.92, 64.98, null, 334, 'Very Poor'),
(59, 1, '2026-06-04 18:27:26+00', 22.22, 29.63, 35.65, 38.41, 2.07, 65.12, null, 35, 'Good'),
(60, 1, '2026-06-04 12:27:26+00', 196.43, 331.21, 91.72, 31.49, 3.66, 104.87, null, 358, 'Very Poor'),
(61, 1, '2026-06-04 00:27:26+00', 152.17, 249.23, 32.71, 38.77, 2.64, 134.65, null, 324, 'Very Poor'),
(62, 1, '2026-06-03 18:27:26+00', 107.80, 152.68, 34.79, 50.01, 3.30, 104.76, null, 259, 'Poor'),
(63, 1, '2026-06-03 12:27:26+00', 70.27, 100.12, 89.89, 52.78, 2.45, 52.09, null, 134, 'Moderate'),
(64, 1, '2026-06-03 00:27:26+00', 64.86, 83.76, 24.34, 34.42, 2.51, 88.66, null, 116, 'Moderate'),
(65, 1, '2026-06-02 18:27:26+00', 106.11, 131.17, 92.58, 12.15, 2.44, 126.47, null, 253, 'Poor'),
(66, 1, '2026-06-02 12:27:26+00', 219.01, 272.92, 94.67, 12.06, 1.59, 46.47, null, 376, 'Very Poor'),
(67, 1, '2026-06-02 00:27:26+00', 247.47, 456.77, 97.60, 37.55, 2.51, 65.52, null, 398, 'Very Poor'),
(68, 1, '2026-06-01 18:27:26+00', 222.66, 342.25, 36.29, 58.27, 2.59, 66.14, null, 379, 'Very Poor'),
(69, 1, '2026-06-01 12:27:26+00', 89.60, 169.53, 76.20, 9.58, 2.99, 94.21, null, 198, 'Moderate'),
(70, 1, '2026-06-01 00:27:26+00', 44.29, 65.84, 40.51, 46.88, 0.68, 108.19, null, 73, 'Satisfactory'),
(71, 1, '2026-05-31 18:27:26+00', 93.57, 146.28, 77.08, 57.18, 0.75, 54.44, null, 211, 'Poor'),
(72, 1, '2026-05-31 12:27:26+00', 109.60, 183.91, 61.35, 54.86, 3.20, 53.46, null, 265, 'Poor'),
(73, 1, '2026-05-31 00:27:26+00', 114.40, 207.64, 43.17, 25.95, 2.11, 77.76, null, 281, 'Poor'),
(74, 1, '2026-05-30 18:27:26+00', 175.33, 336.98, 20.32, 29.54, 2.90, 117.84, null, 342, 'Very Poor'),
(75, 1, '2026-05-30 12:27:26+00', 101.09, 164.01, 28.23, 36.65, 0.49, 39.99, null, 236, 'Poor'),
(76, 1, '2026-05-30 00:27:26+00', 164.48, 303.23, 47.14, 10.97, 1.48, 33.87, null, 334, 'Very Poor'),
(77, 1, '2026-05-29 18:27:26+00', 116.06, 220.46, 50.98, 9.18, 1.35, 84.40, null, 286, 'Poor'),
(78, 1, '2026-05-29 12:27:26+00', 65.41, 87.05, 12.30, 22.33, 3.35, 60.55, null, 118, 'Moderate'),
(79, 1, '2026-05-29 00:27:26+00', 247.99, 495.30, 98.73, 9.89, 1.30, 103.45, null, 398, 'Very Poor'),
(80, 1, '2026-05-28 18:27:26+00', 115.94, 175.75, 33.34, 46.63, 1.93, 93.22, null, 286, 'Poor'),
(81, 1, '2026-05-28 12:27:26+00', 42.85, 67.53, 69.64, 21.61, 3.87, 94.09, null, 71, 'Satisfactory'),
(82, 1, '2026-05-28 00:27:26+00', 29.63, 46.13, 97.76, 46.15, 3.99, 48.78, null, 47, 'Good'),
(83, 1, '2026-05-27 18:27:26+00', 118.33, 191.79, 87.14, 18.05, 0.76, 83.23, null, 294, 'Poor'),
(84, 1, '2026-05-27 12:27:26+00', 193.90, 321.24, 29.82, 24.39, 3.31, 23.18, null, 356, 'Very Poor'),
(85, 1, '2026-05-27 00:27:26+00', 137.13, 249.76, 81.76, 28.94, 0.43, 62.47, null, 313, 'Very Poor'),
(86, 1, '2026-05-26 18:27:26+00', 121.34, 169.09, 64.11, 40.42, 2.10, 94.06, null, 301, 'Very Poor'),
(87, 1, '2026-05-26 12:27:26+00', 51.83, 82.32, 14.30, 43.67, 3.72, 26.09, null, 86, 'Satisfactory'),
(88, 1, '2026-05-26 00:27:26+00', 229.21, 360.57, 66.07, 11.88, 3.00, 88.60, null, 384, 'Very Poor'),
(89, 1, '2026-05-25 18:27:26+00', 157.05, 283.38, 32.55, 40.29, 2.96, 96.02, null, 328, 'Very Poor'),
(90, 1, '2026-05-25 12:27:26+00', 127.12, 245.57, 77.15, 10.20, 3.54, 90.57, null, 305, 'Very Poor'),
(91, 2, '2026-06-24 00:27:26+00', 184.14, 333.39, 18.71, 16.68, 3.75, 123.20, null, 349, 'Very Poor'),
(92, 2, '2026-06-23 18:27:26+00', 77.93, 100.72, 75.84, 56.22, 2.77, 21.55, null, 159, 'Moderate'),
(93, 2, '2026-06-23 12:27:26+00', 66.28, 86.67, 38.19, 28.18, 2.30, 84.64, null, 120, 'Moderate'),
(94, 2, '2026-06-23 00:27:26+00', 181.93, 247.99, 44.28, 51.76, 3.98, 89.52, null, 347, 'Very Poor'),
(95, 2, '2026-06-22 18:27:26+00', 94.94, 169.46, 80.05, 21.47, 3.74, 120.69, null, 216, 'Poor'),
(96, 2, '2026-06-22 12:27:26+00', 207.95, 395.64, 45.65, 27.53, 2.95, 114.30, null, 367, 'Very Poor'),
(97, 2, '2026-06-22 00:27:26+00', 142.74, 230.19, 86.98, 13.97, 1.49, 77.65, null, 317, 'Very Poor'),
(98, 2, '2026-06-21 18:27:26+00', 171.66, 336.29, 29.51, 34.43, 1.06, 47.75, null, 339, 'Very Poor'),
(99, 2, '2026-06-21 12:27:26+00', 30.02, 54.44, 29.81, 49.93, 2.80, 62.18, null, 50, 'Satisfactory'),
(100, 2, '2026-06-21 00:27:26+00', 121.99, 153.10, 42.60, 58.88, 2.09, 108.84, null, 301, 'Very Poor');
INSERT INTO air_quality_data (id, station_id, timestamp, pm25, pm10, no2, so2, co, o3, nh3, aqi, aqi_category) VALUES 
(101, 2, '2026-06-20 18:27:26+00', 70.91, 100.55, 99.59, 45.17, 1.39, 57.23, null, 136, 'Moderate'),
(102, 2, '2026-06-20 12:27:26+00', 197.06, 253.26, 58.66, 21.40, 2.71, 138.89, null, 359, 'Very Poor'),
(103, 2, '2026-06-20 00:27:26+00', 242.86, 441.82, 97.75, 9.66, 1.87, 118.76, null, 394, 'Very Poor'),
(104, 2, '2026-06-19 18:27:26+00', 239.14, 296.91, 67.93, 45.43, 0.63, 127.14, null, 391, 'Very Poor'),
(105, 2, '2026-06-19 12:27:26+00', 151.79, 214.59, 19.34, 6.74, 3.75, 105.08, null, 324, 'Very Poor'),
(106, 2, '2026-06-19 00:27:26+00', 80.62, 156.16, 60.53, 27.05, 2.20, 56.69, null, 168, 'Moderate'),
(107, 2, '2026-06-18 18:27:26+00', 242.33, 469.13, 57.52, 27.58, 0.32, 70.94, null, 394, 'Very Poor'),
(108, 2, '2026-06-18 12:27:26+00', 169.56, 236.15, 52.13, 51.75, 1.12, 145.28, null, 338, 'Very Poor'),
(109, 2, '2026-06-18 00:27:26+00', 113.03, 176.05, 90.72, 46.17, 2.56, 106.56, null, 276, 'Poor'),
(110, 2, '2026-06-17 18:27:26+00', 90.98, 145.21, 98.69, 21.97, 1.73, 72.14, null, 203, 'Poor'),
(111, 2, '2026-06-17 12:27:26+00', 234.27, 337.65, 74.96, 50.39, 1.73, 128.85, null, 387, 'Very Poor'),
(112, 2, '2026-06-17 00:27:26+00', 84.10, 151.06, 59.57, 41.42, 1.52, 97.78, null, 180, 'Moderate'),
(113, 2, '2026-06-16 18:27:26+00', 122.37, 181.07, 58.66, 48.18, 3.84, 84.37, null, 301, 'Very Poor'),
(114, 2, '2026-06-16 12:27:26+00', 43.03, 65.66, 83.53, 23.78, 1.00, 101.43, null, 71, 'Satisfactory'),
(115, 2, '2026-06-16 00:27:26+00', 178.08, 313.02, 28.77, 16.54, 1.95, 47.15, null, 344, 'Very Poor'),
(116, 2, '2026-06-15 18:27:26+00', 108.34, 192.36, 16.70, 55.32, 3.90, 21.28, null, 261, 'Poor'),
(117, 2, '2026-06-15 12:27:26+00', 220.56, 347.11, 22.32, 38.83, 1.14, 25.32, null, 377, 'Very Poor'),
(118, 2, '2026-06-15 00:27:26+00', 93.79, 116.68, 22.41, 50.34, 1.57, 146.20, null, 212, 'Poor'),
(119, 2, '2026-06-14 18:27:26+00', 49.75, 84.45, 80.51, 41.71, 2.54, 120.37, null, 82, 'Satisfactory'),
(120, 2, '2026-06-14 12:27:26+00', 40.30, 58.98, 22.94, 26.35, 0.35, 66.27, null, 67, 'Satisfactory'),
(121, 2, '2026-06-14 00:27:26+00', 104.74, 151.38, 65.69, 27.95, 0.45, 148.59, null, 249, 'Poor'),
(122, 2, '2026-06-13 18:27:26+00', 241.99, 412.33, 26.37, 11.58, 3.05, 110.95, null, 393, 'Very Poor'),
(123, 2, '2026-06-13 12:27:26+00', 152.27, 212.79, 13.86, 50.25, 2.09, 142.93, null, 324, 'Very Poor'),
(124, 2, '2026-06-13 00:27:26+00', 100.11, 188.61, 70.04, 57.98, 1.26, 63.28, null, 233, 'Poor'),
(125, 2, '2026-06-12 18:27:26+00', 40.46, 50.83, 38.78, 35.02, 1.62, 66.11, null, 67, 'Satisfactory'),
(126, 2, '2026-06-12 12:27:26+00', 207.51, 414.78, 69.05, 13.30, 1.54, 83.16, null, 367, 'Very Poor'),
(127, 2, '2026-06-12 00:27:26+00', 249.37, 487.67, 42.15, 35.47, 3.99, 117.25, null, 399, 'Very Poor'),
(128, 2, '2026-06-11 18:27:26+00', 84.38, 117.73, 19.96, 52.15, 1.60, 60.50, null, 181, 'Moderate'),
(129, 2, '2026-06-11 12:27:26+00', 171.34, 249.75, 90.25, 35.48, 0.32, 135.92, null, 339, 'Very Poor'),
(130, 2, '2026-06-11 00:27:26+00', 87.16, 160.88, 80.06, 26.71, 1.46, 145.76, null, 190, 'Moderate'),
(131, 2, '2026-06-10 18:27:26+00', 245.56, 440.88, 52.49, 56.80, 3.65, 32.64, null, 396, 'Very Poor'),
(132, 2, '2026-06-10 12:27:26+00', 246.85, 370.11, 73.56, 5.25, 0.53, 71.89, null, 397, 'Very Poor'),
(133, 2, '2026-06-10 00:27:26+00', 161.35, 233.64, 21.97, 24.02, 1.18, 51.69, null, 331, 'Very Poor'),
(134, 2, '2026-06-09 18:27:26+00', 156.70, 260.41, 39.29, 53.28, 0.88, 145.04, null, 328, 'Very Poor'),
(135, 2, '2026-06-09 12:27:26+00', 197.89, 302.54, 34.64, 59.61, 1.69, 70.77, null, 359, 'Very Poor'),
(136, 2, '2026-06-09 00:27:26+00', 25.25, 30.89, 58.17, 12.95, 0.68, 59.89, null, 40, 'Good'),
(137, 2, '2026-06-08 18:27:26+00', 162.03, 224.12, 19.52, 37.35, 3.52, 62.85, null, 332, 'Very Poor'),
(138, 2, '2026-06-08 12:27:26+00', 145.28, 222.70, 78.76, 9.21, 1.98, 126.03, null, 319, 'Very Poor'),
(139, 2, '2026-06-08 00:27:26+00', 59.82, 74.34, 30.08, 18.41, 3.17, 98.92, null, 99, 'Satisfactory'),
(140, 2, '2026-06-07 18:27:26+00', 235.47, 294.06, 40.56, 39.41, 3.99, 125.51, null, 388, 'Very Poor'),
(141, 2, '2026-06-07 12:27:26+00', 174.80, 261.13, 89.25, 29.61, 3.68, 79.47, null, 342, 'Very Poor'),
(142, 2, '2026-06-07 00:27:26+00', 201.66, 308.01, 40.93, 32.01, 1.20, 49.89, null, 362, 'Very Poor'),
(143, 2, '2026-06-06 18:27:26+00', 143.26, 180.02, 65.21, 16.96, 0.82, 24.16, null, 317, 'Very Poor'),
(144, 2, '2026-06-06 12:27:26+00', 207.81, 318.81, 29.14, 43.17, 1.87, 76.57, null, 367, 'Very Poor'),
(145, 2, '2026-06-06 00:27:26+00', 141.02, 236.26, 46.08, 30.15, 3.89, 117.11, null, 316, 'Very Poor'),
(146, 2, '2026-06-05 18:27:26+00', 66.88, 105.59, 76.58, 36.12, 0.57, 53.66, null, 122, 'Moderate'),
(147, 2, '2026-06-05 12:27:26+00', 130.27, 160.94, 64.05, 49.61, 0.53, 23.51, null, 307, 'Very Poor'),
(148, 2, '2026-06-05 00:27:26+00', 188.53, 285.59, 98.77, 51.68, 2.80, 46.76, null, 352, 'Very Poor'),
(149, 2, '2026-06-04 18:27:26+00', 171.06, 252.37, 44.77, 54.56, 1.54, 145.13, null, 339, 'Very Poor'),
(150, 2, '2026-06-04 12:27:26+00', 216.83, 383.20, 96.56, 58.26, 2.37, 73.61, null, 374, 'Very Poor'),
(151, 2, '2026-06-04 00:27:26+00', 225.71, 434.97, 11.56, 27.28, 1.75, 111.61, null, 381, 'Very Poor'),
(152, 2, '2026-06-03 18:27:26+00', 36.46, 60.62, 24.49, 21.81, 3.55, 86.84, null, 60, 'Satisfactory'),
(153, 2, '2026-06-03 12:27:26+00', 239.27, 403.60, 86.39, 36.31, 3.12, 82.97, null, 391, 'Very Poor'),
(154, 2, '2026-06-03 00:27:26+00', 201.21, 313.61, 91.06, 32.07, 1.32, 62.12, null, 362, 'Very Poor'),
(155, 2, '2026-06-02 18:27:26+00', 126.88, 247.25, 43.33, 20.41, 0.49, 39.23, null, 305, 'Very Poor'),
(156, 2, '2026-06-02 12:27:26+00', 109.48, 144.22, 19.66, 34.32, 2.63, 62.28, null, 264, 'Poor'),
(157, 2, '2026-06-02 00:27:26+00', 45.29, 69.68, 96.16, 8.34, 1.25, 94.95, null, 75, 'Satisfactory'),
(158, 2, '2026-06-01 18:27:26+00', 246.15, 416.88, 35.54, 43.03, 1.89, 87.28, null, 397, 'Very Poor'),
(159, 2, '2026-06-01 12:27:26+00', 168.31, 317.09, 48.09, 6.79, 1.63, 104.82, null, 337, 'Very Poor'),
(160, 2, '2026-06-01 00:27:26+00', 229.11, 364.47, 97.32, 36.67, 2.52, 56.16, null, 384, 'Very Poor'),
(161, 2, '2026-05-31 18:27:26+00', 76.78, 96.23, 11.86, 12.13, 1.70, 140.70, null, 155, 'Moderate'),
(162, 2, '2026-05-31 12:27:26+00', 218.55, 408.67, 98.34, 29.40, 1.76, 124.41, null, 375, 'Very Poor'),
(163, 2, '2026-05-31 00:27:26+00', 99.74, 179.99, 99.63, 53.44, 2.28, 47.98, null, 232, 'Poor'),
(164, 2, '2026-05-30 18:27:26+00', 223.80, 343.90, 81.44, 47.49, 3.95, 81.83, null, 379, 'Very Poor'),
(165, 2, '2026-05-30 12:27:26+00', 104.54, 169.99, 11.68, 34.77, 0.54, 116.31, null, 248, 'Poor'),
(166, 2, '2026-05-30 00:27:26+00', 214.16, 336.23, 20.63, 49.78, 0.96, 137.84, null, 372, 'Very Poor'),
(167, 2, '2026-05-29 18:27:26+00', 143.62, 218.24, 26.27, 25.37, 1.89, 92.09, null, 318, 'Very Poor'),
(168, 2, '2026-05-29 12:27:26+00', 249.38, 445.30, 34.88, 34.21, 1.06, 90.72, null, 399, 'Very Poor'),
(169, 2, '2026-05-29 00:27:26+00', 158.04, 294.78, 45.07, 42.43, 0.39, 69.79, null, 329, 'Very Poor'),
(170, 2, '2026-05-28 18:27:26+00', 80.37, 126.68, 95.94, 34.77, 3.70, 137.24, null, 167, 'Moderate'),
(171, 2, '2026-05-28 12:27:26+00', 89.15, 149.32, 56.66, 39.99, 0.55, 125.21, null, 197, 'Moderate'),
(172, 2, '2026-05-28 00:27:26+00', 217.90, 303.97, 98.71, 40.89, 1.14, 129.19, null, 375, 'Very Poor'),
(173, 2, '2026-05-27 18:27:26+00', 48.51, 61.99, 38.57, 45.50, 3.92, 145.96, null, 80, 'Satisfactory'),
(174, 2, '2026-05-27 12:27:26+00', 212.64, 413.67, 35.49, 27.22, 2.14, 98.11, null, 371, 'Very Poor'),
(175, 2, '2026-05-27 00:27:26+00', 56.21, 76.56, 77.44, 51.54, 0.98, 59.80, null, 93, 'Satisfactory'),
(176, 2, '2026-05-26 18:27:26+00', 23.47, 33.69, 11.24, 12.17, 2.17, 89.13, null, 37, 'Good'),
(177, 2, '2026-05-26 12:27:26+00', 218.34, 265.80, 98.85, 28.28, 0.97, 55.07, null, 375, 'Very Poor'),
(178, 2, '2026-05-26 00:27:26+00', 162.32, 257.34, 41.38, 49.36, 2.68, 90.80, null, 332, 'Very Poor'),
(179, 2, '2026-05-25 18:27:26+00', 77.94, 141.74, 28.28, 9.00, 1.54, 132.24, null, 159, 'Moderate'),
(180, 2, '2026-05-25 12:27:26+00', 103.91, 158.15, 89.78, 52.46, 0.50, 138.90, null, 246, 'Poor'),
(181, 3, '2026-06-24 00:27:26+00', 196.87, 368.91, 22.14, 11.50, 2.25, 39.22, null, 359, 'Very Poor'),
(182, 3, '2026-06-23 18:27:26+00', 181.89, 221.75, 41.89, 11.85, 1.00, 72.25, null, 347, 'Very Poor'),
(183, 3, '2026-06-23 12:27:26+00', 54.87, 77.35, 49.21, 51.89, 1.79, 121.42, null, 91, 'Satisfactory'),
(184, 3, '2026-06-23 00:27:26+00', 186.90, 224.33, 94.58, 13.98, 1.95, 149.67, null, 351, 'Very Poor'),
(185, 3, '2026-06-22 18:27:26+00', 149.92, 268.46, 49.97, 13.36, 2.42, 26.52, null, 323, 'Very Poor'),
(186, 3, '2026-06-22 12:27:26+00', 197.02, 254.20, 19.83, 10.32, 2.90, 144.93, null, 359, 'Very Poor'),
(187, 3, '2026-06-22 00:27:26+00', 36.62, 45.30, 13.20, 37.48, 2.81, 90.62, null, 61, 'Satisfactory'),
(188, 3, '2026-06-21 18:27:26+00', 86.56, 125.31, 61.30, 13.93, 0.44, 74.46, null, 188, 'Moderate'),
(189, 3, '2026-06-21 12:27:26+00', 136.10, 202.68, 24.57, 33.18, 1.68, 97.29, null, 312, 'Very Poor'),
(190, 3, '2026-06-21 00:27:26+00', 129.31, 246.10, 18.20, 10.84, 0.85, 46.20, null, 307, 'Very Poor'),
(191, 3, '2026-06-20 18:27:26+00', 155.38, 234.92, 43.57, 6.91, 1.32, 76.50, null, 327, 'Very Poor'),
(192, 3, '2026-06-20 12:27:26+00', 49.05, 75.04, 69.50, 43.63, 2.87, 92.50, null, 81, 'Satisfactory'),
(193, 3, '2026-06-20 00:27:26+00', 51.17, 80.27, 43.04, 54.06, 2.38, 36.72, null, 85, 'Satisfactory'),
(194, 3, '2026-06-19 18:27:26+00', 105.03, 199.68, 21.51, 42.47, 0.90, 140.16, null, 250, 'Poor'),
(195, 3, '2026-06-19 12:27:26+00', 47.43, 82.39, 92.82, 30.33, 1.53, 59.23, null, 79, 'Satisfactory'),
(196, 3, '2026-06-19 00:27:26+00', 189.34, 252.55, 62.95, 12.99, 0.64, 107.91, null, 353, 'Very Poor'),
(197, 3, '2026-06-18 18:27:26+00', 91.82, 170.60, 42.61, 18.36, 3.62, 132.39, null, 206, 'Poor'),
(198, 3, '2026-06-18 12:27:26+00', 133.42, 222.65, 42.24, 55.80, 3.52, 128.49, null, 310, 'Very Poor'),
(199, 3, '2026-06-18 00:27:26+00', 24.57, 43.91, 30.81, 57.83, 3.28, 74.37, null, 39, 'Good'),
(200, 3, '2026-06-17 18:27:26+00', 176.94, 253.98, 30.03, 9.47, 1.21, 31.30, null, 343, 'Very Poor');
INSERT INTO air_quality_data (id, station_id, timestamp, pm25, pm10, no2, so2, co, o3, nh3, aqi, aqi_category) VALUES 
(201, 3, '2026-06-17 12:27:26+00', 218.00, 280.07, 69.98, 48.91, 2.58, 109.28, null, 375, 'Very Poor'),
(202, 3, '2026-06-17 00:27:26+00', 56.64, 74.75, 58.55, 33.73, 2.02, 113.38, null, 94, 'Satisfactory'),
(203, 3, '2026-06-16 18:27:26+00', 211.07, 352.79, 80.80, 56.80, 1.67, 100.18, null, 370, 'Very Poor'),
(204, 3, '2026-06-16 12:27:26+00', 246.58, 419.77, 31.01, 29.95, 2.81, 37.17, null, 397, 'Very Poor'),
(205, 3, '2026-06-16 00:27:26+00', 124.64, 241.70, 98.78, 8.29, 2.30, 98.02, null, 303, 'Very Poor'),
(206, 3, '2026-06-15 18:27:26+00', 85.14, 146.17, 61.00, 32.87, 3.83, 73.36, null, 183, 'Moderate'),
(207, 3, '2026-06-15 12:27:26+00', 108.94, 191.01, 67.14, 18.32, 2.74, 85.77, null, 263, 'Poor'),
(208, 3, '2026-06-15 00:27:26+00', 245.99, 398.61, 32.84, 20.32, 1.10, 47.30, null, 397, 'Very Poor'),
(209, 3, '2026-06-14 18:27:26+00', 76.30, 121.32, 12.27, 37.89, 2.66, 101.48, null, 154, 'Moderate'),
(210, 3, '2026-06-14 12:27:26+00', 69.42, 92.39, 20.32, 47.13, 2.08, 87.85, null, 131, 'Moderate'),
(211, 3, '2026-06-14 00:27:26+00', 182.71, 364.90, 80.23, 30.43, 0.72, 73.45, null, 348, 'Very Poor'),
(212, 3, '2026-06-13 18:27:26+00', 142.39, 234.41, 93.90, 54.24, 1.82, 78.03, null, 317, 'Very Poor'),
(213, 3, '2026-06-13 12:27:26+00', 94.61, 169.45, 58.55, 39.44, 3.27, 33.97, null, 215, 'Poor'),
(214, 3, '2026-06-13 00:27:26+00', 179.19, 342.40, 53.69, 54.74, 2.88, 21.27, null, 345, 'Very Poor'),
(215, 3, '2026-06-12 18:27:26+00', 45.55, 82.91, 66.83, 29.92, 1.74, 146.45, null, 75, 'Satisfactory'),
(216, 3, '2026-06-12 12:27:26+00', 189.50, 366.19, 43.73, 12.11, 2.49, 93.27, null, 353, 'Very Poor'),
(217, 3, '2026-06-12 00:27:26+00', 33.50, 66.51, 25.70, 21.46, 0.61, 30.73, null, 55, 'Satisfactory'),
(218, 3, '2026-06-11 18:27:26+00', 178.76, 346.47, 18.35, 38.98, 0.73, 52.71, null, 345, 'Very Poor'),
(219, 3, '2026-06-11 12:27:26+00', 232.26, 291.93, 26.71, 18.08, 0.56, 118.43, null, 386, 'Very Poor'),
(220, 3, '2026-06-11 00:27:26+00', 119.06, 212.97, 94.52, 39.03, 0.30, 134.05, null, 296, 'Poor'),
(221, 3, '2026-06-10 18:27:26+00', 32.46, 50.03, 67.20, 53.96, 3.58, 96.55, null, 54, 'Satisfactory'),
(222, 3, '2026-06-10 12:27:26+00', 171.07, 259.28, 84.08, 28.90, 1.93, 92.91, null, 339, 'Very Poor'),
(223, 3, '2026-06-10 00:27:26+00', 30.25, 47.27, 14.53, 43.95, 1.83, 146.12, null, 50, 'Satisfactory'),
(224, 3, '2026-06-09 18:27:26+00', 55.54, 105.27, 63.87, 43.86, 0.61, 119.60, null, 92, 'Satisfactory'),
(225, 3, '2026-06-09 12:27:26+00', 202.02, 385.90, 42.52, 16.08, 1.64, 103.32, null, 363, 'Very Poor'),
(226, 3, '2026-06-09 00:27:26+00', 106.33, 178.82, 57.24, 18.00, 2.19, 39.04, null, 254, 'Poor'),
(227, 3, '2026-06-08 18:27:26+00', 197.68, 376.69, 34.44, 5.61, 2.91, 62.38, null, 359, 'Very Poor'),
(228, 3, '2026-06-08 12:27:26+00', 34.13, 52.95, 47.80, 22.36, 1.22, 77.58, null, 56, 'Satisfactory'),
(229, 3, '2026-06-08 00:27:26+00', 145.83, 226.22, 76.51, 20.21, 1.14, 21.36, null, 319, 'Very Poor'),
(230, 3, '2026-06-07 18:27:26+00', 193.25, 355.67, 64.55, 14.97, 3.63, 66.13, null, 356, 'Very Poor'),
(231, 3, '2026-06-07 12:27:26+00', 197.80, 317.64, 10.74, 39.46, 1.78, 146.54, null, 359, 'Very Poor'),
(232, 3, '2026-06-07 00:27:26+00', 161.94, 306.99, 23.75, 15.10, 0.72, 60.56, null, 332, 'Very Poor'),
(233, 3, '2026-06-06 18:27:26+00', 76.43, 101.17, 86.29, 54.60, 2.80, 96.83, null, 154, 'Moderate'),
(234, 3, '2026-06-06 12:27:26+00', 39.33, 75.51, 12.46, 22.17, 2.22, 115.36, null, 65, 'Satisfactory'),
(235, 3, '2026-06-06 00:27:26+00', 22.33, 37.34, 45.17, 14.08, 2.19, 146.72, null, 35, 'Good'),
(236, 3, '2026-06-05 18:27:26+00', 89.34, 169.47, 94.37, 18.06, 1.32, 91.88, null, 197, 'Moderate'),
(237, 3, '2026-06-05 12:27:26+00', 53.07, 74.20, 47.65, 7.82, 2.05, 108.01, null, 88, 'Satisfactory'),
(238, 3, '2026-06-05 00:27:26+00', 107.84, 152.21, 67.21, 9.78, 1.46, 89.13, null, 259, 'Poor'),
(239, 3, '2026-06-04 18:27:26+00', 190.17, 329.13, 90.61, 16.25, 3.48, 45.11, null, 354, 'Very Poor'),
(240, 3, '2026-06-04 12:27:26+00', 152.06, 226.25, 63.65, 41.41, 3.40, 101.22, null, 324, 'Very Poor'),
(241, 3, '2026-06-04 00:27:26+00', 211.03, 381.73, 96.26, 23.28, 1.11, 114.56, null, 370, 'Very Poor'),
(242, 3, '2026-06-03 18:27:26+00', 103.45, 183.99, 41.03, 31.70, 0.49, 57.23, null, 244, 'Poor'),
(243, 3, '2026-06-03 12:27:26+00', 27.08, 42.33, 68.89, 36.38, 2.93, 22.54, null, 43, 'Good'),
(244, 3, '2026-06-03 00:27:26+00', 226.09, 350.36, 61.87, 35.38, 0.56, 148.33, null, 381, 'Very Poor'),
(245, 3, '2026-06-02 18:27:26+00', 198.55, 268.43, 10.75, 30.45, 3.07, 123.29, null, 360, 'Very Poor'),
(246, 3, '2026-06-02 12:27:26+00', 198.54, 324.96, 17.30, 58.86, 2.79, 131.42, null, 360, 'Very Poor'),
(247, 3, '2026-06-02 00:27:26+00', 132.91, 176.21, 40.35, 34.83, 0.93, 29.85, null, 309, 'Very Poor'),
(248, 3, '2026-06-01 18:27:26+00', 200.75, 361.97, 51.15, 20.41, 3.69, 149.37, null, 362, 'Very Poor'),
(249, 3, '2026-06-01 12:27:26+00', 101.64, 140.83, 30.47, 47.16, 2.36, 112.27, null, 238, 'Poor'),
(250, 3, '2026-06-01 00:27:26+00', 142.28, 213.99, 30.52, 24.26, 3.05, 110.95, null, 317, 'Very Poor'),
(251, 3, '2026-05-31 18:27:26+00', 106.58, 197.47, 84.45, 55.56, 2.20, 102.94, null, 255, 'Poor'),
(252, 3, '2026-05-31 12:27:26+00', 199.05, 264.44, 13.71, 16.63, 1.32, 141.39, null, 360, 'Very Poor'),
(253, 3, '2026-05-31 00:27:26+00', 179.99, 316.99, 71.74, 51.44, 0.81, 85.55, null, 346, 'Very Poor'),
(254, 3, '2026-05-30 18:27:26+00', 114.18, 138.55, 90.83, 23.44, 2.94, 44.05, null, 280, 'Poor'),
(255, 3, '2026-05-30 12:27:26+00', 129.50, 197.54, 22.71, 18.51, 1.19, 52.68, null, 307, 'Very Poor'),
(256, 3, '2026-05-30 00:27:26+00', 77.75, 104.55, 78.32, 49.00, 1.36, 56.79, null, 159, 'Moderate'),
(257, 3, '2026-05-29 18:27:26+00', 177.25, 314.18, 27.28, 22.81, 3.85, 60.47, null, 344, 'Very Poor'),
(258, 3, '2026-05-29 12:27:26+00', 179.20, 220.93, 82.74, 22.59, 3.35, 79.28, null, 345, 'Very Poor'),
(259, 3, '2026-05-29 00:27:26+00', 21.23, 36.32, 10.72, 6.66, 1.02, 87.69, null, 33, 'Good'),
(260, 3, '2026-05-28 18:27:26+00', 92.42, 133.00, 16.39, 16.87, 3.25, 25.03, null, 208, 'Poor'),
(261, 3, '2026-05-28 12:27:26+00', 165.79, 293.83, 43.03, 32.12, 2.00, 22.28, null, 335, 'Very Poor'),
(262, 3, '2026-05-28 00:27:26+00', 219.69, 420.59, 49.63, 48.32, 3.97, 51.70, null, 376, 'Very Poor'),
(263, 3, '2026-05-27 18:27:26+00', 183.10, 258.67, 36.03, 58.00, 3.48, 60.36, null, 348, 'Very Poor'),
(264, 3, '2026-05-27 12:27:26+00', 235.13, 359.29, 64.07, 36.39, 2.68, 31.84, null, 388, 'Very Poor'),
(265, 3, '2026-05-27 00:27:26+00', 137.96, 259.43, 65.76, 39.41, 2.88, 120.51, null, 313, 'Very Poor'),
(266, 3, '2026-05-26 18:27:26+00', 103.65, 134.61, 80.71, 39.38, 3.38, 37.95, null, 245, 'Poor'),
(267, 3, '2026-05-26 12:27:26+00', 108.08, 163.94, 70.57, 30.72, 3.10, 96.75, null, 260, 'Poor'),
(268, 3, '2026-05-26 00:27:26+00', 216.13, 408.66, 70.78, 28.94, 1.55, 130.42, null, 374, 'Very Poor'),
(269, 3, '2026-05-25 18:27:26+00', 145.52, 286.19, 62.21, 22.50, 1.78, 86.04, null, 319, 'Very Poor'),
(270, 3, '2026-05-25 12:27:26+00', 72.04, 95.89, 10.40, 57.39, 3.46, 142.61, null, 140, 'Moderate'),
(271, 4, '2026-06-24 00:27:26+00', 233.91, 352.05, 28.71, 8.08, 0.85, 123.55, null, 387, 'Very Poor'),
(272, 4, '2026-06-23 18:27:26+00', 129.67, 244.19, 70.53, 56.34, 1.90, 148.11, null, 307, 'Very Poor'),
(273, 4, '2026-06-23 12:27:26+00', 133.29, 241.31, 16.85, 27.53, 0.34, 40.95, null, 310, 'Very Poor'),
(274, 4, '2026-06-23 00:27:26+00', 119.46, 201.93, 37.08, 35.48, 3.62, 29.80, null, 298, 'Poor'),
(275, 4, '2026-06-22 18:27:26+00', 186.24, 354.01, 97.26, 31.27, 0.73, 22.38, null, 351, 'Very Poor'),
(276, 4, '2026-06-22 12:27:26+00', 145.00, 263.06, 68.48, 38.87, 3.22, 125.01, null, 319, 'Very Poor'),
(277, 4, '2026-06-22 00:27:26+00', 112.22, 142.47, 22.05, 10.10, 1.17, 126.12, null, 273, 'Poor'),
(278, 4, '2026-06-21 18:27:26+00', 208.31, 391.11, 13.31, 6.07, 1.61, 90.35, null, 367, 'Very Poor'),
(279, 4, '2026-06-21 12:27:26+00', 241.26, 296.27, 86.70, 49.58, 3.96, 40.03, null, 393, 'Very Poor'),
(280, 4, '2026-06-21 00:27:26+00', 71.55, 90.86, 80.62, 36.45, 0.38, 133.55, null, 138, 'Moderate'),
(281, 4, '2026-06-20 18:27:26+00', 188.66, 289.07, 85.04, 53.01, 2.40, 25.76, null, 352, 'Very Poor'),
(282, 4, '2026-06-20 12:27:26+00', 122.13, 221.38, 21.18, 20.61, 1.92, 135.69, null, 301, 'Very Poor'),
(283, 4, '2026-06-20 00:27:26+00', 95.20, 143.52, 26.48, 27.72, 2.92, 110.52, null, 217, 'Poor'),
(284, 4, '2026-06-19 18:27:26+00', 35.76, 64.90, 73.17, 28.88, 0.49, 24.51, null, 59, 'Satisfactory'),
(285, 4, '2026-06-19 12:27:26+00', 165.98, 328.58, 76.08, 52.89, 3.43, 107.52, null, 335, 'Very Poor'),
(286, 4, '2026-06-19 00:27:26+00', 199.57, 356.87, 46.97, 50.17, 0.54, 64.95, null, 361, 'Very Poor'),
(287, 4, '2026-06-18 18:27:26+00', 236.61, 419.80, 18.16, 46.89, 0.93, 94.89, null, 389, 'Very Poor'),
(288, 4, '2026-06-18 12:27:26+00', 85.44, 139.99, 75.95, 19.47, 2.88, 28.49, null, 184, 'Moderate'),
(289, 4, '2026-06-18 00:27:26+00', 30.79, 57.28, 88.58, 52.81, 3.02, 73.36, null, 51, 'Satisfactory'),
(290, 4, '2026-06-17 18:27:26+00', 158.13, 262.61, 35.46, 40.89, 1.97, 83.44, null, 329, 'Very Poor'),
(291, 4, '2026-06-17 12:27:26+00', 196.20, 329.41, 17.34, 22.79, 3.06, 47.55, null, 358, 'Very Poor'),
(292, 4, '2026-06-17 00:27:26+00', 133.06, 251.33, 91.50, 41.94, 1.05, 35.57, null, 310, 'Very Poor'),
(293, 4, '2026-06-16 18:27:26+00', 102.59, 143.00, 59.00, 52.34, 2.67, 134.35, null, 241, 'Poor'),
(294, 4, '2026-06-16 12:27:26+00', 115.05, 182.65, 29.75, 21.69, 2.27, 36.60, null, 283, 'Poor'),
(295, 4, '2026-06-16 00:27:26+00', 151.63, 190.62, 73.55, 28.04, 2.23, 58.06, null, 324, 'Very Poor'),
(296, 4, '2026-06-15 18:27:26+00', 111.91, 159.04, 30.00, 10.45, 3.00, 89.01, null, 272, 'Poor'),
(297, 4, '2026-06-15 12:27:26+00', 191.03, 333.10, 43.52, 41.44, 1.45, 149.76, null, 354, 'Very Poor'),
(298, 4, '2026-06-15 00:27:26+00', 124.27, 181.11, 59.06, 38.14, 1.82, 99.53, null, 303, 'Very Poor'),
(299, 4, '2026-06-14 18:27:26+00', 105.82, 176.95, 19.24, 22.19, 1.83, 87.18, null, 252, 'Poor'),
(300, 4, '2026-06-14 12:27:26+00', 44.40, 87.78, 37.15, 42.14, 0.42, 47.30, null, 74, 'Satisfactory');
INSERT INTO air_quality_data (id, station_id, timestamp, pm25, pm10, no2, so2, co, o3, nh3, aqi, aqi_category) VALUES 
(301, 4, '2026-06-14 00:27:26+00', 247.77, 452.47, 33.43, 27.84, 0.49, 31.90, null, 398, 'Very Poor'),
(302, 4, '2026-06-13 18:27:26+00', 216.03, 297.34, 91.16, 29.53, 3.64, 88.19, null, 373, 'Very Poor'),
(303, 4, '2026-06-13 12:27:26+00', 164.42, 323.35, 82.13, 41.12, 1.56, 135.51, null, 334, 'Very Poor'),
(304, 4, '2026-06-13 00:27:26+00', 239.23, 319.94, 89.73, 52.56, 3.46, 55.68, null, 391, 'Very Poor'),
(305, 4, '2026-06-12 18:27:26+00', 188.90, 324.11, 79.42, 30.11, 0.44, 21.34, null, 353, 'Very Poor'),
(306, 4, '2026-06-12 12:27:26+00', 116.23, 187.04, 44.54, 25.08, 1.64, 144.24, null, 287, 'Poor'),
(307, 4, '2026-06-12 00:27:26+00', 85.41, 120.52, 32.44, 5.16, 0.95, 78.98, null, 184, 'Moderate'),
(308, 4, '2026-06-11 18:27:26+00', 21.58, 31.16, 14.55, 22.97, 1.34, 98.74, null, 34, 'Good'),
(309, 4, '2026-06-11 12:27:26+00', 235.61, 446.80, 49.19, 32.02, 3.04, 105.62, null, 389, 'Very Poor'),
(310, 4, '2026-06-11 00:27:26+00', 151.70, 251.89, 45.07, 21.56, 3.48, 122.48, null, 324, 'Very Poor'),
(311, 4, '2026-06-10 18:27:26+00', 36.65, 61.11, 90.63, 7.78, 1.18, 109.21, null, 61, 'Satisfactory'),
(312, 4, '2026-06-10 12:27:26+00', 103.34, 134.41, 41.89, 42.34, 1.82, 67.03, null, 244, 'Poor'),
(313, 4, '2026-06-10 00:27:26+00', 40.39, 60.13, 47.97, 5.98, 1.75, 49.57, null, 67, 'Satisfactory'),
(314, 4, '2026-06-09 18:27:26+00', 167.99, 330.85, 12.42, 48.55, 1.89, 109.87, null, 336, 'Very Poor'),
(315, 4, '2026-06-09 12:27:26+00', 129.43, 160.52, 38.78, 41.65, 3.64, 82.99, null, 307, 'Very Poor'),
(316, 4, '2026-06-09 00:27:26+00', 81.80, 142.75, 27.36, 47.96, 2.56, 33.14, null, 172, 'Moderate'),
(317, 4, '2026-06-08 18:27:26+00', 163.67, 208.21, 82.75, 19.13, 3.06, 80.51, null, 333, 'Very Poor'),
(318, 4, '2026-06-08 12:27:26+00', 99.79, 143.03, 79.05, 28.53, 2.16, 37.66, null, 232, 'Poor'),
(319, 4, '2026-06-08 00:27:26+00', 35.72, 43.94, 96.65, 12.17, 1.03, 121.95, null, 59, 'Satisfactory'),
(320, 4, '2026-06-07 18:27:26+00', 30.47, 37.75, 41.84, 20.07, 1.82, 131.62, null, 50, 'Satisfactory'),
(321, 4, '2026-06-07 12:27:26+00', 60.03, 76.03, 44.21, 15.60, 1.28, 22.52, null, 100, 'Moderate'),
(322, 4, '2026-06-07 00:27:26+00', 143.30, 259.92, 76.20, 9.39, 0.68, 91.71, null, 317, 'Very Poor'),
(323, 4, '2026-06-06 18:27:26+00', 78.68, 116.58, 81.40, 37.38, 3.44, 54.93, null, 162, 'Moderate'),
(324, 4, '2026-06-06 12:27:26+00', 20.85, 37.26, 30.71, 34.91, 1.60, 69.61, null, 33, 'Good'),
(325, 4, '2026-06-06 00:27:26+00', 222.43, 374.70, 37.80, 29.79, 0.51, 148.06, null, 378, 'Very Poor'),
(326, 4, '2026-06-05 18:27:26+00', 114.38, 209.60, 88.84, 37.30, 1.36, 77.64, null, 281, 'Poor'),
(327, 4, '2026-06-05 12:27:26+00', 203.36, 295.58, 79.76, 37.10, 0.73, 38.25, null, 364, 'Very Poor'),
(328, 4, '2026-06-05 00:27:26+00', 60.14, 109.75, 78.15, 14.47, 2.35, 92.71, null, 100, 'Moderate'),
(329, 4, '2026-06-04 18:27:26+00', 69.25, 94.04, 45.74, 51.58, 1.41, 89.14, null, 130, 'Moderate'),
(330, 4, '2026-06-04 12:27:26+00', 113.99, 182.45, 95.88, 30.20, 2.06, 62.69, null, 279, 'Poor'),
(331, 4, '2026-06-04 00:27:26+00', 191.93, 231.56, 68.20, 35.82, 3.63, 61.23, null, 355, 'Very Poor'),
(332, 4, '2026-06-03 18:27:26+00', 248.40, 356.64, 85.30, 40.19, 0.40, 43.41, null, 398, 'Very Poor'),
(333, 4, '2026-06-03 12:27:26+00', 25.60, 36.20, 67.89, 48.59, 3.66, 57.69, null, 40, 'Good'),
(334, 4, '2026-06-03 00:27:26+00', 87.83, 126.46, 75.58, 15.23, 2.50, 97.67, null, 192, 'Moderate'),
(335, 4, '2026-06-02 18:27:26+00', 43.76, 85.33, 66.72, 5.51, 3.54, 76.05, null, 72, 'Satisfactory'),
(336, 4, '2026-06-02 12:27:26+00', 158.96, 308.21, 75.30, 43.19, 0.32, 35.67, null, 329, 'Very Poor'),
(337, 4, '2026-06-02 00:27:26+00', 226.88, 288.07, 54.09, 27.81, 0.76, 37.75, null, 382, 'Very Poor'),
(338, 4, '2026-06-01 18:27:26+00', 245.28, 457.99, 53.22, 35.13, 3.82, 135.57, null, 396, 'Very Poor'),
(339, 4, '2026-06-01 12:27:26+00', 215.08, 339.34, 42.99, 48.90, 2.52, 120.82, null, 373, 'Very Poor'),
(340, 4, '2026-06-01 00:27:26+00', 185.69, 283.89, 97.53, 27.38, 2.31, 107.13, null, 350, 'Very Poor'),
(341, 4, '2026-05-31 18:27:26+00', 216.16, 372.11, 67.26, 43.27, 1.63, 133.71, null, 374, 'Very Poor'),
(342, 4, '2026-05-31 12:27:26+00', 46.23, 87.27, 93.34, 37.43, 1.77, 102.83, null, 77, 'Satisfactory'),
(343, 4, '2026-05-31 00:27:26+00', 27.75, 54.76, 27.09, 11.37, 1.83, 63.38, null, 44, 'Good'),
(344, 4, '2026-05-30 18:27:26+00', 163.85, 217.29, 10.47, 29.80, 0.40, 130.58, null, 333, 'Very Poor'),
(345, 4, '2026-05-30 12:27:26+00', 105.87, 198.00, 76.21, 51.95, 2.98, 72.76, null, 252, 'Poor'),
(346, 4, '2026-05-30 00:27:26+00', 175.53, 222.39, 24.13, 8.27, 2.12, 140.89, null, 342, 'Very Poor'),
(347, 4, '2026-05-29 18:27:26+00', 104.73, 170.47, 85.46, 22.57, 3.74, 91.76, null, 249, 'Poor'),
(348, 4, '2026-05-29 12:27:26+00', 60.62, 114.66, 40.24, 5.99, 0.53, 86.23, null, 102, 'Moderate'),
(349, 4, '2026-05-29 00:27:26+00', 24.80, 40.84, 64.47, 27.14, 1.38, 128.85, null, 39, 'Good'),
(350, 4, '2026-05-28 18:27:26+00', 50.52, 66.95, 69.67, 33.80, 1.01, 92.98, null, 84, 'Satisfactory'),
(351, 4, '2026-05-28 12:27:26+00', 146.79, 207.56, 77.27, 57.59, 3.21, 110.81, null, 320, 'Very Poor'),
(352, 4, '2026-05-28 00:27:26+00', 183.28, 278.37, 18.91, 51.83, 3.06, 35.44, null, 348, 'Very Poor'),
(353, 4, '2026-05-27 18:27:26+00', 98.82, 131.46, 35.28, 10.24, 2.72, 30.55, null, 229, 'Poor'),
(354, 4, '2026-05-27 12:27:26+00', 63.88, 122.57, 29.10, 54.04, 0.72, 34.47, null, 112, 'Moderate'),
(355, 4, '2026-05-27 00:27:26+00', 87.05, 168.66, 35.77, 59.84, 2.28, 120.00, null, 190, 'Moderate'),
(356, 4, '2026-05-26 18:27:26+00', 92.14, 126.87, 13.33, 11.07, 3.63, 142.86, null, 207, 'Poor'),
(357, 4, '2026-05-26 12:27:26+00', 209.99, 371.02, 37.43, 31.15, 2.86, 107.15, null, 369, 'Very Poor'),
(358, 4, '2026-05-26 00:27:26+00', 173.88, 233.19, 88.70, 26.73, 2.78, 69.53, null, 341, 'Very Poor'),
(359, 4, '2026-05-25 18:27:26+00', 138.55, 183.99, 44.12, 49.26, 3.37, 29.65, null, 314, 'Very Poor'),
(360, 4, '2026-05-25 12:27:26+00', 189.40, 322.72, 32.60, 21.17, 1.89, 143.63, null, 353, 'Very Poor'),
(361, 5, '2026-06-24 00:27:26+00', 135.49, 224.07, 60.02, 44.14, 3.17, 34.33, null, 311, 'Very Poor'),
(362, 5, '2026-06-23 18:27:26+00', 171.70, 255.47, 21.78, 11.01, 1.77, 86.23, null, 339, 'Very Poor'),
(363, 5, '2026-06-23 12:27:26+00', 35.80, 57.38, 27.20, 52.42, 1.12, 23.03, null, 59, 'Satisfactory'),
(364, 5, '2026-06-23 00:27:26+00', 38.00, 73.49, 25.69, 18.43, 1.23, 24.95, null, 63, 'Satisfactory'),
(365, 5, '2026-06-22 18:27:26+00', 46.04, 72.10, 42.09, 56.97, 1.22, 108.26, null, 76, 'Satisfactory'),
(366, 5, '2026-06-22 12:27:26+00', 85.23, 137.45, 33.82, 54.07, 3.78, 98.56, null, 184, 'Moderate'),
(367, 5, '2026-06-22 00:27:26+00', 182.04, 221.82, 17.79, 15.88, 2.65, 131.03, null, 347, 'Very Poor'),
(368, 5, '2026-06-21 18:27:26+00', 235.12, 408.58, 77.63, 27.28, 1.05, 122.62, null, 388, 'Very Poor'),
(369, 5, '2026-06-21 12:27:26+00', 122.83, 175.17, 45.94, 34.15, 1.84, 83.78, null, 302, 'Very Poor'),
(370, 5, '2026-06-21 00:27:26+00', 87.71, 109.90, 94.68, 17.26, 1.77, 50.01, null, 192, 'Moderate'),
(371, 5, '2026-06-20 18:27:26+00', 92.94, 116.57, 69.27, 29.66, 0.66, 49.17, null, 209, 'Poor'),
(372, 5, '2026-06-20 12:27:26+00', 177.46, 340.04, 60.65, 29.12, 2.57, 140.41, null, 344, 'Very Poor'),
(373, 5, '2026-06-20 00:27:26+00', 217.68, 286.30, 79.01, 20.61, 1.19, 137.51, null, 375, 'Very Poor'),
(374, 5, '2026-06-19 18:27:26+00', 237.52, 427.23, 98.20, 33.13, 3.46, 121.71, null, 390, 'Very Poor'),
(375, 5, '2026-06-19 12:27:26+00', 74.68, 90.30, 41.40, 16.54, 3.57, 49.97, null, 148, 'Moderate'),
(376, 5, '2026-06-19 00:27:26+00', 153.12, 208.48, 92.94, 55.75, 0.93, 68.16, null, 325, 'Very Poor'),
(377, 5, '2026-06-18 18:27:26+00', 146.49, 209.08, 26.14, 16.29, 3.20, 29.14, null, 320, 'Very Poor'),
(378, 5, '2026-06-18 12:27:26+00', 111.10, 188.83, 77.08, 58.85, 0.63, 76.06, null, 270, 'Poor'),
(379, 5, '2026-06-18 00:27:26+00', 40.41, 57.11, 19.41, 41.11, 2.97, 36.27, null, 67, 'Satisfactory'),
(380, 5, '2026-06-17 18:27:26+00', 111.97, 142.51, 42.23, 16.23, 0.61, 133.36, null, 273, 'Poor'),
(381, 5, '2026-06-17 12:27:26+00', 203.72, 322.98, 84.12, 52.37, 3.88, 56.43, null, 364, 'Very Poor'),
(382, 5, '2026-06-17 00:27:26+00', 73.01, 104.00, 13.62, 6.02, 1.75, 42.82, null, 143, 'Moderate'),
(383, 5, '2026-06-16 18:27:26+00', 241.02, 406.49, 60.19, 6.29, 2.31, 121.35, null, 393, 'Very Poor'),
(384, 5, '2026-06-16 12:27:26+00', 150.33, 284.27, 67.32, 38.33, 0.92, 74.58, null, 323, 'Very Poor'),
(385, 5, '2026-06-16 00:27:26+00', 98.29, 148.40, 37.36, 44.48, 3.07, 32.45, null, 227, 'Poor'),
(386, 5, '2026-06-15 18:27:26+00', 183.55, 353.96, 41.50, 10.10, 0.91, 35.95, null, 348, 'Very Poor'),
(387, 5, '2026-06-15 12:27:26+00', 134.50, 235.88, 73.92, 36.10, 3.63, 118.17, null, 311, 'Very Poor'),
(388, 5, '2026-06-15 00:27:26+00', 218.17, 396.12, 17.42, 35.44, 1.92, 20.92, null, 375, 'Very Poor'),
(389, 5, '2026-06-14 18:27:26+00', 50.36, 78.63, 17.27, 39.05, 1.85, 118.57, null, 83, 'Satisfactory'),
(390, 5, '2026-06-14 12:27:26+00', 157.26, 248.02, 92.47, 55.40, 3.91, 81.74, null, 328, 'Very Poor'),
(391, 5, '2026-06-14 00:27:26+00', 176.12, 276.42, 19.00, 22.72, 1.69, 67.44, null, 343, 'Very Poor'),
(392, 5, '2026-06-13 18:27:26+00', 120.07, 162.08, 39.87, 12.39, 3.47, 85.93, null, 300, 'Very Poor'),
(393, 5, '2026-06-13 12:27:26+00', 225.16, 342.28, 54.44, 27.88, 2.73, 62.81, null, 380, 'Very Poor'),
(394, 5, '2026-06-13 00:27:26+00', 113.73, 223.51, 90.27, 14.42, 0.86, 61.07, null, 279, 'Poor'),
(395, 5, '2026-06-12 18:27:26+00', 207.91, 342.08, 91.82, 48.69, 3.11, 71.36, null, 367, 'Very Poor'),
(396, 5, '2026-06-12 12:27:26+00', 32.16, 55.34, 46.24, 34.55, 2.49, 75.42, null, 53, 'Satisfactory'),
(397, 5, '2026-06-12 00:27:26+00', 64.80, 114.06, 76.14, 54.83, 2.97, 60.89, null, 115, 'Moderate'),
(398, 5, '2026-06-11 18:27:26+00', 128.21, 186.59, 23.00, 10.72, 1.47, 58.13, null, 306, 'Very Poor'),
(399, 5, '2026-06-11 12:27:26+00', 67.94, 103.25, 72.80, 29.53, 1.76, 31.84, null, 126, 'Moderate'),
(400, 5, '2026-06-11 00:27:26+00', 60.02, 85.32, 85.06, 5.61, 0.43, 149.42, null, 100, 'Moderate');
INSERT INTO air_quality_data (id, station_id, timestamp, pm25, pm10, no2, so2, co, o3, nh3, aqi, aqi_category) VALUES 
(401, 5, '2026-06-10 18:27:26+00', 160.62, 225.58, 97.89, 32.70, 0.68, 84.26, null, 331, 'Very Poor'),
(402, 5, '2026-06-10 12:27:26+00', 121.31, 205.50, 66.63, 22.54, 2.26, 59.48, null, 301, 'Very Poor'),
(403, 5, '2026-06-10 00:27:26+00', 193.76, 297.60, 62.96, 50.51, 2.12, 58.07, null, 356, 'Very Poor'),
(404, 5, '2026-06-09 18:27:26+00', 146.57, 287.65, 78.06, 57.34, 2.46, 86.04, null, 320, 'Very Poor'),
(405, 5, '2026-06-09 12:27:26+00', 61.87, 103.18, 77.35, 18.51, 3.91, 110.05, null, 106, 'Moderate'),
(406, 5, '2026-06-09 00:27:26+00', 24.37, 48.10, 93.61, 25.51, 2.46, 134.08, null, 38, 'Good'),
(407, 5, '2026-06-08 18:27:26+00', 246.87, 335.00, 95.32, 32.45, 3.92, 98.40, null, 397, 'Very Poor'),
(408, 5, '2026-06-08 12:27:26+00', 42.21, 58.53, 16.91, 55.25, 3.28, 116.76, null, 70, 'Satisfactory'),
(409, 5, '2026-06-08 00:27:26+00', 160.81, 245.27, 41.04, 32.59, 3.25, 111.30, null, 331, 'Very Poor'),
(410, 5, '2026-06-07 18:27:26+00', 80.21, 128.20, 87.02, 22.46, 0.89, 90.28, null, 167, 'Moderate'),
(411, 5, '2026-06-07 12:27:26+00', 43.06, 61.69, 76.58, 39.55, 1.66, 131.42, null, 71, 'Satisfactory'),
(412, 5, '2026-06-07 00:27:26+00', 239.01, 397.80, 48.57, 14.17, 2.60, 80.87, null, 391, 'Very Poor'),
(413, 5, '2026-06-06 18:27:26+00', 217.74, 327.37, 13.51, 6.56, 2.18, 21.72, null, 375, 'Very Poor'),
(414, 5, '2026-06-06 12:27:26+00', 140.04, 265.00, 59.39, 40.73, 0.97, 121.55, null, 315, 'Very Poor'),
(415, 5, '2026-06-06 00:27:26+00', 115.52, 221.57, 50.57, 21.94, 0.84, 77.45, null, 284, 'Poor'),
(416, 5, '2026-06-05 18:27:26+00', 148.60, 179.83, 36.80, 58.80, 3.00, 87.28, null, 322, 'Very Poor'),
(417, 5, '2026-06-05 12:27:26+00', 91.66, 111.11, 19.97, 19.94, 1.61, 90.65, null, 205, 'Poor'),
(418, 5, '2026-06-05 00:27:26+00', 182.90, 364.32, 26.81, 29.58, 1.19, 113.04, null, 348, 'Very Poor'),
(419, 5, '2026-06-04 18:27:26+00', 181.54, 321.21, 83.47, 48.67, 2.87, 123.91, null, 347, 'Very Poor'),
(420, 5, '2026-06-04 12:27:26+00', 65.87, 130.99, 68.29, 7.75, 1.71, 127.71, null, 119, 'Moderate'),
(421, 5, '2026-06-04 00:27:26+00', 241.51, 457.01, 99.85, 27.00, 0.70, 107.76, null, 393, 'Very Poor'),
(422, 5, '2026-06-03 18:27:26+00', 225.04, 400.59, 16.96, 8.30, 2.13, 91.84, null, 380, 'Very Poor'),
(423, 5, '2026-06-03 12:27:26+00', 181.09, 243.49, 19.28, 39.48, 0.30, 66.37, null, 347, 'Very Poor'),
(424, 5, '2026-06-03 00:27:26+00', 40.00, 50.37, 95.15, 45.17, 3.11, 116.24, null, 66, 'Satisfactory'),
(425, 5, '2026-06-02 18:27:26+00', 102.37, 174.83, 54.44, 52.93, 3.44, 55.89, null, 241, 'Poor'),
(426, 5, '2026-06-02 12:27:26+00', 35.27, 64.62, 57.85, 10.11, 1.79, 107.47, null, 58, 'Satisfactory'),
(427, 5, '2026-06-02 00:27:26+00', 88.55, 157.41, 49.38, 22.23, 3.99, 106.22, null, 195, 'Moderate'),
(428, 5, '2026-06-01 18:27:26+00', 121.99, 221.86, 18.83, 41.01, 3.99, 63.50, null, 301, 'Very Poor'),
(429, 5, '2026-06-01 12:27:26+00', 128.67, 177.22, 47.73, 55.45, 3.93, 98.89, null, 306, 'Very Poor'),
(430, 5, '2026-06-01 00:27:26+00', 197.93, 262.61, 62.12, 52.77, 0.76, 95.58, null, 360, 'Very Poor'),
(431, 5, '2026-05-31 18:27:26+00', 126.11, 230.66, 70.02, 30.00, 3.16, 145.03, null, 304, 'Very Poor'),
(432, 5, '2026-05-31 12:27:26+00', 152.09, 234.69, 96.07, 31.70, 0.57, 46.13, null, 324, 'Very Poor'),
(433, 5, '2026-05-31 00:27:26+00', 50.23, 73.48, 76.09, 9.77, 4.00, 100.04, null, 83, 'Satisfactory'),
(434, 5, '2026-05-30 18:27:26+00', 112.07, 141.05, 22.97, 24.23, 0.56, 130.44, null, 273, 'Poor'),
(435, 5, '2026-05-30 12:27:26+00', 242.64, 448.14, 45.74, 31.34, 3.99, 79.15, null, 394, 'Very Poor'),
(436, 5, '2026-05-30 00:27:26+00', 73.38, 94.80, 26.18, 57.08, 1.02, 66.74, null, 144, 'Moderate'),
(437, 5, '2026-05-29 18:27:26+00', 186.99, 329.79, 21.66, 39.58, 1.18, 24.96, null, 351, 'Very Poor'),
(438, 5, '2026-05-29 12:27:26+00', 56.17, 88.65, 59.30, 50.15, 0.92, 40.05, null, 93, 'Satisfactory'),
(439, 5, '2026-05-29 00:27:26+00', 147.96, 227.87, 62.63, 42.50, 3.52, 77.53, null, 321, 'Very Poor'),
(440, 5, '2026-05-28 18:27:26+00', 179.65, 359.06, 46.57, 42.15, 1.39, 108.89, null, 345, 'Very Poor'),
(441, 5, '2026-05-28 12:27:26+00', 197.88, 384.95, 39.83, 17.37, 2.25, 50.51, null, 359, 'Very Poor'),
(442, 5, '2026-05-28 00:27:26+00', 105.98, 154.79, 82.46, 24.41, 2.92, 131.34, null, 253, 'Poor'),
(443, 5, '2026-05-27 18:27:26+00', 61.93, 122.23, 72.87, 15.10, 2.14, 67.39, null, 106, 'Moderate'),
(444, 5, '2026-05-27 12:27:26+00', 239.96, 295.92, 34.03, 51.11, 3.56, 70.82, null, 392, 'Very Poor'),
(445, 5, '2026-05-27 00:27:26+00', 125.49, 152.77, 11.91, 54.51, 3.41, 78.54, null, 304, 'Very Poor'),
(446, 5, '2026-05-26 18:27:26+00', 24.96, 34.37, 67.57, 34.70, 0.69, 56.80, null, 39, 'Good'),
(447, 5, '2026-05-26 12:27:26+00', 119.17, 154.49, 68.25, 49.79, 3.03, 129.23, null, 297, 'Poor'),
(448, 5, '2026-05-26 00:27:26+00', 70.32, 134.02, 60.15, 22.74, 2.44, 53.42, null, 134, 'Moderate'),
(449, 5, '2026-05-25 18:27:26+00', 138.45, 172.56, 13.93, 42.70, 2.99, 49.90, null, 314, 'Very Poor'),
(450, 5, '2026-05-25 12:27:26+00', 161.18, 249.94, 42.97, 6.95, 0.90, 68.02, null, 331, 'Very Poor'),
(451, 6, '2026-06-24 00:27:26+00', 233.84, 391.33, 19.52, 28.37, 0.44, 20.60, null, 387, 'Very Poor'),
(452, 6, '2026-06-23 18:27:26+00', 143.62, 267.56, 78.88, 10.08, 0.43, 84.21, null, 318, 'Very Poor'),
(453, 6, '2026-06-23 12:27:26+00', 107.50, 141.83, 34.37, 21.07, 1.47, 105.42, null, 258, 'Poor'),
(454, 6, '2026-06-23 00:27:26+00', 170.85, 259.73, 32.89, 46.60, 3.25, 66.28, null, 339, 'Very Poor'),
(455, 6, '2026-06-22 18:27:26+00', 24.84, 36.48, 82.13, 38.76, 0.97, 73.30, null, 39, 'Good'),
(456, 6, '2026-06-22 12:27:26+00', 94.70, 164.97, 86.18, 49.41, 0.47, 135.59, null, 215, 'Poor'),
(457, 6, '2026-06-22 00:27:26+00', 230.97, 365.62, 26.96, 54.51, 1.61, 129.30, null, 385, 'Very Poor'),
(458, 6, '2026-06-21 18:27:26+00', 163.83, 270.48, 75.48, 8.65, 3.31, 67.01, null, 333, 'Very Poor'),
(459, 6, '2026-06-21 12:27:26+00', 176.50, 297.16, 50.59, 27.74, 2.38, 129.60, null, 343, 'Very Poor'),
(460, 6, '2026-06-21 00:27:26+00', 223.04, 439.22, 69.54, 8.74, 2.18, 129.58, null, 379, 'Very Poor'),
(461, 6, '2026-06-20 18:27:26+00', 31.74, 53.87, 73.38, 33.87, 0.73, 136.16, null, 52, 'Satisfactory'),
(462, 6, '2026-06-20 12:27:26+00', 122.73, 232.56, 75.76, 21.19, 2.89, 65.33, null, 302, 'Very Poor'),
(463, 6, '2026-06-20 00:27:26+00', 157.72, 313.21, 61.79, 45.28, 1.04, 137.18, null, 329, 'Very Poor'),
(464, 6, '2026-06-19 18:27:26+00', 28.43, 42.29, 89.33, 8.59, 3.19, 45.69, null, 45, 'Good'),
(465, 6, '2026-06-19 12:27:26+00', 146.32, 283.43, 41.13, 58.71, 3.17, 56.11, null, 320, 'Very Poor'),
(466, 6, '2026-06-19 00:27:26+00', 45.17, 87.39, 99.69, 7.70, 0.31, 111.55, null, 75, 'Satisfactory'),
(467, 6, '2026-06-18 18:27:26+00', 247.40, 427.37, 97.88, 44.80, 2.71, 57.17, null, 398, 'Very Poor'),
(468, 6, '2026-06-18 12:27:26+00', 74.17, 110.72, 63.30, 13.73, 1.91, 30.59, null, 147, 'Moderate'),
(469, 6, '2026-06-18 00:27:26+00', 39.02, 52.17, 76.56, 10.84, 1.39, 48.93, null, 65, 'Satisfactory'),
(470, 6, '2026-06-17 18:27:26+00', 70.43, 135.20, 79.58, 30.58, 1.44, 115.61, null, 134, 'Moderate'),
(471, 6, '2026-06-17 12:27:26+00', 68.51, 126.17, 80.95, 53.30, 3.93, 106.13, null, 128, 'Moderate'),
(472, 6, '2026-06-17 00:27:26+00', 49.82, 96.70, 94.82, 26.03, 1.02, 98.48, null, 83, 'Satisfactory'),
(473, 6, '2026-06-16 18:27:26+00', 225.15, 415.14, 17.00, 27.01, 2.83, 50.06, null, 380, 'Very Poor'),
(474, 6, '2026-06-16 12:27:26+00', 242.86, 350.69, 15.73, 54.45, 3.71, 94.67, null, 394, 'Very Poor'),
(475, 6, '2026-06-16 00:27:26+00', 83.32, 109.44, 10.02, 21.76, 1.50, 35.49, null, 177, 'Moderate'),
(476, 6, '2026-06-15 18:27:26+00', 59.73, 97.01, 18.67, 57.27, 0.38, 75.18, null, 99, 'Satisfactory'),
(477, 6, '2026-06-15 12:27:26+00', 228.38, 409.52, 21.73, 41.61, 1.95, 78.34, null, 383, 'Very Poor'),
(478, 6, '2026-06-15 00:27:26+00', 68.03, 113.72, 67.24, 37.13, 0.73, 129.52, null, 126, 'Moderate'),
(479, 6, '2026-06-14 18:27:26+00', 161.40, 281.89, 78.97, 6.85, 1.04, 142.09, null, 331, 'Very Poor'),
(480, 6, '2026-06-14 12:27:26+00', 20.53, 30.74, 18.59, 34.54, 2.49, 56.71, null, 32, 'Good'),
(481, 6, '2026-06-14 00:27:26+00', 34.54, 44.60, 12.85, 54.27, 1.75, 74.96, null, 57, 'Satisfactory'),
(482, 6, '2026-06-13 18:27:26+00', 78.60, 149.96, 13.31, 18.82, 3.45, 48.08, null, 161, 'Moderate'),
(483, 6, '2026-06-13 12:27:26+00', 180.83, 334.15, 47.47, 58.71, 2.00, 43.31, null, 346, 'Very Poor'),
(484, 6, '2026-06-13 00:27:26+00', 227.71, 352.63, 37.90, 49.20, 3.74, 41.03, null, 382, 'Very Poor'),
(485, 6, '2026-06-12 18:27:26+00', 27.88, 51.61, 83.16, 17.60, 3.23, 106.45, null, 44, 'Good'),
(486, 6, '2026-06-12 12:27:26+00', 114.28, 188.79, 43.27, 6.40, 1.50, 132.73, null, 280, 'Poor'),
(487, 6, '2026-06-12 00:27:26+00', 54.26, 86.59, 30.99, 55.10, 3.18, 78.88, null, 90, 'Satisfactory'),
(488, 6, '2026-06-11 18:27:26+00', 85.82, 137.65, 26.08, 24.31, 1.52, 20.69, null, 185, 'Moderate'),
(489, 6, '2026-06-11 12:27:26+00', 212.94, 408.51, 47.04, 52.39, 3.71, 79.90, null, 371, 'Very Poor'),
(490, 6, '2026-06-11 00:27:26+00', 94.66, 167.66, 86.14, 28.79, 1.20, 145.87, null, 215, 'Poor'),
(491, 6, '2026-06-10 18:27:26+00', 100.91, 173.13, 58.93, 43.20, 2.03, 130.89, null, 236, 'Poor'),
(492, 6, '2026-06-10 12:27:26+00', 246.57, 399.78, 72.59, 12.04, 2.02, 77.11, null, 397, 'Very Poor'),
(493, 6, '2026-06-10 00:27:26+00', 115.33, 184.61, 66.32, 49.69, 0.88, 77.09, null, 284, 'Poor'),
(494, 6, '2026-06-09 18:27:26+00', 230.48, 405.28, 37.78, 5.28, 2.06, 24.66, null, 385, 'Very Poor'),
(495, 6, '2026-06-09 12:27:26+00', 167.48, 249.49, 44.40, 38.58, 1.81, 101.95, null, 336, 'Very Poor'),
(496, 6, '2026-06-09 00:27:26+00', 218.28, 331.60, 62.01, 46.46, 1.63, 94.82, null, 375, 'Very Poor'),
(497, 6, '2026-06-08 18:27:26+00', 209.18, 385.35, 27.73, 42.99, 2.36, 99.65, null, 368, 'Very Poor'),
(498, 6, '2026-06-08 12:27:26+00', 196.64, 251.75, 71.10, 47.73, 0.33, 118.85, null, 359, 'Very Poor'),
(499, 6, '2026-06-08 00:27:26+00', 40.51, 57.21, 86.63, 30.98, 1.69, 30.47, null, 67, 'Satisfactory'),
(500, 6, '2026-06-07 18:27:26+00', 226.77, 354.73, 65.93, 47.71, 1.57, 41.70, null, 382, 'Very Poor');
INSERT INTO air_quality_data (id, station_id, timestamp, pm25, pm10, no2, so2, co, o3, nh3, aqi, aqi_category) VALUES 
(501, 6, '2026-06-07 12:27:26+00', 60.14, 99.68, 55.02, 43.75, 1.07, 103.04, null, 100, 'Moderate'),
(502, 6, '2026-06-07 00:27:26+00', 223.41, 440.16, 35.45, 29.14, 3.01, 68.44, null, 379, 'Very Poor'),
(503, 6, '2026-06-06 18:27:26+00', 143.22, 283.96, 23.07, 21.51, 1.56, 49.75, null, 317, 'Very Poor'),
(504, 6, '2026-06-06 12:27:26+00', 124.19, 212.68, 79.13, 34.27, 2.49, 123.15, null, 303, 'Very Poor'),
(505, 6, '2026-06-06 00:27:26+00', 154.31, 239.42, 92.24, 41.40, 2.53, 58.13, null, 326, 'Very Poor'),
(506, 6, '2026-06-05 18:27:26+00', 183.28, 244.52, 97.78, 29.35, 0.38, 122.51, null, 348, 'Very Poor'),
(507, 6, '2026-06-05 12:27:26+00', 34.18, 44.18, 53.49, 29.11, 2.32, 53.50, null, 56, 'Satisfactory'),
(508, 6, '2026-06-05 00:27:26+00', 26.67, 47.26, 71.70, 42.10, 3.38, 146.76, null, 42, 'Good'),
(509, 6, '2026-06-04 18:27:26+00', 49.21, 93.92, 58.29, 18.46, 3.57, 28.79, null, 82, 'Satisfactory'),
(510, 6, '2026-06-04 12:27:26+00', 194.82, 236.67, 40.52, 49.10, 3.70, 97.42, null, 357, 'Very Poor'),
(511, 6, '2026-06-04 00:27:26+00', 34.22, 66.21, 15.40, 17.12, 1.10, 149.88, null, 57, 'Satisfactory'),
(512, 6, '2026-06-03 18:27:26+00', 75.95, 114.82, 15.83, 30.69, 3.60, 105.95, null, 153, 'Moderate'),
(513, 6, '2026-06-03 12:27:26+00', 62.66, 121.55, 37.44, 51.15, 1.31, 35.04, null, 108, 'Moderate'),
(514, 6, '2026-06-03 00:27:26+00', 24.04, 36.23, 18.41, 28.39, 1.63, 102.44, null, 38, 'Good'),
(515, 6, '2026-06-02 18:27:26+00', 168.88, 229.66, 42.02, 35.54, 2.21, 60.64, null, 337, 'Very Poor'),
(516, 6, '2026-06-02 12:27:26+00', 136.62, 204.22, 87.13, 33.86, 2.77, 60.73, null, 312, 'Very Poor'),
(517, 6, '2026-06-02 00:27:26+00', 203.95, 251.20, 24.71, 46.88, 2.61, 33.40, null, 364, 'Very Poor'),
(518, 6, '2026-06-01 18:27:26+00', 227.40, 367.26, 55.53, 12.08, 2.59, 101.07, null, 382, 'Very Poor'),
(519, 6, '2026-06-01 12:27:26+00', 36.83, 63.09, 38.34, 52.14, 2.83, 88.15, null, 61, 'Satisfactory'),
(520, 6, '2026-06-01 00:27:26+00', 228.76, 417.31, 97.80, 48.49, 2.92, 78.68, null, 383, 'Very Poor'),
(521, 6, '2026-05-31 18:27:26+00', 141.75, 240.22, 46.01, 42.42, 2.64, 42.00, null, 316, 'Very Poor'),
(522, 6, '2026-05-31 12:27:26+00', 212.28, 298.75, 80.99, 19.63, 0.36, 87.76, null, 371, 'Very Poor'),
(523, 6, '2026-05-31 00:27:26+00', 241.35, 440.36, 69.72, 10.82, 3.75, 148.55, null, 393, 'Very Poor'),
(524, 6, '2026-05-30 18:27:26+00', 22.37, 27.99, 11.19, 30.39, 2.20, 124.31, null, 35, 'Good'),
(525, 6, '2026-05-30 12:27:26+00', 51.05, 75.58, 56.09, 39.87, 3.92, 129.00, null, 85, 'Satisfactory'),
(526, 6, '2026-05-30 00:27:26+00', 169.43, 217.25, 67.65, 28.67, 2.34, 101.97, null, 338, 'Very Poor'),
(527, 6, '2026-05-29 18:27:26+00', 66.26, 80.16, 49.10, 26.28, 3.98, 86.13, null, 120, 'Moderate'),
(528, 6, '2026-05-29 12:27:26+00', 87.36, 170.02, 70.75, 47.67, 0.50, 147.03, null, 191, 'Moderate'),
(529, 6, '2026-05-29 00:27:26+00', 228.44, 438.67, 50.60, 30.09, 2.75, 78.69, null, 383, 'Very Poor'),
(530, 6, '2026-05-28 18:27:26+00', 237.86, 399.78, 22.37, 23.19, 2.29, 50.57, null, 390, 'Very Poor'),
(531, 6, '2026-05-28 12:27:26+00', 146.89, 231.50, 30.07, 59.47, 2.00, 146.10, null, 320, 'Very Poor'),
(532, 6, '2026-05-28 00:27:26+00', 151.46, 198.55, 87.71, 30.09, 3.13, 144.83, null, 324, 'Very Poor'),
(533, 6, '2026-05-27 18:27:26+00', 36.62, 52.03, 71.39, 17.96, 1.37, 83.02, null, 61, 'Satisfactory'),
(534, 6, '2026-05-27 12:27:26+00', 209.90, 293.18, 50.06, 8.85, 2.17, 46.11, null, 369, 'Very Poor'),
(535, 6, '2026-05-27 00:27:26+00', 145.76, 263.53, 38.14, 54.54, 2.28, 61.81, null, 319, 'Very Poor'),
(536, 6, '2026-05-26 18:27:26+00', 31.44, 62.06, 69.83, 55.64, 1.80, 145.64, null, 52, 'Satisfactory'),
(537, 6, '2026-05-26 12:27:26+00', 213.68, 322.67, 20.77, 26.83, 2.54, 113.66, null, 372, 'Very Poor'),
(538, 6, '2026-05-26 00:27:26+00', 239.90, 364.61, 47.69, 15.99, 3.38, 78.15, null, 392, 'Very Poor'),
(539, 6, '2026-05-25 18:27:26+00', 163.96, 323.53, 22.70, 38.96, 2.09, 149.84, null, 333, 'Very Poor'),
(540, 6, '2026-05-25 12:27:26+00', 146.06, 242.73, 71.60, 49.46, 0.45, 142.39, null, 320, 'Very Poor'),
(541, 7, '2026-06-24 00:27:26+00', 147.15, 249.69, 10.73, 22.25, 3.47, 126.80, null, 320, 'Very Poor'),
(542, 7, '2026-06-23 18:27:26+00', 99.24, 165.58, 93.97, 32.64, 3.81, 55.28, null, 230, 'Poor'),
(543, 7, '2026-06-23 12:27:26+00', 60.82, 108.18, 53.52, 27.89, 1.08, 90.31, null, 102, 'Moderate'),
(544, 7, '2026-06-23 00:27:26+00', 124.73, 150.49, 67.22, 45.88, 1.50, 39.28, null, 303, 'Very Poor'),
(545, 7, '2026-06-22 18:27:26+00', 248.80, 381.71, 21.87, 8.38, 3.47, 24.88, null, 399, 'Very Poor'),
(546, 7, '2026-06-22 12:27:26+00', 46.36, 62.63, 11.87, 49.12, 3.83, 20.94, null, 77, 'Satisfactory'),
(547, 7, '2026-06-22 00:27:26+00', 89.82, 155.93, 62.03, 19.05, 0.39, 147.83, null, 199, 'Moderate'),
(548, 7, '2026-06-21 18:27:26+00', 197.98, 351.60, 46.41, 15.63, 2.76, 89.46, null, 360, 'Very Poor'),
(549, 7, '2026-06-21 12:27:26+00', 242.85, 466.26, 23.86, 44.86, 1.36, 21.13, null, 394, 'Very Poor'),
(550, 7, '2026-06-21 00:27:26+00', 117.99, 182.31, 79.22, 50.54, 1.25, 111.83, null, 293, 'Poor'),
(551, 7, '2026-06-20 18:27:26+00', 104.29, 176.24, 49.37, 12.45, 3.10, 137.26, null, 247, 'Poor'),
(552, 7, '2026-06-20 12:27:26+00', 206.39, 270.56, 14.24, 34.74, 3.44, 81.27, null, 366, 'Very Poor'),
(553, 7, '2026-06-20 00:27:26+00', 137.27, 197.36, 83.52, 48.46, 2.41, 25.69, null, 313, 'Very Poor'),
(554, 7, '2026-06-19 18:27:26+00', 202.84, 246.23, 13.48, 8.22, 3.73, 80.91, null, 363, 'Very Poor'),
(555, 7, '2026-06-19 12:27:26+00', 98.50, 150.35, 98.71, 57.11, 3.39, 76.99, null, 228, 'Poor'),
(556, 7, '2026-06-19 00:27:26+00', 188.24, 236.31, 39.96, 38.17, 2.85, 102.61, null, 352, 'Very Poor'),
(557, 7, '2026-06-18 18:27:26+00', 49.12, 62.05, 40.95, 14.57, 1.94, 90.29, null, 81, 'Satisfactory'),
(558, 7, '2026-06-18 12:27:26+00', 161.60, 322.16, 27.44, 23.72, 3.68, 140.13, null, 332, 'Very Poor'),
(559, 7, '2026-06-18 00:27:26+00', 70.22, 92.54, 59.23, 31.47, 1.05, 66.72, null, 134, 'Moderate'),
(560, 7, '2026-06-17 18:27:26+00', 179.93, 347.23, 50.32, 11.38, 1.78, 84.33, null, 346, 'Very Poor'),
(561, 7, '2026-06-17 12:27:26+00', 92.26, 160.30, 17.72, 15.69, 2.03, 34.94, null, 207, 'Poor'),
(562, 7, '2026-06-17 00:27:26+00', 230.76, 286.78, 15.79, 52.93, 2.22, 142.96, null, 385, 'Very Poor'),
(563, 7, '2026-06-16 18:27:26+00', 76.53, 148.14, 53.90, 15.32, 3.71, 74.82, null, 155, 'Moderate'),
(564, 7, '2026-06-16 12:27:26+00', 153.63, 192.67, 22.37, 57.12, 3.83, 49.53, null, 325, 'Very Poor'),
(565, 7, '2026-06-16 00:27:26+00', 149.39, 243.47, 41.51, 43.64, 2.31, 125.92, null, 322, 'Very Poor'),
(566, 7, '2026-06-15 18:27:26+00', 196.85, 321.10, 35.05, 19.27, 1.43, 114.85, null, 359, 'Very Poor'),
(567, 7, '2026-06-15 12:27:26+00', 200.28, 337.54, 76.59, 19.69, 0.64, 109.01, null, 361, 'Very Poor'),
(568, 7, '2026-06-15 00:27:26+00', 211.39, 366.15, 64.62, 23.32, 1.90, 141.42, null, 370, 'Very Poor'),
(569, 7, '2026-06-14 18:27:26+00', 107.59, 151.48, 77.40, 25.07, 2.29, 59.43, null, 258, 'Poor'),
(570, 7, '2026-06-14 12:27:26+00', 182.88, 334.66, 64.03, 18.98, 3.43, 99.05, null, 348, 'Very Poor'),
(571, 7, '2026-06-14 00:27:26+00', 169.22, 256.12, 91.79, 57.85, 3.99, 142.39, null, 337, 'Very Poor'),
(572, 7, '2026-06-13 18:27:26+00', 226.91, 343.11, 60.16, 6.27, 3.15, 22.49, null, 382, 'Very Poor'),
(573, 7, '2026-06-13 12:27:26+00', 76.04, 119.07, 37.70, 21.57, 1.83, 53.30, null, 153, 'Moderate'),
(574, 7, '2026-06-13 00:27:26+00', 194.73, 285.00, 11.71, 53.57, 1.26, 84.55, null, 357, 'Very Poor'),
(575, 7, '2026-06-12 18:27:26+00', 238.63, 437.74, 67.85, 21.65, 1.58, 34.92, null, 391, 'Very Poor'),
(576, 7, '2026-06-12 12:27:26+00', 172.01, 285.69, 78.72, 52.11, 0.70, 20.83, null, 340, 'Very Poor'),
(577, 7, '2026-06-12 00:27:26+00', 36.05, 71.91, 89.96, 33.91, 0.83, 64.72, null, 60, 'Satisfactory'),
(578, 7, '2026-06-11 18:27:26+00', 63.82, 89.70, 28.70, 42.38, 3.22, 73.15, null, 112, 'Moderate'),
(579, 7, '2026-06-11 12:27:26+00', 47.68, 90.57, 45.30, 22.38, 3.88, 122.01, null, 79, 'Satisfactory'),
(580, 7, '2026-06-11 00:27:26+00', 141.86, 184.34, 23.31, 25.70, 1.52, 66.42, null, 316, 'Very Poor'),
(581, 7, '2026-06-10 18:27:26+00', 143.71, 277.14, 11.06, 40.46, 1.39, 138.45, null, 318, 'Very Poor'),
(582, 7, '2026-06-10 12:27:26+00', 210.80, 412.59, 16.10, 6.49, 2.63, 31.02, null, 369, 'Very Poor'),
(583, 7, '2026-06-10 00:27:26+00', 147.59, 214.07, 70.95, 15.19, 0.84, 140.02, null, 321, 'Very Poor'),
(584, 7, '2026-06-09 18:27:26+00', 237.53, 287.90, 72.25, 37.76, 1.95, 119.98, null, 390, 'Very Poor'),
(585, 7, '2026-06-09 12:27:26+00', 153.83, 267.51, 57.01, 10.68, 2.42, 148.31, null, 326, 'Very Poor'),
(586, 7, '2026-06-09 00:27:26+00', 155.28, 274.77, 40.99, 37.09, 0.94, 71.04, null, 327, 'Very Poor'),
(587, 7, '2026-06-08 18:27:26+00', 120.04, 166.05, 16.47, 46.07, 0.91, 132.51, null, 300, 'Very Poor'),
(588, 7, '2026-06-08 12:27:26+00', 233.06, 330.50, 30.58, 31.80, 2.93, 61.03, null, 387, 'Very Poor'),
(589, 7, '2026-06-08 00:27:26+00', 131.06, 223.38, 38.28, 17.67, 3.12, 122.35, null, 308, 'Very Poor'),
(590, 7, '2026-06-07 18:27:26+00', 142.36, 245.44, 65.25, 32.34, 0.47, 96.66, null, 317, 'Very Poor'),
(591, 7, '2026-06-07 12:27:26+00', 244.75, 478.41, 11.91, 34.98, 1.71, 60.07, null, 396, 'Very Poor'),
(592, 7, '2026-06-07 00:27:26+00', 193.05, 342.07, 33.83, 41.56, 2.26, 147.03, null, 356, 'Very Poor'),
(593, 7, '2026-06-06 18:27:26+00', 240.31, 471.49, 99.54, 44.87, 3.28, 59.56, null, 392, 'Very Poor'),
(594, 7, '2026-06-06 12:27:26+00', 204.72, 403.69, 79.00, 15.60, 0.91, 113.15, null, 365, 'Very Poor'),
(595, 7, '2026-06-06 00:27:26+00', 117.66, 149.09, 56.15, 11.56, 1.62, 146.77, null, 292, 'Poor'),
(596, 7, '2026-06-05 18:27:26+00', 198.49, 261.25, 61.84, 10.04, 0.45, 128.71, null, 360, 'Very Poor'),
(597, 7, '2026-06-05 12:27:26+00', 103.28, 145.69, 39.67, 16.85, 1.64, 68.45, null, 244, 'Poor'),
(598, 7, '2026-06-05 00:27:26+00', 38.81, 68.30, 56.20, 6.96, 1.95, 52.88, null, 64, 'Satisfactory'),
(599, 7, '2026-06-04 18:27:26+00', 202.78, 311.34, 10.80, 37.75, 1.11, 91.46, null, 363, 'Very Poor'),
(600, 7, '2026-06-04 12:27:26+00', 118.58, 214.77, 53.84, 6.63, 3.53, 87.27, null, 295, 'Poor');
INSERT INTO air_quality_data (id, station_id, timestamp, pm25, pm10, no2, so2, co, o3, nh3, aqi, aqi_category) VALUES 
(601, 7, '2026-06-04 00:27:26+00', 146.77, 237.74, 13.87, 28.81, 3.17, 105.82, null, 320, 'Very Poor'),
(602, 7, '2026-06-03 18:27:26+00', 36.44, 71.53, 34.37, 14.29, 2.48, 53.34, null, 60, 'Satisfactory'),
(603, 7, '2026-06-03 12:27:26+00', 80.93, 129.14, 48.96, 40.88, 3.88, 80.00, null, 169, 'Moderate'),
(604, 7, '2026-06-03 00:27:26+00', 242.56, 302.62, 59.19, 40.55, 0.65, 119.49, null, 394, 'Very Poor'),
(605, 7, '2026-06-02 18:27:26+00', 114.14, 173.48, 63.11, 14.46, 3.92, 65.96, null, 280, 'Poor'),
(606, 7, '2026-06-02 12:27:26+00', 158.91, 191.07, 54.31, 33.18, 2.56, 74.55, null, 329, 'Very Poor'),
(607, 7, '2026-06-02 00:27:26+00', 100.98, 131.74, 26.28, 50.63, 1.87, 98.04, null, 236, 'Poor'),
(608, 7, '2026-06-01 18:27:26+00', 112.98, 141.08, 85.66, 15.80, 1.83, 113.90, null, 276, 'Poor'),
(609, 7, '2026-06-01 12:27:26+00', 199.91, 300.02, 63.78, 42.49, 2.21, 25.14, null, 361, 'Very Poor'),
(610, 7, '2026-06-01 00:27:26+00', 114.07, 156.55, 20.86, 6.85, 2.82, 117.27, null, 280, 'Poor'),
(611, 7, '2026-05-31 18:27:26+00', 26.04, 44.59, 41.72, 59.59, 0.40, 57.35, null, 41, 'Good'),
(612, 7, '2026-05-31 12:27:26+00', 181.95, 251.30, 40.12, 43.96, 0.79, 136.80, null, 347, 'Very Poor'),
(613, 7, '2026-05-31 00:27:26+00', 242.48, 460.00, 60.25, 40.50, 1.54, 48.92, null, 394, 'Very Poor'),
(614, 7, '2026-05-30 18:27:26+00', 195.05, 359.42, 21.13, 58.17, 3.18, 58.29, null, 357, 'Very Poor'),
(615, 7, '2026-05-30 12:27:26+00', 96.43, 117.27, 99.97, 23.79, 3.04, 98.33, null, 221, 'Poor'),
(616, 7, '2026-05-30 00:27:26+00', 185.28, 226.95, 61.26, 15.26, 3.93, 74.30, null, 350, 'Very Poor'),
(617, 7, '2026-05-29 18:27:26+00', 78.56, 138.01, 28.24, 12.65, 2.64, 70.66, null, 161, 'Moderate'),
(618, 7, '2026-05-29 12:27:26+00', 194.06, 279.11, 77.04, 51.34, 1.26, 53.57, null, 357, 'Very Poor'),
(619, 7, '2026-05-29 00:27:26+00', 215.56, 413.90, 95.83, 39.19, 3.28, 91.86, null, 373, 'Very Poor'),
(620, 7, '2026-05-28 18:27:26+00', 121.14, 211.15, 32.19, 30.60, 1.65, 113.59, null, 300, 'Very Poor'),
(621, 7, '2026-05-28 12:27:26+00', 90.94, 125.73, 41.47, 11.29, 3.55, 143.21, null, 203, 'Poor'),
(622, 7, '2026-05-28 00:27:26+00', 75.87, 144.69, 21.82, 44.62, 1.46, 143.26, null, 152, 'Moderate'),
(623, 7, '2026-05-27 18:27:26+00', 94.01, 184.48, 45.99, 23.61, 3.31, 30.36, null, 213, 'Poor'),
(624, 7, '2026-05-27 12:27:26+00', 210.18, 381.22, 51.61, 40.36, 3.57, 78.24, null, 369, 'Very Poor'),
(625, 7, '2026-05-27 00:27:26+00', 235.80, 378.64, 37.50, 41.56, 2.06, 141.70, null, 389, 'Very Poor'),
(626, 7, '2026-05-26 18:27:26+00', 93.27, 166.74, 17.62, 23.78, 1.39, 113.24, null, 210, 'Poor'),
(627, 7, '2026-05-26 12:27:26+00', 194.78, 347.99, 52.07, 20.76, 1.93, 94.97, null, 357, 'Very Poor'),
(628, 7, '2026-05-26 00:27:26+00', 62.84, 124.06, 87.72, 29.48, 2.28, 73.30, null, 109, 'Moderate'),
(629, 7, '2026-05-25 18:27:26+00', 193.83, 348.26, 42.21, 9.74, 0.70, 39.71, null, 356, 'Very Poor'),
(630, 7, '2026-05-25 12:27:26+00', 114.40, 171.91, 35.79, 15.29, 1.46, 116.85, null, 281, 'Poor'),
(631, 8, '2026-06-24 00:27:26+00', 184.40, 243.35, 35.84, 14.40, 2.55, 106.87, null, 349, 'Very Poor'),
(632, 8, '2026-06-23 18:27:26+00', 80.89, 133.44, 49.90, 50.00, 3.65, 101.87, null, 169, 'Moderate'),
(633, 8, '2026-06-23 12:27:26+00', 57.03, 87.00, 78.78, 5.65, 3.45, 27.43, null, 95, 'Satisfactory'),
(634, 8, '2026-06-23 00:27:26+00', 134.17, 208.97, 29.75, 51.59, 2.81, 23.63, null, 310, 'Very Poor'),
(635, 8, '2026-06-22 18:27:26+00', 223.49, 434.26, 21.95, 15.75, 0.62, 35.67, null, 379, 'Very Poor'),
(636, 8, '2026-06-22 12:27:26+00', 157.67, 234.20, 93.94, 47.79, 3.91, 82.08, null, 329, 'Very Poor'),
(637, 8, '2026-06-22 00:27:26+00', 219.89, 295.43, 65.77, 22.97, 3.30, 39.26, null, 376, 'Very Poor'),
(638, 8, '2026-06-21 18:27:26+00', 144.60, 231.33, 58.43, 8.44, 3.50, 92.71, null, 318, 'Very Poor'),
(639, 8, '2026-06-21 12:27:26+00', 57.52, 91.23, 99.18, 23.78, 0.40, 124.22, null, 95, 'Satisfactory'),
(640, 8, '2026-06-21 00:27:26+00', 140.07, 237.78, 94.30, 28.97, 2.43, 107.98, null, 315, 'Very Poor'),
(641, 8, '2026-06-20 18:27:26+00', 152.24, 204.98, 10.37, 55.44, 2.35, 108.15, null, 324, 'Very Poor'),
(642, 8, '2026-06-20 12:27:26+00', 90.56, 144.24, 99.91, 47.86, 1.03, 77.66, null, 201, 'Poor'),
(643, 8, '2026-06-20 00:27:26+00', 133.19, 185.53, 47.80, 53.50, 1.29, 132.91, null, 310, 'Very Poor'),
(644, 8, '2026-06-19 18:27:26+00', 50.71, 68.52, 99.94, 14.29, 0.31, 100.94, null, 84, 'Satisfactory'),
(645, 8, '2026-06-19 12:27:26+00', 180.70, 247.04, 25.68, 8.37, 3.23, 61.06, null, 346, 'Very Poor'),
(646, 8, '2026-06-19 00:27:26+00', 235.47, 338.58, 95.18, 36.14, 0.79, 98.98, null, 388, 'Very Poor'),
(647, 8, '2026-06-18 18:27:26+00', 143.14, 234.51, 16.23, 46.17, 3.73, 52.98, null, 317, 'Very Poor'),
(648, 8, '2026-06-18 12:27:26+00', 189.65, 285.60, 54.48, 34.72, 0.80, 65.49, null, 353, 'Very Poor'),
(649, 8, '2026-06-18 00:27:26+00', 82.39, 144.81, 98.86, 53.74, 2.29, 26.28, null, 174, 'Moderate'),
(650, 8, '2026-06-17 18:27:26+00', 200.63, 330.00, 11.84, 16.15, 2.37, 52.05, null, 362, 'Very Poor'),
(651, 8, '2026-06-17 12:27:26+00', 212.78, 262.42, 41.09, 51.54, 3.05, 78.08, null, 371, 'Very Poor'),
(652, 8, '2026-06-17 00:27:26+00', 215.26, 373.41, 69.80, 47.64, 1.15, 98.77, null, 373, 'Very Poor'),
(653, 8, '2026-06-16 18:27:26+00', 66.89, 83.43, 90.07, 56.49, 3.37, 49.75, null, 122, 'Moderate'),
(654, 8, '2026-06-16 12:27:26+00', 22.94, 37.27, 51.34, 53.12, 3.88, 115.90, null, 36, 'Good'),
(655, 8, '2026-06-16 00:27:26+00', 78.87, 100.49, 82.57, 26.99, 3.79, 97.52, null, 162, 'Moderate'),
(656, 8, '2026-06-15 18:27:26+00', 33.36, 47.51, 84.02, 25.18, 3.42, 142.62, null, 55, 'Satisfactory'),
(657, 8, '2026-06-15 12:27:26+00', 97.18, 146.89, 44.36, 53.89, 2.19, 138.28, null, 223, 'Poor'),
(658, 8, '2026-06-15 00:27:26+00', 142.69, 217.25, 82.90, 6.22, 2.42, 98.17, null, 317, 'Very Poor'),
(659, 8, '2026-06-14 18:27:26+00', 225.91, 413.68, 52.27, 26.60, 0.68, 27.79, null, 381, 'Very Poor'),
(660, 8, '2026-06-14 12:27:26+00', 184.69, 351.53, 78.06, 47.34, 2.83, 89.19, null, 349, 'Very Poor'),
(661, 8, '2026-06-14 00:27:26+00', 28.79, 54.00, 79.43, 15.22, 2.36, 52.79, null, 46, 'Good'),
(662, 8, '2026-06-13 18:27:26+00', 113.57, 193.47, 39.88, 7.38, 1.53, 49.32, null, 278, 'Poor'),
(663, 8, '2026-06-13 12:27:26+00', 156.27, 197.73, 31.74, 31.87, 2.06, 107.93, null, 327, 'Very Poor'),
(664, 8, '2026-06-13 00:27:26+00', 176.75, 235.87, 92.34, 31.21, 1.39, 80.75, null, 343, 'Very Poor'),
(665, 8, '2026-06-12 18:27:26+00', 200.96, 366.29, 65.00, 44.07, 3.49, 25.00, null, 362, 'Very Poor'),
(666, 8, '2026-06-12 12:27:26+00', 20.98, 33.84, 55.08, 50.06, 1.03, 21.28, null, 33, 'Good'),
(667, 8, '2026-06-12 00:27:26+00', 177.57, 218.30, 97.78, 35.49, 0.98, 69.85, null, 344, 'Very Poor'),
(668, 8, '2026-06-11 18:27:26+00', 237.18, 404.74, 53.00, 13.40, 2.04, 53.11, null, 390, 'Very Poor'),
(669, 8, '2026-06-11 12:27:26+00', 59.24, 97.35, 68.01, 25.70, 2.18, 100.22, null, 98, 'Satisfactory'),
(670, 8, '2026-06-11 00:27:26+00', 67.37, 128.65, 36.85, 17.12, 0.78, 112.24, null, 124, 'Moderate'),
(671, 8, '2026-06-10 18:27:26+00', 179.31, 335.22, 56.81, 23.43, 3.93, 30.35, null, 345, 'Very Poor'),
(672, 8, '2026-06-10 12:27:26+00', 155.85, 274.78, 35.00, 27.25, 2.36, 68.76, null, 327, 'Very Poor'),
(673, 8, '2026-06-10 00:27:26+00', 125.10, 179.51, 75.69, 13.91, 2.62, 58.31, null, 303, 'Very Poor'),
(674, 8, '2026-06-09 18:27:26+00', 131.02, 191.19, 44.63, 37.76, 2.00, 52.25, null, 308, 'Very Poor'),
(675, 8, '2026-06-09 12:27:26+00', 48.61, 65.88, 50.81, 33.18, 2.77, 37.96, null, 81, 'Satisfactory'),
(676, 8, '2026-06-09 00:27:26+00', 239.36, 346.36, 24.23, 6.46, 2.32, 123.83, null, 391, 'Very Poor'),
(677, 8, '2026-06-08 18:27:26+00', 184.43, 365.06, 38.02, 5.98, 3.25, 115.08, null, 349, 'Very Poor'),
(678, 8, '2026-06-08 12:27:26+00', 117.10, 170.53, 52.13, 54.98, 3.10, 77.79, null, 290, 'Poor'),
(679, 8, '2026-06-08 00:27:26+00', 212.50, 337.77, 51.30, 25.49, 1.29, 44.51, null, 371, 'Very Poor'),
(680, 8, '2026-06-07 18:27:26+00', 159.47, 195.53, 82.23, 42.34, 1.37, 48.34, null, 330, 'Very Poor'),
(681, 8, '2026-06-07 12:27:26+00', 185.23, 265.96, 10.96, 45.69, 1.67, 41.68, null, 350, 'Very Poor'),
(682, 8, '2026-06-07 00:27:26+00', 108.89, 206.76, 99.18, 55.88, 2.85, 33.52, null, 262, 'Poor'),
(683, 8, '2026-06-06 18:27:26+00', 222.44, 409.03, 14.39, 29.26, 2.34, 89.63, null, 378, 'Very Poor'),
(684, 8, '2026-06-06 12:27:26+00', 20.04, 35.09, 46.07, 54.12, 0.73, 82.85, null, 32, 'Good'),
(685, 8, '2026-06-06 00:27:26+00', 221.30, 405.29, 43.81, 26.56, 3.46, 110.67, null, 378, 'Very Poor'),
(686, 8, '2026-06-05 18:27:26+00', 119.31, 206.34, 34.14, 44.44, 0.60, 72.53, null, 297, 'Poor'),
(687, 8, '2026-06-05 12:27:26+00', 223.04, 409.59, 53.36, 58.87, 3.02, 59.73, null, 379, 'Very Poor'),
(688, 8, '2026-06-05 00:27:26+00', 72.40, 142.10, 40.90, 20.77, 1.80, 57.84, null, 141, 'Moderate'),
(689, 8, '2026-06-04 18:27:26+00', 90.05, 173.31, 82.13, 7.78, 3.28, 147.06, null, 200, 'Poor'),
(690, 8, '2026-06-04 12:27:26+00', 20.08, 30.03, 85.61, 18.07, 1.98, 94.72, null, 32, 'Good'),
(691, 8, '2026-06-04 00:27:26+00', 113.06, 155.80, 58.38, 17.88, 2.67, 46.82, null, 276, 'Poor'),
(692, 8, '2026-06-03 18:27:26+00', 234.89, 414.00, 11.34, 43.98, 0.80, 73.27, null, 388, 'Very Poor'),
(693, 8, '2026-06-03 12:27:26+00', 178.85, 277.29, 85.46, 22.09, 1.56, 130.57, null, 345, 'Very Poor'),
(694, 8, '2026-06-03 00:27:26+00', 24.35, 32.13, 37.83, 57.72, 1.60, 90.16, null, 38, 'Good'),
(695, 8, '2026-06-02 18:27:26+00', 143.37, 223.20, 35.44, 37.07, 1.05, 69.48, null, 317, 'Very Poor'),
(696, 8, '2026-06-02 12:27:26+00', 103.54, 145.08, 79.56, 6.27, 3.78, 118.12, null, 245, 'Poor'),
(697, 8, '2026-06-02 00:27:26+00', 117.60, 188.64, 71.85, 28.83, 3.98, 118.52, null, 291, 'Poor'),
(698, 8, '2026-06-01 18:27:26+00', 104.21, 189.63, 98.51, 30.07, 1.94, 107.76, null, 247, 'Poor'),
(699, 8, '2026-06-01 12:27:26+00', 97.31, 153.47, 48.65, 56.50, 0.68, 61.74, null, 224, 'Poor'),
(700, 8, '2026-06-01 00:27:26+00', 215.65, 263.46, 58.01, 35.96, 2.22, 69.47, null, 373, 'Very Poor');
INSERT INTO air_quality_data (id, station_id, timestamp, pm25, pm10, no2, so2, co, o3, nh3, aqi, aqi_category) VALUES 
(701, 8, '2026-05-31 18:27:26+00', 119.05, 194.71, 54.33, 15.82, 3.72, 81.11, null, 296, 'Poor'),
(702, 8, '2026-05-31 12:27:26+00', 166.80, 253.15, 88.49, 40.19, 1.09, 65.72, null, 336, 'Very Poor'),
(703, 8, '2026-05-31 00:27:26+00', 184.17, 329.22, 95.17, 36.74, 1.04, 99.71, null, 349, 'Very Poor'),
(704, 8, '2026-05-30 18:27:26+00', 153.00, 209.49, 24.46, 14.72, 1.30, 31.66, null, 325, 'Very Poor'),
(705, 8, '2026-05-30 12:27:26+00', 69.17, 94.36, 13.22, 58.03, 1.48, 57.65, null, 130, 'Moderate'),
(706, 8, '2026-05-30 00:27:26+00', 154.11, 290.51, 54.50, 42.58, 3.63, 91.35, null, 326, 'Very Poor'),
(707, 8, '2026-05-29 18:27:26+00', 187.41, 356.04, 19.96, 47.58, 3.78, 130.31, null, 351, 'Very Poor'),
(708, 8, '2026-05-29 12:27:26+00', 198.97, 365.81, 54.59, 54.69, 1.71, 21.72, null, 360, 'Very Poor'),
(709, 8, '2026-05-29 00:27:26+00', 45.00, 75.32, 31.01, 29.83, 0.78, 135.13, null, 75, 'Satisfactory'),
(710, 8, '2026-05-28 18:27:26+00', 185.68, 289.43, 76.99, 43.15, 1.31, 94.01, null, 350, 'Very Poor'),
(711, 8, '2026-05-28 12:27:26+00', 90.31, 172.57, 66.48, 53.94, 2.24, 47.71, null, 201, 'Poor'),
(712, 8, '2026-05-28 00:27:26+00', 194.25, 259.11, 88.82, 52.73, 1.41, 76.15, null, 357, 'Very Poor'),
(713, 8, '2026-05-27 18:27:26+00', 184.73, 221.88, 49.29, 52.03, 1.80, 79.51, null, 349, 'Very Poor'),
(714, 8, '2026-05-27 12:27:26+00', 177.86, 220.37, 15.36, 29.70, 3.10, 80.26, null, 344, 'Very Poor'),
(715, 8, '2026-05-27 00:27:26+00', 68.91, 87.22, 41.34, 33.37, 2.72, 104.16, null, 129, 'Moderate'),
(716, 8, '2026-05-26 18:27:26+00', 158.67, 240.90, 87.90, 12.51, 2.30, 62.76, null, 329, 'Very Poor'),
(717, 8, '2026-05-26 12:27:26+00', 241.09, 297.06, 28.78, 21.24, 1.96, 95.80, null, 393, 'Very Poor'),
(718, 8, '2026-05-26 00:27:26+00', 161.00, 232.81, 75.12, 23.88, 1.98, 31.69, null, 331, 'Very Poor'),
(719, 8, '2026-05-25 18:27:26+00', 74.79, 121.28, 33.37, 58.40, 0.30, 74.17, null, 149, 'Moderate'),
(720, 8, '2026-05-25 12:27:26+00', 68.28, 119.03, 67.03, 49.32, 1.68, 106.35, null, 127, 'Moderate'),
(721, 9, '2026-06-24 00:27:26+00', 127.90, 217.66, 68.22, 46.64, 1.83, 97.63, null, 306, 'Very Poor'),
(722, 9, '2026-06-23 18:27:26+00', 105.83, 194.29, 19.11, 49.34, 1.57, 142.59, null, 252, 'Poor'),
(723, 9, '2026-06-23 12:27:26+00', 217.29, 348.75, 41.35, 12.53, 3.58, 105.00, null, 374, 'Very Poor'),
(724, 9, '2026-06-23 00:27:26+00', 177.07, 353.35, 50.45, 54.52, 2.23, 55.73, null, 343, 'Very Poor'),
(725, 9, '2026-06-22 18:27:26+00', 138.76, 210.85, 38.52, 43.01, 3.18, 147.28, null, 314, 'Very Poor'),
(726, 9, '2026-06-22 12:27:26+00', 110.50, 153.08, 49.43, 50.48, 2.56, 87.67, null, 268, 'Poor'),
(727, 9, '2026-06-22 00:27:26+00', 134.31, 250.21, 22.48, 51.62, 2.11, 97.16, null, 311, 'Very Poor'),
(728, 9, '2026-06-21 18:27:26+00', 140.18, 210.66, 52.32, 37.24, 1.62, 66.31, null, 315, 'Very Poor'),
(729, 9, '2026-06-21 12:27:26+00', 29.72, 39.05, 24.96, 40.81, 2.50, 79.96, null, 47, 'Good'),
(730, 9, '2026-06-21 00:27:26+00', 75.82, 124.05, 91.37, 5.33, 2.66, 127.22, null, 152, 'Moderate'),
(731, 9, '2026-06-20 18:27:26+00', 217.66, 413.95, 99.96, 49.57, 3.70, 65.81, null, 375, 'Very Poor'),
(732, 9, '2026-06-20 12:27:26+00', 65.24, 124.41, 32.06, 23.49, 0.98, 65.10, null, 117, 'Moderate'),
(733, 9, '2026-06-20 00:27:26+00', 36.54, 66.25, 94.62, 49.19, 1.74, 133.15, null, 60, 'Satisfactory'),
(734, 9, '2026-06-19 18:27:26+00', 117.38, 205.37, 78.36, 16.17, 3.73, 68.36, null, 291, 'Poor'),
(735, 9, '2026-06-19 12:27:26+00', 25.88, 43.45, 32.81, 48.47, 2.71, 80.97, null, 41, 'Good'),
(736, 9, '2026-06-19 00:27:26+00', 59.55, 100.06, 24.05, 50.74, 2.35, 148.12, null, 99, 'Satisfactory'),
(737, 9, '2026-06-18 18:27:26+00', 88.93, 168.12, 37.41, 54.45, 3.03, 57.37, null, 196, 'Moderate'),
(738, 9, '2026-06-18 12:27:26+00', 129.58, 175.21, 96.77, 49.21, 1.36, 75.82, null, 307, 'Very Poor'),
(739, 9, '2026-06-18 00:27:26+00', 151.35, 193.24, 64.26, 13.43, 0.38, 66.00, null, 324, 'Very Poor'),
(740, 9, '2026-06-17 18:27:26+00', 30.21, 48.69, 79.91, 26.32, 3.63, 129.04, null, 50, 'Satisfactory'),
(741, 9, '2026-06-17 12:27:26+00', 48.90, 95.36, 59.40, 51.42, 1.46, 24.24, null, 81, 'Satisfactory'),
(742, 9, '2026-06-17 00:27:26+00', 247.58, 371.30, 12.23, 59.27, 3.69, 48.38, null, 398, 'Very Poor'),
(743, 9, '2026-06-16 18:27:26+00', 146.54, 285.58, 95.63, 47.85, 1.79, 71.18, null, 320, 'Very Poor'),
(744, 9, '2026-06-16 12:27:26+00', 121.78, 149.19, 99.38, 31.06, 2.05, 68.16, null, 301, 'Very Poor'),
(745, 9, '2026-06-16 00:27:26+00', 23.96, 47.81, 58.21, 53.34, 2.99, 71.03, null, 38, 'Good'),
(746, 9, '2026-06-15 18:27:26+00', 156.25, 209.16, 84.84, 39.48, 1.32, 79.39, null, 327, 'Very Poor'),
(747, 9, '2026-06-15 12:27:26+00', 154.52, 300.63, 35.16, 31.55, 1.64, 124.14, null, 326, 'Very Poor'),
(748, 9, '2026-06-15 00:27:26+00', 139.14, 263.49, 94.79, 31.62, 3.39, 81.17, null, 314, 'Very Poor'),
(749, 9, '2026-06-14 18:27:26+00', 77.49, 147.26, 25.34, 5.96, 2.71, 23.36, null, 158, 'Moderate'),
(750, 9, '2026-06-14 12:27:26+00', 112.77, 182.21, 24.99, 46.20, 3.39, 69.30, null, 275, 'Poor'),
(751, 9, '2026-06-14 00:27:26+00', 98.83, 149.28, 77.35, 21.27, 0.84, 55.22, null, 229, 'Poor'),
(752, 9, '2026-06-13 18:27:26+00', 161.62, 196.09, 72.95, 13.47, 3.32, 140.08, null, 332, 'Very Poor'),
(753, 9, '2026-06-13 12:27:26+00', 91.58, 160.55, 59.62, 55.05, 0.62, 112.04, null, 205, 'Poor'),
(754, 9, '2026-06-13 00:27:26+00', 74.97, 147.16, 10.97, 15.45, 2.12, 111.25, null, 149, 'Moderate'),
(755, 9, '2026-06-12 18:27:26+00', 242.00, 310.41, 43.84, 18.78, 2.16, 62.55, null, 393, 'Very Poor'),
(756, 9, '2026-06-12 12:27:26+00', 150.72, 229.92, 29.77, 12.72, 1.50, 30.90, null, 323, 'Very Poor'),
(757, 9, '2026-06-12 00:27:26+00', 240.16, 338.61, 96.18, 23.74, 1.80, 137.55, null, 392, 'Very Poor'),
(758, 9, '2026-06-11 18:27:26+00', 241.67, 317.29, 94.54, 7.69, 3.22, 80.01, null, 393, 'Very Poor'),
(759, 9, '2026-06-11 12:27:26+00', 176.90, 222.90, 20.74, 8.02, 1.04, 109.19, null, 343, 'Very Poor'),
(760, 9, '2026-06-11 00:27:26+00', 68.46, 115.28, 78.89, 54.28, 0.82, 126.07, null, 128, 'Moderate'),
(761, 9, '2026-06-10 18:27:26+00', 229.33, 300.59, 54.44, 12.47, 1.01, 74.50, null, 384, 'Very Poor'),
(762, 9, '2026-06-10 12:27:26+00', 234.35, 424.40, 62.87, 43.87, 2.61, 29.11, null, 388, 'Very Poor'),
(763, 9, '2026-06-10 00:27:26+00', 241.81, 400.96, 15.79, 25.92, 1.74, 132.16, null, 393, 'Very Poor'),
(764, 9, '2026-06-09 18:27:26+00', 215.97, 378.30, 15.53, 11.10, 2.78, 53.61, null, 373, 'Very Poor'),
(765, 9, '2026-06-09 12:27:26+00', 22.81, 42.51, 66.73, 53.37, 3.11, 108.37, null, 36, 'Good'),
(766, 9, '2026-06-09 00:27:26+00', 240.09, 365.54, 83.03, 50.49, 3.94, 42.84, null, 392, 'Very Poor'),
(767, 9, '2026-06-08 18:27:26+00', 237.78, 342.59, 69.46, 6.14, 2.21, 39.01, null, 390, 'Very Poor'),
(768, 9, '2026-06-08 12:27:26+00', 97.18, 148.97, 85.10, 39.07, 0.83, 58.95, null, 223, 'Poor'),
(769, 9, '2026-06-08 00:27:26+00', 165.50, 322.16, 29.50, 44.24, 3.95, 21.77, null, 335, 'Very Poor'),
(770, 9, '2026-06-07 18:27:26+00', 68.61, 108.10, 91.19, 48.33, 2.16, 105.39, null, 128, 'Moderate'),
(771, 9, '2026-06-07 12:27:26+00', 168.74, 332.99, 31.02, 13.16, 2.57, 74.40, null, 337, 'Very Poor'),
(772, 9, '2026-06-07 00:27:26+00', 82.27, 158.13, 97.85, 15.60, 3.69, 24.09, null, 174, 'Moderate'),
(773, 9, '2026-06-06 18:27:26+00', 89.78, 140.72, 47.37, 14.41, 3.34, 149.59, null, 199, 'Moderate'),
(774, 9, '2026-06-06 12:27:26+00', 232.58, 335.89, 75.19, 19.56, 1.89, 118.44, null, 386, 'Very Poor'),
(775, 9, '2026-06-06 00:27:26+00', 188.75, 240.23, 67.87, 41.76, 1.58, 79.54, null, 352, 'Very Poor'),
(776, 9, '2026-06-05 18:27:26+00', 20.47, 34.03, 36.28, 11.47, 1.00, 99.33, null, 32, 'Good'),
(777, 9, '2026-06-05 12:27:26+00', 30.72, 39.05, 60.35, 21.55, 3.36, 136.26, null, 51, 'Satisfactory'),
(778, 9, '2026-06-05 00:27:26+00', 198.47, 373.43, 85.09, 5.32, 0.74, 117.69, null, 360, 'Very Poor'),
(779, 9, '2026-06-04 18:27:26+00', 152.52, 287.52, 80.56, 50.28, 3.27, 104.64, null, 325, 'Very Poor'),
(780, 9, '2026-06-04 12:27:26+00', 30.36, 58.63, 41.32, 37.11, 1.47, 66.40, null, 50, 'Satisfactory'),
(781, 9, '2026-06-04 00:27:26+00', 71.38, 123.85, 17.86, 46.35, 2.06, 100.01, null, 137, 'Moderate'),
(782, 9, '2026-06-03 18:27:26+00', 96.23, 136.93, 20.13, 40.56, 2.37, 136.06, null, 220, 'Poor'),
(783, 9, '2026-06-03 12:27:26+00', 175.69, 230.86, 77.93, 37.27, 0.60, 33.81, null, 342, 'Very Poor'),
(784, 9, '2026-06-03 00:27:26+00', 82.43, 159.93, 81.43, 7.23, 0.53, 144.94, null, 174, 'Moderate'),
(785, 9, '2026-06-02 18:27:26+00', 25.87, 45.09, 61.28, 8.26, 2.46, 31.20, null, 41, 'Good'),
(786, 9, '2026-06-02 12:27:26+00', 30.74, 58.38, 32.37, 47.42, 2.24, 149.44, null, 51, 'Satisfactory'),
(787, 9, '2026-06-02 00:27:26+00', 88.88, 137.64, 19.35, 19.47, 3.03, 120.30, null, 196, 'Moderate'),
(788, 9, '2026-06-01 18:27:26+00', 123.97, 227.88, 17.27, 47.04, 1.86, 119.23, null, 303, 'Very Poor'),
(789, 9, '2026-06-01 12:27:26+00', 79.58, 102.23, 79.55, 34.00, 2.85, 26.83, null, 165, 'Moderate'),
(790, 9, '2026-06-01 00:27:26+00', 168.71, 291.36, 78.15, 10.91, 0.86, 83.14, null, 337, 'Very Poor'),
(791, 9, '2026-05-31 18:27:26+00', 34.97, 46.22, 93.73, 47.22, 1.72, 28.41, null, 58, 'Satisfactory'),
(792, 9, '2026-05-31 12:27:26+00', 62.02, 83.22, 13.78, 27.81, 3.19, 40.34, null, 106, 'Moderate'),
(793, 9, '2026-05-31 00:27:26+00', 28.91, 43.85, 83.93, 14.86, 1.82, 61.50, null, 46, 'Good'),
(794, 9, '2026-05-30 18:27:26+00', 247.35, 300.72, 58.91, 49.42, 1.11, 106.66, null, 398, 'Very Poor'),
(795, 9, '2026-05-30 12:27:26+00', 46.07, 62.34, 68.89, 45.86, 2.60, 90.65, null, 76, 'Satisfactory'),
(796, 9, '2026-05-30 00:27:26+00', 116.39, 165.87, 43.79, 26.72, 1.81, 59.21, null, 287, 'Poor'),
(797, 9, '2026-05-29 18:27:26+00', 107.83, 180.61, 27.54, 53.94, 0.89, 108.16, null, 259, 'Poor'),
(798, 9, '2026-05-29 12:27:26+00', 146.56, 277.79, 77.61, 15.00, 3.38, 50.21, null, 320, 'Very Poor'),
(799, 9, '2026-05-29 00:27:26+00', 34.59, 66.00, 60.57, 41.05, 0.77, 42.83, null, 57, 'Satisfactory'),
(800, 9, '2026-05-28 18:27:26+00', 52.94, 76.60, 12.35, 13.27, 2.55, 69.76, null, 88, 'Satisfactory');
INSERT INTO air_quality_data (id, station_id, timestamp, pm25, pm10, no2, so2, co, o3, nh3, aqi, aqi_category) VALUES 
(801, 9, '2026-05-28 12:27:26+00', 69.83, 98.21, 26.52, 29.16, 2.10, 97.75, null, 132, 'Moderate'),
(802, 9, '2026-05-28 00:27:26+00', 83.14, 100.83, 37.50, 34.23, 2.81, 101.18, null, 177, 'Moderate'),
(803, 9, '2026-05-27 18:27:26+00', 225.34, 307.05, 47.40, 6.81, 3.91, 119.00, null, 381, 'Very Poor'),
(804, 9, '2026-05-27 12:27:26+00', 113.61, 139.95, 40.88, 9.69, 3.13, 139.34, null, 278, 'Poor'),
(805, 9, '2026-05-27 00:27:26+00', 197.04, 348.11, 33.21, 10.70, 3.40, 113.59, null, 359, 'Very Poor'),
(806, 9, '2026-05-26 18:27:26+00', 155.51, 209.30, 89.84, 30.47, 3.86, 36.78, null, 327, 'Very Poor'),
(807, 9, '2026-05-26 12:27:26+00', 190.24, 370.59, 45.43, 39.77, 1.12, 106.93, null, 354, 'Very Poor'),
(808, 9, '2026-05-26 00:27:26+00', 229.40, 433.31, 21.23, 57.03, 3.31, 92.58, null, 384, 'Very Poor'),
(809, 9, '2026-05-25 18:27:26+00', 32.44, 48.23, 83.07, 57.68, 0.68, 101.26, null, 54, 'Satisfactory'),
(810, 9, '2026-05-25 12:27:26+00', 177.40, 302.72, 96.09, 9.91, 3.07, 116.97, null, 344, 'Very Poor'),
(811, 10, '2026-06-24 00:27:26+00', 68.73, 95.15, 54.54, 43.26, 3.16, 97.82, null, 129, 'Moderate'),
(812, 10, '2026-06-23 18:27:26+00', 144.10, 230.93, 98.07, 50.30, 0.95, 83.48, null, 318, 'Very Poor'),
(813, 10, '2026-06-23 12:27:26+00', 48.37, 68.39, 61.93, 27.61, 2.26, 125.45, null, 80, 'Satisfactory'),
(814, 10, '2026-06-23 00:27:26+00', 67.65, 109.26, 54.79, 13.96, 0.94, 136.01, null, 125, 'Moderate'),
(815, 10, '2026-06-22 18:27:26+00', 133.15, 207.52, 56.77, 10.90, 2.28, 41.61, null, 310, 'Very Poor'),
(816, 10, '2026-06-22 12:27:26+00', 207.98, 337.88, 48.08, 13.64, 1.64, 102.56, null, 367, 'Very Poor'),
(817, 10, '2026-06-22 00:27:26+00', 214.72, 283.05, 38.30, 7.71, 3.08, 147.64, null, 372, 'Very Poor'),
(818, 10, '2026-06-21 18:27:26+00', 137.25, 265.42, 33.47, 19.05, 0.85, 139.01, null, 313, 'Very Poor'),
(819, 10, '2026-06-21 12:27:26+00', 47.07, 58.74, 52.19, 35.48, 3.76, 127.84, null, 78, 'Satisfactory'),
(820, 10, '2026-06-21 00:27:26+00', 242.71, 483.24, 81.47, 21.98, 1.55, 27.80, null, 394, 'Very Poor'),
(821, 10, '2026-06-20 18:27:26+00', 170.36, 284.66, 53.61, 16.06, 0.63, 28.63, null, 338, 'Very Poor'),
(822, 10, '2026-06-20 12:27:26+00', 185.87, 321.45, 81.78, 32.35, 1.95, 122.59, null, 350, 'Very Poor'),
(823, 10, '2026-06-20 00:27:26+00', 147.00, 265.74, 87.07, 23.63, 0.52, 140.95, null, 320, 'Very Poor'),
(824, 10, '2026-06-19 18:27:26+00', 186.95, 337.06, 26.00, 16.86, 0.36, 52.05, null, 351, 'Very Poor'),
(825, 10, '2026-06-19 12:27:26+00', 134.19, 242.36, 46.37, 6.61, 0.97, 54.33, null, 310, 'Very Poor'),
(826, 10, '2026-06-19 00:27:26+00', 44.55, 73.27, 30.12, 17.69, 1.97, 101.43, null, 74, 'Satisfactory'),
(827, 10, '2026-06-18 18:27:26+00', 215.56, 413.77, 79.22, 12.68, 2.42, 34.37, null, 373, 'Very Poor'),
(828, 10, '2026-06-18 12:27:26+00', 64.27, 126.51, 56.97, 39.19, 2.41, 57.05, null, 114, 'Moderate'),
(829, 10, '2026-06-18 00:27:26+00', 77.68, 97.64, 64.07, 52.74, 2.96, 47.51, null, 158, 'Moderate'),
(830, 10, '2026-06-17 18:27:26+00', 222.44, 411.40, 11.74, 24.53, 3.15, 91.28, null, 378, 'Very Poor'),
(831, 10, '2026-06-17 12:27:26+00', 245.39, 307.27, 95.43, 17.70, 2.17, 80.55, null, 396, 'Very Poor'),
(832, 10, '2026-06-17 00:27:26+00', 195.52, 332.19, 34.03, 58.28, 2.16, 50.68, null, 358, 'Very Poor'),
(833, 10, '2026-06-16 18:27:26+00', 30.82, 53.75, 42.38, 41.81, 3.34, 70.28, null, 51, 'Satisfactory'),
(834, 10, '2026-06-16 12:27:26+00', 218.13, 323.20, 18.92, 32.23, 2.67, 72.46, null, 375, 'Very Poor'),
(835, 10, '2026-06-16 00:27:26+00', 102.27, 178.23, 25.72, 22.67, 2.53, 62.94, null, 240, 'Poor'),
(836, 10, '2026-06-15 18:27:26+00', 76.46, 128.70, 95.29, 35.86, 2.95, 89.72, null, 154, 'Moderate'),
(837, 10, '2026-06-15 12:27:26+00', 196.07, 346.09, 99.24, 13.17, 0.50, 139.68, null, 358, 'Very Poor'),
(838, 10, '2026-06-15 00:27:26+00', 204.45, 406.74, 92.49, 51.59, 3.44, 101.54, null, 365, 'Very Poor'),
(839, 10, '2026-06-14 18:27:26+00', 159.80, 296.88, 46.91, 57.34, 1.11, 88.35, null, 330, 'Very Poor'),
(840, 10, '2026-06-14 12:27:26+00', 210.67, 272.17, 30.80, 51.05, 1.62, 33.18, null, 369, 'Very Poor'),
(841, 10, '2026-06-14 00:27:26+00', 94.48, 133.15, 88.00, 29.34, 0.39, 31.95, null, 214, 'Poor'),
(842, 10, '2026-06-13 18:27:26+00', 198.30, 347.43, 73.54, 12.81, 0.59, 59.47, null, 360, 'Very Poor'),
(843, 10, '2026-06-13 12:27:26+00', 205.98, 361.11, 53.66, 31.78, 3.69, 72.54, null, 366, 'Very Poor'),
(844, 10, '2026-06-13 00:27:26+00', 181.60, 249.10, 45.88, 41.29, 0.74, 53.51, null, 347, 'Very Poor'),
(845, 10, '2026-06-12 18:27:26+00', 132.69, 173.27, 33.59, 19.84, 3.43, 51.89, null, 309, 'Very Poor'),
(846, 10, '2026-06-12 12:27:26+00', 115.91, 158.88, 20.63, 38.29, 3.03, 60.21, null, 286, 'Poor'),
(847, 10, '2026-06-12 00:27:26+00', 63.70, 85.39, 73.91, 47.39, 0.41, 144.39, null, 112, 'Moderate'),
(848, 10, '2026-06-11 18:27:26+00', 123.30, 236.09, 12.26, 55.21, 2.80, 149.63, null, 302, 'Very Poor'),
(849, 10, '2026-06-11 12:27:26+00', 24.05, 34.42, 28.15, 15.00, 0.77, 149.37, null, 38, 'Good'),
(850, 10, '2026-06-11 00:27:26+00', 70.57, 89.16, 71.03, 55.45, 1.88, 53.58, null, 135, 'Moderate'),
(851, 10, '2026-06-10 18:27:26+00', 60.68, 87.13, 83.13, 27.94, 3.17, 68.68, null, 102, 'Moderate'),
(852, 10, '2026-06-10 12:27:26+00', 131.55, 229.58, 73.18, 41.33, 3.15, 148.42, null, 308, 'Very Poor'),
(853, 10, '2026-06-10 00:27:26+00', 232.31, 457.97, 67.98, 20.52, 0.65, 23.06, null, 386, 'Very Poor'),
(854, 10, '2026-06-09 18:27:26+00', 53.85, 91.41, 33.46, 32.32, 3.56, 28.11, null, 89, 'Satisfactory'),
(855, 10, '2026-06-09 12:27:26+00', 226.11, 347.84, 31.97, 37.76, 0.50, 43.98, null, 381, 'Very Poor'),
(856, 10, '2026-06-09 00:27:26+00', 237.57, 406.35, 86.42, 49.78, 1.93, 42.28, null, 390, 'Very Poor'),
(857, 10, '2026-06-08 18:27:26+00', 102.31, 174.56, 85.94, 51.01, 1.37, 138.77, null, 240, 'Poor'),
(858, 10, '2026-06-08 12:27:26+00', 82.77, 160.38, 49.19, 32.92, 1.56, 113.25, null, 175, 'Moderate'),
(859, 10, '2026-06-08 00:27:26+00', 173.05, 279.92, 13.57, 25.64, 1.30, 36.51, null, 340, 'Very Poor'),
(860, 10, '2026-06-07 18:27:26+00', 113.54, 224.84, 12.00, 41.57, 0.77, 146.34, null, 278, 'Poor'),
(861, 10, '2026-06-07 12:27:26+00', 241.33, 431.51, 44.84, 14.45, 2.99, 56.89, null, 393, 'Very Poor'),
(862, 10, '2026-06-07 00:27:26+00', 202.14, 403.03, 58.46, 48.04, 0.84, 140.43, null, 363, 'Very Poor'),
(863, 10, '2026-06-06 18:27:26+00', 37.14, 49.31, 18.39, 48.49, 2.21, 99.37, null, 61, 'Satisfactory'),
(864, 10, '2026-06-06 12:27:26+00', 204.71, 343.12, 58.48, 56.15, 1.18, 135.86, null, 365, 'Very Poor'),
(865, 10, '2026-06-06 00:27:26+00', 144.87, 258.36, 40.24, 57.43, 3.88, 95.46, null, 319, 'Very Poor'),
(866, 10, '2026-06-05 18:27:26+00', 68.97, 95.94, 90.13, 34.97, 0.80, 136.81, null, 129, 'Moderate'),
(867, 10, '2026-06-05 12:27:26+00', 107.23, 166.08, 61.22, 38.57, 0.83, 71.84, null, 257, 'Poor'),
(868, 10, '2026-06-05 00:27:26+00', 23.33, 42.00, 98.73, 9.89, 3.39, 82.13, null, 37, 'Good'),
(869, 10, '2026-06-04 18:27:26+00', 136.78, 175.99, 40.78, 49.15, 3.00, 120.81, null, 312, 'Very Poor'),
(870, 10, '2026-06-04 12:27:26+00', 100.72, 163.75, 90.71, 50.53, 0.58, 31.81, null, 235, 'Poor'),
(871, 10, '2026-06-04 00:27:26+00', 173.64, 214.42, 71.44, 59.17, 0.56, 129.02, null, 341, 'Very Poor'),
(872, 10, '2026-06-03 18:27:26+00', 241.72, 370.43, 19.84, 38.37, 1.46, 31.97, null, 393, 'Very Poor'),
(873, 10, '2026-06-03 12:27:26+00', 99.00, 188.56, 80.58, 45.23, 2.20, 78.70, null, 229, 'Poor'),
(874, 10, '2026-06-03 00:27:26+00', 242.48, 473.23, 91.97, 55.59, 2.78, 121.18, null, 394, 'Very Poor'),
(875, 10, '2026-06-02 18:27:26+00', 164.25, 270.44, 40.36, 36.69, 3.63, 91.36, null, 334, 'Very Poor'),
(876, 10, '2026-06-02 12:27:26+00', 224.91, 329.15, 79.15, 30.10, 0.44, 59.72, null, 380, 'Very Poor'),
(877, 10, '2026-06-02 00:27:26+00', 78.62, 145.33, 58.32, 34.63, 3.27, 93.34, null, 161, 'Moderate'),
(878, 10, '2026-06-01 18:27:26+00', 208.52, 372.13, 27.31, 11.78, 2.16, 36.02, null, 368, 'Very Poor'),
(879, 10, '2026-06-01 12:27:26+00', 104.46, 170.49, 84.62, 11.90, 2.28, 89.85, null, 248, 'Poor'),
(880, 10, '2026-06-01 00:27:26+00', 198.01, 257.13, 31.62, 7.56, 3.40, 95.08, null, 360, 'Very Poor'),
(881, 10, '2026-05-31 18:27:26+00', 48.17, 91.06, 28.71, 11.89, 0.37, 38.64, null, 80, 'Satisfactory'),
(882, 10, '2026-05-31 12:27:26+00', 197.08, 289.29, 10.03, 41.91, 2.25, 81.78, null, 359, 'Very Poor'),
(883, 10, '2026-05-31 00:27:26+00', 138.26, 201.17, 12.66, 54.04, 2.55, 57.51, null, 314, 'Very Poor'),
(884, 10, '2026-05-30 18:27:26+00', 148.37, 258.18, 85.11, 31.33, 0.45, 30.32, null, 321, 'Very Poor'),
(885, 10, '2026-05-30 12:27:26+00', 25.74, 33.24, 79.74, 36.67, 0.32, 125.39, null, 41, 'Good'),
(886, 10, '2026-05-30 00:27:26+00', 99.01, 172.60, 60.97, 21.77, 3.13, 99.29, null, 230, 'Poor'),
(887, 10, '2026-05-29 18:27:26+00', 40.58, 80.88, 80.17, 36.14, 3.57, 38.27, null, 67, 'Satisfactory'),
(888, 10, '2026-05-29 12:27:26+00', 228.88, 391.81, 43.37, 45.77, 1.75, 145.80, null, 383, 'Very Poor'),
(889, 10, '2026-05-29 00:27:26+00', 71.51, 109.67, 92.62, 17.03, 1.86, 130.64, null, 138, 'Moderate'),
(890, 10, '2026-05-28 18:27:26+00', 159.77, 242.65, 78.88, 58.09, 0.56, 119.23, null, 330, 'Very Poor'),
(891, 10, '2026-05-28 12:27:26+00', 80.42, 106.19, 97.14, 49.21, 0.74, 27.39, null, 167, 'Moderate'),
(892, 10, '2026-05-28 00:27:26+00', 55.20, 72.93, 14.48, 37.84, 1.50, 63.62, null, 92, 'Satisfactory'),
(893, 10, '2026-05-27 18:27:26+00', 45.07, 89.93, 18.23, 17.52, 1.21, 126.61, null, 75, 'Satisfactory'),
(894, 10, '2026-05-27 12:27:26+00', 61.97, 79.51, 41.24, 43.24, 0.73, 20.77, null, 106, 'Moderate'),
(895, 10, '2026-05-27 00:27:26+00', 231.55, 392.44, 34.92, 40.02, 0.64, 141.47, null, 385, 'Very Poor'),
(896, 10, '2026-05-26 18:27:26+00', 73.54, 125.73, 45.75, 14.54, 1.57, 114.68, null, 145, 'Moderate'),
(897, 10, '2026-05-26 12:27:26+00', 233.83, 398.75, 44.54, 10.93, 2.55, 138.90, null, 387, 'Very Poor'),
(898, 10, '2026-05-26 00:27:26+00', 238.59, 338.52, 42.24, 40.57, 1.70, 96.80, null, 391, 'Very Poor'),
(899, 10, '2026-05-25 18:27:26+00', 146.75, 196.60, 84.56, 26.25, 1.33, 113.72, null, 320, 'Very Poor'),
(900, 10, '2026-05-25 12:27:26+00', 105.14, 197.52, 98.03, 10.11, 3.77, 36.65, null, 250, 'Poor');
INSERT INTO air_quality_data (id, station_id, timestamp, pm25, pm10, no2, so2, co, o3, nh3, aqi, aqi_category) VALUES 
(901, 11, '2026-06-24 00:27:26+00', 88.75, 167.17, 32.39, 59.52, 2.14, 122.87, null, 195, 'Moderate'),
(902, 11, '2026-06-23 18:27:26+00', 131.06, 207.47, 15.92, 38.97, 2.89, 126.98, null, 308, 'Very Poor'),
(903, 11, '2026-06-23 12:27:26+00', 156.76, 209.18, 41.12, 10.86, 0.92, 61.05, null, 328, 'Very Poor'),
(904, 11, '2026-06-23 00:27:26+00', 134.90, 200.64, 46.89, 50.85, 2.63, 143.35, null, 311, 'Very Poor'),
(905, 11, '2026-06-22 18:27:26+00', 239.97, 354.23, 93.89, 15.11, 2.35, 101.08, null, 392, 'Very Poor'),
(906, 11, '2026-06-22 12:27:26+00', 37.94, 70.72, 65.62, 10.43, 1.07, 42.21, null, 63, 'Satisfactory'),
(907, 11, '2026-06-22 00:27:26+00', 175.88, 223.29, 44.45, 18.59, 0.59, 130.26, null, 343, 'Very Poor'),
(908, 11, '2026-06-21 18:27:26+00', 194.37, 347.60, 53.93, 5.70, 1.36, 70.90, null, 357, 'Very Poor'),
(909, 11, '2026-06-21 12:27:26+00', 87.02, 163.60, 30.97, 32.40, 2.04, 83.72, null, 189, 'Moderate'),
(910, 11, '2026-06-21 00:27:26+00', 46.80, 71.71, 34.58, 13.73, 3.01, 80.28, null, 78, 'Satisfactory'),
(911, 11, '2026-06-20 18:27:26+00', 157.45, 224.03, 78.61, 43.70, 2.13, 117.86, null, 328, 'Very Poor'),
(912, 11, '2026-06-20 12:27:26+00', 29.73, 57.23, 83.39, 55.24, 2.41, 114.30, null, 47, 'Good'),
(913, 11, '2026-06-20 00:27:26+00', 62.73, 110.97, 80.22, 20.29, 1.93, 33.65, null, 109, 'Moderate'),
(914, 11, '2026-06-19 18:27:26+00', 153.40, 233.42, 22.22, 40.80, 3.62, 24.31, null, 325, 'Very Poor'),
(915, 11, '2026-06-19 12:27:26+00', 223.96, 268.93, 69.67, 14.77, 2.03, 68.87, null, 380, 'Very Poor'),
(916, 11, '2026-06-19 00:27:26+00', 201.36, 310.97, 92.00, 40.44, 3.73, 55.78, null, 362, 'Very Poor'),
(917, 11, '2026-06-18 18:27:26+00', 95.11, 158.93, 23.93, 7.34, 2.49, 140.88, null, 217, 'Poor'),
(918, 11, '2026-06-18 12:27:26+00', 92.65, 121.55, 37.99, 6.97, 3.64, 119.78, null, 208, 'Poor'),
(919, 11, '2026-06-18 00:27:26+00', 150.81, 284.91, 22.56, 43.89, 0.67, 80.04, null, 323, 'Very Poor'),
(920, 11, '2026-06-17 18:27:26+00', 212.58, 278.77, 81.73, 34.81, 3.76, 143.04, null, 371, 'Very Poor'),
(921, 11, '2026-06-17 12:27:26+00', 77.02, 148.22, 18.55, 22.10, 1.70, 65.07, null, 156, 'Moderate'),
(922, 11, '2026-06-17 00:27:26+00', 20.21, 30.67, 76.65, 31.72, 0.83, 138.93, null, 32, 'Good'),
(923, 11, '2026-06-16 18:27:26+00', 172.25, 246.87, 72.19, 11.57, 0.83, 81.29, null, 340, 'Very Poor'),
(924, 11, '2026-06-16 12:27:26+00', 46.00, 81.63, 19.14, 25.57, 0.58, 38.58, null, 76, 'Satisfactory'),
(925, 11, '2026-06-16 00:27:26+00', 214.13, 395.60, 19.26, 7.72, 0.45, 146.26, null, 372, 'Very Poor'),
(926, 11, '2026-06-15 18:27:26+00', 170.45, 337.72, 57.51, 31.04, 3.08, 92.17, null, 338, 'Very Poor'),
(927, 11, '2026-06-15 12:27:26+00', 45.37, 86.06, 88.36, 46.24, 0.68, 118.50, null, 75, 'Satisfactory'),
(928, 11, '2026-06-15 00:27:26+00', 235.25, 341.18, 42.83, 28.03, 1.39, 73.60, null, 388, 'Very Poor'),
(929, 11, '2026-06-14 18:27:26+00', 123.82, 231.87, 78.89, 42.30, 1.60, 119.41, null, 302, 'Very Poor'),
(930, 11, '2026-06-14 12:27:26+00', 224.05, 431.99, 91.00, 45.83, 0.91, 40.45, null, 380, 'Very Poor'),
(931, 11, '2026-06-14 00:27:26+00', 189.71, 363.43, 98.01, 37.05, 1.01, 78.19, null, 353, 'Very Poor'),
(932, 11, '2026-06-13 18:27:26+00', 203.39, 322.39, 81.44, 12.16, 0.46, 34.79, null, 364, 'Very Poor'),
(933, 11, '2026-06-13 12:27:26+00', 57.58, 78.12, 98.42, 37.18, 2.05, 139.67, null, 96, 'Satisfactory'),
(934, 11, '2026-06-13 00:27:26+00', 60.60, 114.31, 17.55, 44.06, 3.73, 96.57, null, 102, 'Moderate'),
(935, 11, '2026-06-12 18:27:26+00', 138.55, 243.72, 81.72, 34.49, 3.35, 28.10, null, 314, 'Very Poor'),
(936, 11, '2026-06-12 12:27:26+00', 113.13, 208.68, 85.04, 22.56, 2.30, 25.44, null, 277, 'Poor'),
(937, 11, '2026-06-12 00:27:26+00', 170.48, 241.27, 48.21, 12.46, 2.30, 50.42, null, 338, 'Very Poor'),
(938, 11, '2026-06-11 18:27:26+00', 234.84, 417.03, 86.30, 19.59, 0.39, 66.23, null, 388, 'Very Poor'),
(939, 11, '2026-06-11 12:27:26+00', 98.34, 129.37, 19.20, 51.54, 0.34, 87.14, null, 227, 'Poor'),
(940, 11, '2026-06-11 00:27:26+00', 33.49, 45.88, 63.62, 16.96, 2.69, 122.13, null, 55, 'Satisfactory'),
(941, 11, '2026-06-10 18:27:26+00', 209.75, 287.11, 39.97, 58.82, 2.10, 53.57, null, 369, 'Very Poor'),
(942, 11, '2026-06-10 12:27:26+00', 166.06, 220.35, 17.48, 24.10, 3.59, 29.11, null, 335, 'Very Poor'),
(943, 11, '2026-06-10 00:27:26+00', 151.07, 270.81, 56.87, 47.76, 2.02, 126.44, null, 323, 'Very Poor'),
(944, 11, '2026-06-09 18:27:26+00', 72.60, 112.21, 80.90, 36.45, 0.69, 68.94, null, 141, 'Moderate'),
(945, 11, '2026-06-09 12:27:26+00', 174.98, 310.11, 86.23, 52.51, 1.88, 146.79, null, 342, 'Very Poor'),
(946, 11, '2026-06-09 00:27:26+00', 129.69, 249.33, 98.95, 22.39, 2.02, 80.71, null, 307, 'Very Poor'),
(947, 11, '2026-06-08 18:27:26+00', 175.68, 273.82, 56.60, 21.33, 1.45, 77.82, null, 342, 'Very Poor'),
(948, 11, '2026-06-08 12:27:26+00', 207.60, 282.10, 51.49, 49.01, 1.25, 108.05, null, 367, 'Very Poor'),
(949, 11, '2026-06-08 00:27:26+00', 161.53, 320.00, 57.84, 47.35, 2.95, 23.09, null, 331, 'Very Poor'),
(950, 11, '2026-06-07 18:27:26+00', 25.66, 36.31, 26.81, 47.05, 1.47, 94.65, null, 41, 'Good'),
(951, 11, '2026-06-07 12:27:26+00', 21.94, 28.88, 97.74, 47.33, 0.63, 58.71, null, 35, 'Good'),
(952, 11, '2026-06-07 00:27:26+00', 219.72, 394.18, 64.19, 10.39, 1.81, 119.43, null, 376, 'Very Poor'),
(953, 11, '2026-06-06 18:27:26+00', 184.61, 290.68, 69.86, 9.18, 3.56, 44.62, null, 349, 'Very Poor'),
(954, 11, '2026-06-06 12:27:26+00', 203.04, 262.23, 42.96, 38.20, 0.52, 26.21, null, 363, 'Very Poor'),
(955, 11, '2026-06-06 00:27:26+00', 227.93, 380.05, 68.41, 48.46, 3.38, 127.98, null, 383, 'Very Poor'),
(956, 11, '2026-06-05 18:27:26+00', 213.34, 298.52, 10.50, 18.74, 3.84, 46.23, null, 371, 'Very Poor'),
(957, 11, '2026-06-05 12:27:26+00', 66.20, 129.74, 33.75, 5.11, 1.62, 126.58, null, 120, 'Moderate'),
(958, 11, '2026-06-05 00:27:26+00', 22.38, 30.70, 16.90, 18.24, 0.73, 107.35, null, 35, 'Good'),
(959, 11, '2026-06-04 18:27:26+00', 242.37, 295.32, 73.63, 43.99, 1.62, 80.19, null, 394, 'Very Poor'),
(960, 11, '2026-06-04 12:27:26+00', 157.71, 239.96, 93.43, 50.43, 3.61, 84.99, null, 329, 'Very Poor'),
(961, 11, '2026-06-04 00:27:26+00', 88.52, 166.55, 43.30, 9.78, 1.40, 34.00, null, 194, 'Moderate'),
(962, 11, '2026-06-03 18:27:26+00', 238.67, 324.16, 78.21, 30.59, 0.88, 80.95, null, 391, 'Very Poor'),
(963, 11, '2026-06-03 12:27:26+00', 249.74, 384.71, 83.66, 35.76, 3.57, 131.26, null, 399, 'Very Poor'),
(964, 11, '2026-06-03 00:27:26+00', 36.96, 57.06, 73.72, 17.84, 0.43, 142.87, null, 61, 'Satisfactory'),
(965, 11, '2026-06-02 18:27:26+00', 46.95, 85.99, 56.93, 52.67, 1.20, 48.00, null, 78, 'Satisfactory'),
(966, 11, '2026-06-02 12:27:26+00', 131.74, 180.10, 14.25, 10.06, 1.45, 118.08, null, 309, 'Very Poor'),
(967, 11, '2026-06-02 00:27:26+00', 45.41, 87.09, 33.80, 13.82, 1.01, 37.50, null, 75, 'Satisfactory'),
(968, 11, '2026-06-01 18:27:26+00', 164.54, 287.43, 13.64, 9.08, 0.38, 149.32, null, 334, 'Very Poor'),
(969, 11, '2026-06-01 12:27:26+00', 198.42, 244.97, 83.73, 6.27, 1.12, 54.39, null, 360, 'Very Poor'),
(970, 11, '2026-06-01 00:27:26+00', 205.91, 254.91, 75.86, 27.21, 2.43, 85.37, null, 366, 'Very Poor'),
(971, 11, '2026-05-31 18:27:26+00', 80.18, 155.02, 47.66, 33.95, 1.01, 96.94, null, 167, 'Moderate'),
(972, 11, '2026-05-31 12:27:26+00', 239.02, 457.59, 27.93, 42.59, 1.40, 119.63, null, 391, 'Very Poor'),
(973, 11, '2026-05-31 00:27:26+00', 35.52, 49.46, 79.84, 24.77, 3.91, 86.66, null, 59, 'Satisfactory'),
(974, 11, '2026-05-30 18:27:26+00', 201.43, 312.63, 52.70, 17.34, 1.46, 31.83, null, 362, 'Very Poor'),
(975, 11, '2026-05-30 12:27:26+00', 33.64, 66.25, 61.16, 16.18, 1.34, 110.21, null, 56, 'Satisfactory'),
(976, 11, '2026-05-30 00:27:26+00', 184.08, 240.59, 64.70, 15.05, 2.66, 44.07, null, 349, 'Very Poor'),
(977, 11, '2026-05-29 18:27:26+00', 128.79, 180.95, 80.73, 6.76, 2.71, 82.89, null, 306, 'Very Poor'),
(978, 11, '2026-05-29 12:27:26+00', 178.55, 333.40, 10.79, 33.60, 1.23, 127.16, null, 345, 'Very Poor'),
(979, 11, '2026-05-29 00:27:26+00', 201.91, 394.05, 45.12, 22.11, 3.00, 94.10, null, 363, 'Very Poor'),
(980, 11, '2026-05-28 18:27:26+00', 38.46, 62.17, 86.11, 57.68, 1.52, 60.41, null, 64, 'Satisfactory'),
(981, 11, '2026-05-28 12:27:26+00', 135.69, 199.11, 66.97, 52.68, 3.05, 36.43, null, 312, 'Very Poor'),
(982, 11, '2026-05-28 00:27:26+00', 202.78, 313.04, 81.41, 44.72, 1.27, 145.11, null, 363, 'Very Poor'),
(983, 11, '2026-05-27 18:27:26+00', 71.91, 134.27, 46.33, 44.78, 0.73, 60.09, null, 139, 'Moderate'),
(984, 11, '2026-05-27 12:27:26+00', 71.58, 107.68, 94.75, 35.96, 0.60, 105.89, null, 138, 'Moderate'),
(985, 11, '2026-05-27 00:27:26+00', 46.72, 87.70, 29.89, 36.37, 0.30, 132.85, null, 77, 'Satisfactory'),
(986, 11, '2026-05-26 18:27:26+00', 249.78, 444.00, 89.04, 43.61, 1.31, 26.03, null, 399, 'Very Poor'),
(987, 11, '2026-05-26 12:27:26+00', 229.30, 330.85, 14.84, 55.50, 3.43, 148.66, null, 384, 'Very Poor'),
(988, 11, '2026-05-26 00:27:26+00', 192.96, 254.48, 10.31, 50.95, 0.47, 85.41, null, 356, 'Very Poor'),
(989, 11, '2026-05-25 18:27:26+00', 135.46, 211.37, 40.89, 19.60, 2.40, 77.89, null, 311, 'Very Poor'),
(990, 11, '2026-05-25 12:27:26+00', 207.61, 333.31, 41.40, 16.11, 1.93, 35.30, null, 367, 'Very Poor'),
(991, 12, '2026-06-24 00:27:26+00', 89.27, 169.28, 85.72, 17.41, 3.84, 37.26, null, 197, 'Moderate'),
(992, 12, '2026-06-23 18:27:26+00', 66.97, 107.13, 33.66, 26.57, 1.90, 133.49, null, 123, 'Moderate'),
(993, 12, '2026-06-23 12:27:26+00', 207.10, 327.41, 18.64, 16.88, 1.75, 92.77, null, 367, 'Very Poor'),
(994, 12, '2026-06-23 00:27:26+00', 184.92, 363.34, 92.94, 12.29, 3.07, 86.36, null, 349, 'Very Poor'),
(995, 12, '2026-06-22 18:27:26+00', 203.66, 250.15, 42.81, 41.77, 1.41, 62.27, null, 364, 'Very Poor'),
(996, 12, '2026-06-22 12:27:26+00', 70.49, 130.35, 17.33, 42.75, 3.10, 47.93, null, 134, 'Moderate'),
(997, 12, '2026-06-22 00:27:26+00', 196.51, 381.20, 70.93, 42.58, 3.85, 136.38, null, 358, 'Very Poor'),
(998, 12, '2026-06-21 18:27:26+00', 203.49, 386.95, 22.79, 31.56, 3.89, 67.84, null, 364, 'Very Poor'),
(999, 12, '2026-06-21 12:27:26+00', 180.64, 264.06, 68.46, 55.52, 3.14, 94.45, null, 346, 'Very Poor'),
(1000, 12, '2026-06-21 00:27:26+00', 201.67, 318.06, 99.69, 39.20, 2.00, 33.09, null, 362, 'Very Poor');
INSERT INTO air_quality_data (id, station_id, timestamp, pm25, pm10, no2, so2, co, o3, nh3, aqi, aqi_category) VALUES 
(1001, 12, '2026-06-20 18:27:26+00', 169.67, 304.95, 43.96, 8.32, 1.14, 76.24, null, 338, 'Very Poor'),
(1002, 12, '2026-06-20 12:27:26+00', 162.14, 316.06, 40.63, 30.12, 2.14, 138.76, null, 332, 'Very Poor'),
(1003, 12, '2026-06-20 00:27:26+00', 218.72, 289.71, 52.56, 16.37, 0.77, 40.75, null, 376, 'Very Poor'),
(1004, 12, '2026-06-19 18:27:26+00', 113.48, 213.39, 23.72, 37.88, 3.56, 103.78, null, 278, 'Poor'),
(1005, 12, '2026-06-19 12:27:26+00', 105.74, 162.98, 31.18, 29.16, 2.89, 59.45, null, 252, 'Poor'),
(1006, 12, '2026-06-19 00:27:26+00', 103.70, 175.88, 20.75, 53.98, 3.30, 45.19, null, 245, 'Poor'),
(1007, 12, '2026-06-18 18:27:26+00', 223.68, 376.94, 76.47, 29.74, 0.54, 74.72, null, 379, 'Very Poor'),
(1008, 12, '2026-06-18 12:27:26+00', 170.24, 251.32, 50.94, 20.10, 2.20, 85.34, null, 338, 'Very Poor'),
(1009, 12, '2026-06-18 00:27:26+00', 141.92, 215.42, 11.04, 19.53, 2.60, 144.54, null, 316, 'Very Poor'),
(1010, 12, '2026-06-17 18:27:26+00', 89.48, 167.82, 70.72, 16.58, 2.28, 86.19, null, 198, 'Moderate'),
(1011, 12, '2026-06-17 12:27:26+00', 244.28, 483.97, 45.08, 59.13, 3.28, 142.20, null, 395, 'Very Poor'),
(1012, 12, '2026-06-17 00:27:26+00', 156.72, 275.52, 11.76, 58.57, 3.94, 27.08, null, 328, 'Very Poor'),
(1013, 12, '2026-06-16 18:27:26+00', 91.93, 137.01, 94.09, 47.35, 2.60, 22.10, null, 206, 'Poor'),
(1014, 12, '2026-06-16 12:27:26+00', 48.89, 73.57, 56.68, 17.32, 3.65, 107.85, null, 81, 'Satisfactory'),
(1015, 12, '2026-06-16 00:27:26+00', 49.27, 77.28, 89.40, 6.38, 0.93, 69.17, null, 82, 'Satisfactory'),
(1016, 12, '2026-06-15 18:27:26+00', 181.36, 224.18, 63.40, 45.19, 2.41, 113.24, null, 347, 'Very Poor'),
(1017, 12, '2026-06-15 12:27:26+00', 173.35, 320.26, 93.77, 11.77, 3.23, 32.76, null, 341, 'Very Poor'),
(1018, 12, '2026-06-15 00:27:26+00', 197.21, 304.00, 97.52, 43.44, 0.66, 68.97, null, 359, 'Very Poor'),
(1019, 12, '2026-06-14 18:27:26+00', 95.70, 140.62, 50.27, 16.15, 3.95, 28.10, null, 218, 'Poor'),
(1020, 12, '2026-06-14 12:27:26+00', 184.27, 317.50, 88.01, 21.16, 1.79, 148.95, null, 349, 'Very Poor'),
(1021, 12, '2026-06-14 00:27:26+00', 89.61, 134.08, 25.70, 14.43, 1.05, 121.03, null, 198, 'Moderate'),
(1022, 12, '2026-06-13 18:27:26+00', 146.36, 268.62, 98.66, 54.62, 3.01, 118.23, null, 320, 'Very Poor'),
(1023, 12, '2026-06-13 12:27:26+00', 29.89, 58.38, 84.02, 23.38, 0.64, 68.71, null, 47, 'Good'),
(1024, 12, '2026-06-13 00:27:26+00', 236.59, 372.21, 89.48, 18.27, 0.94, 58.41, null, 389, 'Very Poor'),
(1025, 12, '2026-06-12 18:27:26+00', 209.88, 336.13, 90.56, 17.99, 0.49, 130.30, null, 369, 'Very Poor'),
(1026, 12, '2026-06-12 12:27:26+00', 206.98, 251.60, 54.26, 20.93, 3.03, 110.81, null, 366, 'Very Poor'),
(1027, 12, '2026-06-12 00:27:26+00', 73.41, 136.31, 48.20, 25.52, 1.01, 50.16, null, 144, 'Moderate'),
(1028, 12, '2026-06-11 18:27:26+00', 168.71, 296.31, 31.54, 14.96, 3.82, 125.76, null, 337, 'Very Poor'),
(1029, 12, '2026-06-11 12:27:26+00', 196.96, 383.95, 75.71, 52.96, 0.48, 47.08, null, 359, 'Very Poor'),
(1030, 12, '2026-06-11 00:27:26+00', 211.25, 417.50, 18.58, 9.45, 0.78, 103.85, null, 370, 'Very Poor'),
(1031, 12, '2026-06-10 18:27:26+00', 178.34, 322.49, 67.52, 17.70, 2.54, 113.83, null, 344, 'Very Poor'),
(1032, 12, '2026-06-10 12:27:26+00', 97.94, 195.17, 93.38, 53.94, 3.28, 87.69, null, 226, 'Poor'),
(1033, 12, '2026-06-10 00:27:26+00', 70.57, 95.09, 39.11, 8.55, 2.31, 88.48, null, 135, 'Moderate'),
(1034, 12, '2026-06-09 18:27:26+00', 25.45, 33.51, 63.71, 51.03, 3.80, 143.93, null, 40, 'Good'),
(1035, 12, '2026-06-09 12:27:26+00', 129.75, 255.63, 77.08, 44.17, 0.65, 119.35, null, 307, 'Very Poor'),
(1036, 12, '2026-06-09 00:27:26+00', 200.65, 307.24, 40.03, 42.91, 2.17, 89.33, null, 362, 'Very Poor'),
(1037, 12, '2026-06-08 18:27:26+00', 146.50, 290.72, 53.38, 34.57, 0.65, 86.07, null, 320, 'Very Poor'),
(1038, 12, '2026-06-08 12:27:26+00', 152.15, 286.21, 63.92, 49.18, 3.44, 116.68, null, 324, 'Very Poor'),
(1039, 12, '2026-06-08 00:27:26+00', 238.01, 351.56, 77.27, 51.73, 0.79, 136.85, null, 390, 'Very Poor'),
(1040, 12, '2026-06-07 18:27:26+00', 241.53, 383.72, 23.25, 50.19, 0.96, 20.20, null, 393, 'Very Poor'),
(1041, 12, '2026-06-07 12:27:26+00', 214.04, 367.94, 39.54, 29.04, 1.34, 140.53, null, 372, 'Very Poor'),
(1042, 12, '2026-06-07 00:27:26+00', 151.43, 276.46, 11.43, 46.07, 0.43, 102.37, null, 324, 'Very Poor'),
(1043, 12, '2026-06-06 18:27:26+00', 130.96, 181.18, 63.90, 38.11, 0.65, 26.49, null, 308, 'Very Poor'),
(1044, 12, '2026-06-06 12:27:26+00', 99.05, 165.62, 70.99, 43.44, 1.41, 137.83, null, 230, 'Poor'),
(1045, 12, '2026-06-06 00:27:26+00', 148.89, 258.98, 14.81, 25.57, 0.84, 101.24, null, 322, 'Very Poor'),
(1046, 12, '2026-06-05 18:27:26+00', 53.82, 106.74, 50.09, 11.05, 1.58, 35.44, null, 89, 'Satisfactory'),
(1047, 12, '2026-06-05 12:27:26+00', 233.48, 364.87, 56.42, 38.31, 0.83, 39.10, null, 387, 'Very Poor'),
(1048, 12, '2026-06-05 00:27:26+00', 223.77, 412.36, 87.12, 11.60, 3.41, 148.13, null, 379, 'Very Poor'),
(1049, 12, '2026-06-04 18:27:26+00', 48.06, 66.09, 53.72, 9.18, 2.27, 139.19, null, 80, 'Satisfactory'),
(1050, 12, '2026-06-04 12:27:26+00', 217.20, 395.69, 80.70, 16.44, 0.75, 136.10, null, 374, 'Very Poor'),
(1051, 12, '2026-06-04 00:27:26+00', 243.68, 340.34, 90.60, 45.61, 2.21, 105.27, null, 395, 'Very Poor'),
(1052, 12, '2026-06-03 18:27:26+00', 73.58, 143.26, 70.23, 33.66, 3.91, 64.88, null, 145, 'Moderate'),
(1053, 12, '2026-06-03 12:27:26+00', 46.70, 59.26, 48.16, 52.52, 2.91, 125.75, null, 77, 'Satisfactory'),
(1054, 12, '2026-06-03 00:27:26+00', 116.92, 200.49, 49.06, 46.70, 0.57, 67.04, null, 289, 'Poor'),
(1055, 12, '2026-06-02 18:27:26+00', 88.86, 158.93, 96.27, 20.52, 2.05, 101.93, null, 196, 'Moderate'),
(1056, 12, '2026-06-02 12:27:26+00', 158.31, 228.67, 43.18, 34.26, 0.34, 77.74, null, 329, 'Very Poor'),
(1057, 12, '2026-06-02 00:27:26+00', 246.28, 423.06, 27.06, 9.61, 1.14, 52.62, null, 397, 'Very Poor'),
(1058, 12, '2026-06-01 18:27:26+00', 192.56, 263.38, 23.50, 37.78, 1.06, 32.16, null, 355, 'Very Poor'),
(1059, 12, '2026-06-01 12:27:26+00', 76.90, 108.85, 31.36, 8.31, 0.77, 145.49, null, 156, 'Moderate'),
(1060, 12, '2026-06-01 00:27:26+00', 197.67, 332.44, 15.32, 49.08, 0.94, 99.45, null, 359, 'Very Poor'),
(1061, 12, '2026-05-31 18:27:26+00', 117.21, 183.91, 96.99, 6.86, 1.33, 145.93, null, 290, 'Poor'),
(1062, 12, '2026-05-31 12:27:26+00', 103.86, 172.22, 74.39, 58.47, 2.18, 45.33, null, 246, 'Poor'),
(1063, 12, '2026-05-31 00:27:26+00', 22.55, 37.97, 25.42, 25.40, 2.97, 56.09, null, 36, 'Good'),
(1064, 12, '2026-05-30 18:27:26+00', 132.82, 265.38, 46.32, 13.64, 3.29, 106.05, null, 309, 'Very Poor'),
(1065, 12, '2026-05-30 12:27:26+00', 71.66, 140.15, 89.83, 41.38, 2.64, 86.39, null, 138, 'Moderate'),
(1066, 12, '2026-05-30 00:27:26+00', 91.66, 181.82, 30.23, 21.36, 1.52, 60.47, null, 205, 'Poor'),
(1067, 12, '2026-05-29 18:27:26+00', 28.94, 35.90, 25.64, 59.63, 0.59, 53.70, null, 46, 'Good'),
(1068, 12, '2026-05-29 12:27:26+00', 172.67, 344.86, 28.91, 6.27, 3.13, 40.59, null, 340, 'Very Poor'),
(1069, 12, '2026-05-29 00:27:26+00', 236.13, 340.49, 65.48, 7.16, 3.83, 44.43, null, 389, 'Very Poor'),
(1070, 12, '2026-05-28 18:27:26+00', 148.57, 232.54, 82.42, 57.49, 0.44, 128.60, null, 322, 'Very Poor'),
(1071, 12, '2026-05-28 12:27:26+00', 86.27, 165.27, 43.91, 41.76, 3.97, 33.06, null, 187, 'Moderate'),
(1072, 12, '2026-05-28 00:27:26+00', 98.36, 166.68, 87.46, 22.98, 2.89, 105.46, null, 227, 'Poor'),
(1073, 12, '2026-05-27 18:27:26+00', 176.02, 315.18, 49.07, 54.52, 2.38, 136.69, null, 343, 'Very Poor'),
(1074, 12, '2026-05-27 12:27:26+00', 191.02, 297.63, 60.02, 29.00, 3.49, 116.30, null, 354, 'Very Poor'),
(1075, 12, '2026-05-27 00:27:26+00', 164.01, 246.48, 94.80, 27.67, 3.91, 103.54, null, 333, 'Very Poor'),
(1076, 12, '2026-05-26 18:27:26+00', 220.05, 271.28, 79.10, 14.08, 1.39, 86.09, null, 377, 'Very Poor'),
(1077, 12, '2026-05-26 12:27:26+00', 124.23, 238.86, 31.50, 40.69, 2.74, 29.71, null, 303, 'Very Poor'),
(1078, 12, '2026-05-26 00:27:26+00', 30.77, 55.33, 68.54, 19.27, 3.26, 114.08, null, 51, 'Satisfactory'),
(1079, 12, '2026-05-25 18:27:26+00', 165.80, 216.22, 82.72, 43.10, 3.79, 138.60, null, 335, 'Very Poor'),
(1080, 12, '2026-05-25 12:27:26+00', 134.61, 178.09, 93.61, 29.44, 0.86, 29.08, null, 311, 'Very Poor');

-- Seed satellite readings
INSERT INTO satellite_data (id, timestamp, latitude, longitude, pollutant, value, source, metadata_json) VALUES 
(1, '2026-06-23 19:27:26+00', 30.7886, 79.2971, 'O3', 32.472, 'Sentinel-5P', '{}'),
(2, '2026-06-23 05:27:26+00', 26.9203, 75.7509, 'SO2', 54.567, 'Sentinel-5P', '{}'),
(3, '2026-06-22 03:27:26+00', 28.5087, 69.0777, 'NO2', 105.9919, 'Sentinel-5P', '{}'),
(4, '2026-06-23 04:27:26+00', 20.9319, 83.4613, 'NO2', 128.4224, 'Sentinel-5P', '{}'),
(5, '2026-06-21 20:27:26+00', 11.0677, 79.7558, 'NO2', 111.2364, 'Sentinel-5P', '{}'),
(6, '2026-06-22 10:27:26+00', 25.5505, 84.8146, 'SO2', 18.015, 'Sentinel-5P', '{}'),
(7, '2026-06-23 20:27:26+00', 8.2056, 76.9127, 'HCHO', 5.522, 'Sentinel-5P', '{}'),
(8, '2026-06-23 20:27:26+00', 15.1352, 86.0438, 'CO', 2.2815, 'Sentinel-5P', '{}'),
(9, '2026-06-21 06:27:26+00', 12.2391, 85.9583, 'O3', 72.8955, 'Sentinel-5P', '{}'),
(10, '2026-06-23 10:27:26+00', 18.8679, 81.5251, 'HCHO', 1.4475, 'Sentinel-5P', '{}'),
(11, '2026-06-21 17:27:26+00', 11.2975, 81.7254, 'CO', 4.3756, 'Sentinel-5P', '{}'),
(12, '2026-06-21 19:27:26+00', 27.5161, 86.9061, 'SO2', 52.6875, 'Sentinel-5P', '{}'),
(13, '2026-06-22 02:27:26+00', 14.9927, 72.0836, 'O3', 162.6947, 'Sentinel-5P', '{}'),
(14, '2026-06-21 20:27:26+00', 21.1645, 73.4788, 'HCHO', 5.0114, 'Sentinel-5P', '{}'),
(15, '2026-06-21 06:27:26+00', 15.2622, 80.4973, 'CO', 4.3116, 'Sentinel-5P', '{}'),
(16, '2026-06-21 17:27:26+00', 29.3775, 77.1780, 'CO', 2.9335, 'Sentinel-5P', '{}'),
(17, '2026-06-23 14:27:26+00', 17.9346, 69.8197, 'NO2', 146.8137, 'Sentinel-5P', '{}'),
(18, '2026-06-23 05:27:26+00', 33.7318, 77.6025, 'CO', 4.3392, 'Sentinel-5P', '{}'),
(19, '2026-06-22 17:27:26+00', 13.1671, 89.8570, 'NO2', 73.9574, 'Sentinel-5P', '{}'),
(20, '2026-06-23 21:27:26+00', 31.1208, 75.0815, 'HCHO', 1.0144, 'Sentinel-5P', '{}'),
(21, '2026-06-23 18:27:26+00', 25.2537, 69.7413, 'SO2', 21.6048, 'Sentinel-5P', '{}'),
(22, '2026-06-24 04:27:26+00', 17.8468, 79.0411, 'CO', 3.666, 'Sentinel-5P', '{}'),
(23, '2026-06-23 01:27:26+00', 28.0841, 69.5323, 'HCHO', 3.9065, 'Sentinel-5P', '{}'),
(24, '2026-06-24 01:27:26+00', 14.4604, 84.1280, 'O3', 100.4403, 'Sentinel-5P', '{}'),
(25, '2026-06-23 11:27:26+00', 11.2883, 76.8628, 'SO2', 22.5, 'Sentinel-5P', '{}'),
(26, '2026-06-22 18:27:26+00', 16.5031, 68.5662, 'SO2', 35.415, 'Sentinel-5P', '{}'),
(27, '2026-06-21 13:27:26+00', 26.3068, 87.7175, 'CO', 4.2945, 'Sentinel-5P', '{}'),
(28, '2026-06-23 06:27:26+00', 22.7936, 73.5673, 'HCHO', 4.6376, 'Sentinel-5P', '{}'),
(29, '2026-06-24 00:27:26+00', 8.8037, 88.2166, 'SO2', 33.4711, 'Sentinel-5P', '{}'),
(30, '2026-06-22 18:27:26+00', 11.5994, 78.8182, 'HCHO', 2.1569, 'Sentinel-5P', '{}'),
(31, '2026-06-21 23:27:26+00', 17.1596, 75.4438, 'SO2', 49.5022, 'Sentinel-5P', '{}'),
(32, '2026-06-21 11:27:26+00', 12.7774, 85.3434, 'SO2', 51.4869, 'Sentinel-5P', '{}'),
(33, '2026-06-22 09:27:26+00', 30.7362, 89.2825, 'O3', 174.0945, 'Sentinel-5P', '{}'),
(34, '2026-06-23 22:27:26+00', 32.2660, 87.9064, 'SO2', 43.0009, 'Sentinel-5P', '{}'),
(35, '2026-06-23 02:27:26+00', 12.9988, 77.9966, 'O3', 127.5261, 'Sentinel-5P', '{}'),
(36, '2026-06-22 08:27:26+00', 10.1675, 74.5841, 'SO2', 35.046, 'Sentinel-5P', '{}'),
(37, '2026-06-21 12:27:26+00', 11.2603, 75.0399, 'CO', 4.4454, 'Sentinel-5P', '{}'),
(38, '2026-06-22 20:27:26+00', 27.8765, 87.9044, 'SO2', 56.0277, 'Sentinel-5P', '{}'),
(39, '2026-06-22 06:27:26+00', 25.1859, 86.3345, 'NO2', 101.8119, 'Sentinel-5P', '{}'),
(40, '2026-06-22 00:27:26+00', 14.4959, 72.2137, 'O3', 133.6272, 'Sentinel-5P', '{}'),
(41, '2026-06-22 13:27:26+00', 21.4227, 70.0146, 'CO', 2.0367, 'Sentinel-5P', '{}'),
(42, '2026-06-23 08:27:26+00', 33.1064, 73.9739, 'SO2', 56.4209, 'Sentinel-5P', '{}'),
(43, '2026-06-21 16:27:26+00', 22.4554, 86.2922, 'CO', 1.6925, 'Sentinel-5P', '{}'),
(44, '2026-06-22 10:27:26+00', 14.2423, 84.8916, 'O3', 87.969, 'Sentinel-5P', '{}'),
(45, '2026-06-21 15:27:26+00', 10.9643, 81.4368, 'NO2', 66.2978, 'Sentinel-5P', '{}'),
(46, '2026-06-22 18:27:26+00', 25.0820, 79.8059, 'NO2', 74.8185, 'Sentinel-5P', '{}'),
(47, '2026-06-22 12:27:26+00', 31.5615, 70.3244, 'CO', 3.3559, 'Sentinel-5P', '{}'),
(48, '2026-06-22 01:27:26+00', 32.2583, 70.6433, 'HCHO', 4.9012, 'Sentinel-5P', '{}'),
(49, '2026-06-23 14:27:26+00', 29.7331, 78.0953, 'HCHO', 5.3183, 'Sentinel-5P', '{}'),
(50, '2026-06-21 08:27:26+00', 34.8145, 81.6454, 'NO2', 54.2221, 'Sentinel-5P', '{}'),
(51, '2026-06-21 23:27:26+00', 34.0842, 86.2924, 'SO2', 42.4617, 'Sentinel-5P', '{}'),
(52, '2026-06-21 07:27:26+00', 17.6367, 69.8048, 'NO2', 71.3615, 'Sentinel-5P', '{}'),
(53, '2026-06-23 14:27:26+00', 22.8127, 78.3314, 'HCHO', 3.4217, 'Sentinel-5P', '{}'),
(54, '2026-06-21 07:27:26+00', 25.4935, 75.8372, 'NO2', 134.1908, 'Sentinel-5P', '{}'),
(55, '2026-06-21 12:27:26+00', 32.0378, 71.0401, 'SO2', 45.7527, 'Sentinel-5P', '{}'),
(56, '2026-06-23 14:27:26+00', 31.7816, 78.1949, 'NO2', 45.4675, 'Sentinel-5P', '{}'),
(57, '2026-06-23 03:27:26+00', 30.3334, 75.8612, 'O3', 114.7346, 'Sentinel-5P', '{}'),
(58, '2026-06-23 15:27:26+00', 19.6433, 74.1982, 'HCHO', 3.1066, 'Sentinel-5P', '{}'),
(59, '2026-06-23 14:27:26+00', 22.9359, 91.6560, 'CO', 4.3956, 'Sentinel-5P', '{}'),
(60, '2026-06-22 06:27:26+00', 17.0737, 70.7195, 'SO2', 17.2477, 'Sentinel-5P', '{}'),
(61, '2026-06-23 14:27:26+00', 14.1980, 73.3452, 'NO2', 55.3583, 'Sentinel-5P', '{}'),
(62, '2026-06-23 08:27:26+00', 22.2055, 83.2394, 'SO2', 26.5579, 'Sentinel-5P', '{}'),
(63, '2026-06-22 06:27:26+00', 14.0975, 87.6892, 'SO2', 39.6885, 'Sentinel-5P', '{}'),
(64, '2026-06-24 03:27:26+00', 32.3764, 72.1087, 'HCHO', 1.8591, 'Sentinel-5P', '{}'),
(65, '2026-06-22 03:27:26+00', 12.4010, 76.5300, 'O3', 179.5238, 'Sentinel-5P', '{}'),
(66, '2026-06-23 23:27:26+00', 24.1095, 76.3813, 'O3', 158.6933, 'Sentinel-5P', '{}'),
(67, '2026-06-23 15:27:26+00', 24.9976, 80.3781, 'NO2', 78.0336, 'Sentinel-5P', '{}'),
(68, '2026-06-23 08:27:26+00', 8.5871, 87.0444, 'NO2', 58.49, 'Sentinel-5P', '{}'),
(69, '2026-06-23 12:27:26+00', 22.9616, 69.7535, 'HCHO', 3.8207, 'Sentinel-5P', '{}'),
(70, '2026-06-22 23:27:26+00', 32.7799, 86.3137, 'NO2', 102.5248, 'Sentinel-5P', '{}'),
(71, '2026-06-23 00:27:26+00', 31.5485, 75.8470, 'SO2', 18.5138, 'Sentinel-5P', '{}'),
(72, '2026-06-21 17:27:26+00', 14.6043, 70.6069, 'O3', 53.5189, 'Sentinel-5P', '{}'),
(73, '2026-06-23 18:27:26+00', 11.9204, 79.8306, 'SO2', 15.0847, 'Sentinel-5P', '{}'),
(74, '2026-06-22 23:27:26+00', 29.0891, 85.7979, 'O3', 44.2484, 'Sentinel-5P', '{}'),
(75, '2026-06-22 00:27:26+00', 20.5871, 80.3221, 'HCHO', 3.9275, 'Sentinel-5P', '{}'),
(76, '2026-06-21 21:27:26+00', 8.1981, 90.0374, 'HCHO', 3.854, 'Sentinel-5P', '{}'),
(77, '2026-06-22 05:27:26+00', 25.5362, 75.8989, 'O3', 124.3607, 'Sentinel-5P', '{}'),
(78, '2026-06-21 13:27:26+00', 11.4163, 77.8874, 'NO2', 56.3748, 'Sentinel-5P', '{}'),
(79, '2026-06-23 01:27:26+00', 33.8483, 86.3839, 'HCHO', 5.607, 'Sentinel-5P', '{}'),
(80, '2026-06-23 09:27:26+00', 15.8630, 82.4515, 'SO2', 24.2822, 'Sentinel-5P', '{}'),
(81, '2026-06-22 12:27:26+00', 16.2344, 89.4723, 'O3', 81.305, 'Sentinel-5P', '{}'),
(82, '2026-06-22 02:27:26+00', 19.1202, 81.7803, 'SO2', 41.0395, 'Sentinel-5P', '{}'),
(83, '2026-06-22 18:27:26+00', 34.2188, 84.4717, 'NO2', 74.4314, 'Sentinel-5P', '{}'),
(84, '2026-06-22 05:27:26+00', 30.6942, 70.3267, 'CO', 1.6129, 'Sentinel-5P', '{}'),
(85, '2026-06-21 09:27:26+00', 25.8645, 75.1319, 'SO2', 35.0284, 'Sentinel-5P', '{}'),
(86, '2026-06-22 19:27:26+00', 8.1925, 90.8084, 'HCHO', 1.0373, 'Sentinel-5P', '{}'),
(87, '2026-06-22 11:27:26+00', 31.0130, 87.6924, 'NO2', 123.8813, 'Sentinel-5P', '{}'),
(88, '2026-06-22 11:27:26+00', 19.7546, 86.2777, 'HCHO', 5.4574, 'Sentinel-5P', '{}'),
(89, '2026-06-21 16:27:26+00', 26.4537, 88.0142, 'HCHO', 2.6777, 'Sentinel-5P', '{}'),
(90, '2026-06-22 09:27:26+00', 27.9790, 69.9158, 'SO2', 51.1706, 'Sentinel-5P', '{}'),
(91, '2026-06-24 01:27:26+00', 16.0052, 72.4253, 'SO2', 55.1484, 'Sentinel-5P', '{}'),
(92, '2026-06-24 01:27:26+00', 23.3648, 70.9968, 'CO', 4.224, 'Sentinel-5P', '{}'),
(93, '2026-06-24 05:27:26+00', 12.0325, 81.6685, 'HCHO', 3.3799, 'Sentinel-5P', '{}'),
(94, '2026-06-22 19:27:26+00', 27.3701, 72.1631, 'CO', 3.4808, 'Sentinel-5P', '{}'),
(95, '2026-06-23 05:27:26+00', 23.6396, 68.1347, 'CO', 1.6284, 'Sentinel-5P', '{}'),
(96, '2026-06-21 19:27:26+00', 18.1944, 90.9682, 'NO2', 122.0366, 'Sentinel-5P', '{}'),
(97, '2026-06-22 03:27:26+00', 29.6345, 81.2072, 'NO2', 130.2473, 'Sentinel-5P', '{}'),
(98, '2026-06-22 10:27:26+00', 31.5393, 91.2684, 'CO', 0.9581, 'Sentinel-5P', '{}'),
(99, '2026-06-22 18:27:26+00', 12.7257, 76.2214, 'NO2', 56.986, 'Sentinel-5P', '{}'),
(100, '2026-06-21 09:27:26+00', 11.7403, 90.0092, 'SO2', 54.3203, 'Sentinel-5P', '{}'),
(101, '2026-06-23 13:27:26+00', 20.9999, 83.4687, 'HCHO', 3.4801, 'Sentinel-5P', '{}'),
(102, '2026-06-21 10:27:26+00', 15.0411, 71.2531, 'SO2', 41.409, 'Sentinel-5P', '{}'),
(103, '2026-06-23 17:27:26+00', 31.4293, 80.9592, 'CO', 2.2216, 'Sentinel-5P', '{}'),
(104, '2026-06-23 18:27:26+00', 24.5209, 78.1866, 'CO', 1.6105, 'Sentinel-5P', '{}'),
(105, '2026-06-23 09:27:26+00', 16.3003, 86.5513, 'O3', 179.0948, 'Sentinel-5P', '{}'),
(106, '2026-06-24 03:27:26+00', 17.5679, 76.3184, 'O3', 82.5158, 'Sentinel-5P', '{}'),
(107, '2026-06-21 23:27:26+00', 31.0915, 89.1010, 'O3', 143.9059, 'Sentinel-5P', '{}'),
(108, '2026-06-23 09:27:26+00', 13.6589, 89.9031, 'HCHO', 1.7466, 'Sentinel-5P', '{}'),
(109, '2026-06-22 16:27:26+00', 11.3580, 82.1097, 'SO2', 29.4444, 'Sentinel-5P', '{}'),
(110, '2026-06-21 21:27:26+00', 8.6513, 68.3666, 'NO2', 47.6079, 'Sentinel-5P', '{}'),
(111, '2026-06-21 15:27:26+00', 13.7963, 77.3026, 'CO', 2.396, 'Sentinel-5P', '{}'),
(112, '2026-06-22 09:27:26+00', 30.4219, 73.5857, 'NO2', 55.2009, 'Sentinel-5P', '{}'),
(113, '2026-06-22 22:27:26+00', 12.0021, 72.8970, 'SO2', 14.7236, 'Sentinel-5P', '{}'),
(114, '2026-06-23 04:27:26+00', 20.2504, 78.5753, 'NO2', 113.6321, 'Sentinel-5P', '{}'),
(115, '2026-06-21 19:27:26+00', 10.7234, 71.1992, 'O3', 57.8655, 'Sentinel-5P', '{}'),
(116, '2026-06-23 23:27:26+00', 16.5420, 68.7864, 'CO', 2.5493, 'Sentinel-5P', '{}'),
(117, '2026-06-24 04:27:26+00', 8.4458, 87.1741, 'HCHO', 3.0284, 'Sentinel-5P', '{}'),
(118, '2026-06-22 14:27:26+00', 32.2420, 86.3009, 'NO2', 64.7617, 'Sentinel-5P', '{}'),
(119, '2026-06-23 13:27:26+00', 34.2161, 75.4726, 'NO2', 33.5918, 'Sentinel-5P', '{}'),
(120, '2026-06-21 19:27:26+00', 12.4071, 74.2480, 'HCHO', 3.3137, 'Sentinel-5P', '{}'),
(121, '2026-06-22 05:27:26+00', 14.2977, 84.0328, 'HCHO', 2.562, 'Sentinel-5P', '{}'),
(122, '2026-06-21 15:27:26+00', 9.5532, 91.9414, 'NO2', 25.9754, 'Sentinel-5P', '{}'),
(123, '2026-06-23 16:27:26+00', 34.0785, 71.4966, 'HCHO', 5.1776, 'Sentinel-5P', '{}'),
(124, '2026-06-22 08:27:26+00', 12.2399, 91.0972, 'CO', 1.5379, 'Sentinel-5P', '{}'),
(125, '2026-06-21 06:27:26+00', 34.2873, 85.9236, 'CO', 1.9687, 'Sentinel-5P', '{}'),
(126, '2026-06-23 14:27:26+00', 14.4992, 83.0992, 'HCHO', 2.818, 'Sentinel-5P', '{}'),
(127, '2026-06-24 05:27:26+00', 16.4614, 74.5604, 'CO', 1.9763, 'Sentinel-5P', '{}'),
(128, '2026-06-24 06:27:26+00', 14.2792, 84.8480, 'O3', 36.4318, 'Sentinel-5P', '{}'),
(129, '2026-06-21 15:27:26+00', 12.8524, 74.3009, 'O3', 95.9957, 'Sentinel-5P', '{}'),
(130, '2026-06-22 22:27:26+00', 19.0197, 69.9369, 'NO2', 79.0306, 'Sentinel-5P', '{}'),
(131, '2026-06-23 06:27:26+00', 20.9459, 72.6865, 'SO2', 20.5867, 'Sentinel-5P', '{}'),
(132, '2026-06-23 04:27:26+00', 12.0004, 68.3116, 'HCHO', 2.6173, 'Sentinel-5P', '{}'),
(133, '2026-06-24 00:27:26+00', 29.7869, 80.0896, 'NO2', 62.4292, 'Sentinel-5P', '{}'),
(134, '2026-06-24 00:27:26+00', 28.9370, 78.1436, 'CO', 2.4487, 'Sentinel-5P', '{}'),
(135, '2026-06-24 04:27:26+00', 21.5011, 71.6956, 'CO', 3.9164, 'Sentinel-5P', '{}'),
(136, '2026-06-22 03:27:26+00', 32.8594, 72.5151, 'SO2', 27.2718, 'Sentinel-5P', '{}'),
(137, '2026-06-23 02:27:26+00', 27.7225, 78.8426, 'HCHO', 1.3498, 'Sentinel-5P', '{}'),
(138, '2026-06-22 14:27:26+00', 11.3763, 72.5342, 'CO', 4.2882, 'Sentinel-5P', '{}'),
(139, '2026-06-22 09:27:26+00', 17.6094, 91.0220, 'HCHO', 3.1965, 'Sentinel-5P', '{}'),
(140, '2026-06-22 20:27:26+00', 34.0556, 75.0827, 'SO2', 34.1163, 'Sentinel-5P', '{}'),
(141, '2026-06-22 13:27:26+00', 26.8248, 88.6838, 'HCHO', 2.722, 'Sentinel-5P', '{}'),
(142, '2026-06-22 11:27:26+00', 31.4364, 79.2899, 'SO2', 16.7446, 'Sentinel-5P', '{}'),
(143, '2026-06-23 15:27:26+00', 20.2050, 81.2498, 'O3', 102.0745, 'Sentinel-5P', '{}'),
(144, '2026-06-22 15:27:26+00', 14.0727, 76.8378, 'HCHO', 4.0432, 'Sentinel-5P', '{}'),
(145, '2026-06-23 15:27:26+00', 11.3629, 90.7139, 'HCHO', 1.8559, 'Sentinel-5P', '{}'),
(146, '2026-06-23 13:27:26+00', 8.1895, 87.2088, 'HCHO', 3.862, 'Sentinel-5P', '{}'),
(147, '2026-06-22 05:27:26+00', 27.9684, 72.7770, 'NO2', 116.7795, 'Sentinel-5P', '{}'),
(148, '2026-06-22 17:27:26+00', 28.5564, 84.9849, 'HCHO', 3.4587, 'Sentinel-5P', '{}'),
(149, '2026-06-23 03:27:26+00', 12.6145, 85.2942, 'SO2', 45.0732, 'Sentinel-5P', '{}'),
(150, '2026-06-21 19:27:26+00', 18.3554, 82.9025, 'SO2', 51.8787, 'Sentinel-5P', '{}'),
(151, '2026-06-24 02:27:26+00', 8.9426, 79.7822, 'NO2', 147.0821, 'Sentinel-5P', '{}'),
(152, '2026-06-21 08:27:26+00', 10.8473, 74.0378, 'O3', 138.7124, 'Sentinel-5P', '{}'),
(153, '2026-06-21 16:27:26+00', 32.6738, 84.2583, 'CO', 1.9887, 'Sentinel-5P', '{}'),
(154, '2026-06-21 10:27:26+00', 15.5492, 91.6254, 'NO2', 106.4905, 'Sentinel-5P', '{}'),
(155, '2026-06-21 16:27:26+00', 9.0113, 88.6747, 'HCHO', 3.539, 'Sentinel-5P', '{}'),
(156, '2026-06-21 11:27:26+00', 29.7002, 68.0505, 'O3', 95.8735, 'Sentinel-5P', '{}'),
(157, '2026-06-22 22:27:26+00', 20.0556, 68.0373, 'CO', 4.0952, 'Sentinel-5P', '{}'),
(158, '2026-06-23 14:27:26+00', 34.0349, 78.4485, 'NO2', 137.847, 'Sentinel-5P', '{}'),
(159, '2026-06-24 04:27:26+00', 16.8690, 72.8322, 'SO2', 56.1802, 'Sentinel-5P', '{}'),
(160, '2026-06-22 10:27:26+00', 30.3461, 81.0694, 'SO2', 14.0162, 'Sentinel-5P', '{}'),
(161, '2026-06-22 00:27:26+00', 14.6382, 71.8961, 'HCHO', 2.4733, 'Sentinel-5P', '{}'),
(162, '2026-06-22 05:27:26+00', 34.8282, 69.4382, 'NO2', 96.2418, 'Sentinel-5P', '{}'),
(163, '2026-06-22 09:27:26+00', 11.0586, 72.6213, 'NO2', 144.4588, 'Sentinel-5P', '{}'),
(164, '2026-06-22 05:27:26+00', 27.8300, 80.5755, 'CO', 0.9994, 'Sentinel-5P', '{}'),
(165, '2026-06-23 11:27:26+00', 34.1750, 77.3318, 'NO2', 93.61, 'Sentinel-5P', '{}'),
(166, '2026-06-21 13:27:26+00', 28.6964, 70.5145, 'CO', 3.7505, 'Sentinel-5P', '{}'),
(167, '2026-06-21 11:27:26+00', 23.5948, 76.6760, 'CO', 3.3741, 'Sentinel-5P', '{}'),
(168, '2026-06-22 13:27:26+00', 17.6508, 69.8124, 'O3', 51.0907, 'Sentinel-5P', '{}'),
(169, '2026-06-21 09:27:26+00', 15.3783, 81.0636, 'O3', 55.7208, 'Sentinel-5P', '{}'),
(170, '2026-06-21 23:27:26+00', 22.5960, 91.5763, 'NO2', 123.7182, 'Sentinel-5P', '{}'),
(171, '2026-06-22 00:27:26+00', 23.6111, 68.7417, 'CO', 1.8001, 'Sentinel-5P', '{}'),
(172, '2026-06-22 07:27:26+00', 14.5043, 90.1743, 'HCHO', 5.6778, 'Sentinel-5P', '{}'),
(173, '2026-06-23 07:27:26+00', 16.2615, 72.4627, 'HCHO', 1.3798, 'Sentinel-5P', '{}'),
(174, '2026-06-21 20:27:26+00', 32.9050, 89.1574, 'CO', 2.6328, 'Sentinel-5P', '{}'),
(175, '2026-06-22 00:27:26+00', 14.7669, 68.4069, 'CO', 2.5118, 'Sentinel-5P', '{}'),
(176, '2026-06-21 15:27:26+00', 14.9245, 87.0024, 'NO2', 118.4913, 'Sentinel-5P', '{}'),
(177, '2026-06-22 03:27:26+00', 10.7297, 73.7692, 'NO2', 82.1306, 'Sentinel-5P', '{}'),
(178, '2026-06-22 03:27:26+00', 14.6999, 74.8261, 'CO', 2.8339, 'Sentinel-5P', '{}'),
(179, '2026-06-22 10:27:26+00', 17.2568, 84.1392, 'HCHO', 2.2339, 'Sentinel-5P', '{}'),
(180, '2026-06-22 10:27:26+00', 11.9480, 78.3486, 'CO', 1.4017, 'Sentinel-5P', '{}'),
(181, '2026-06-21 08:27:26+00', 24.6928, 78.8723, 'O3', 66.9692, 'Sentinel-5P', '{}'),
(182, '2026-06-22 03:27:26+00', 8.8808, 68.4642, 'CO', 1.6237, 'Sentinel-5P', '{}'),
(183, '2026-06-23 12:27:26+00', 19.3381, 90.8579, 'O3', 131.2189, 'Sentinel-5P', '{}'),
(184, '2026-06-23 18:27:26+00', 20.4422, 73.1403, 'SO2', 11.8295, 'Sentinel-5P', '{}'),
(185, '2026-06-22 01:27:26+00', 11.8130, 77.8062, 'CO', 2.9629, 'Sentinel-5P', '{}'),
(186, '2026-06-22 08:27:26+00', 15.2366, 87.5416, 'SO2', 59.3901, 'Sentinel-5P', '{}'),
(187, '2026-06-22 16:27:26+00', 9.6222, 73.4722, 'SO2', 51.4582, 'Sentinel-5P', '{}'),
(188, '2026-06-24 06:27:26+00', 34.5475, 90.6785, 'NO2', 112.4576, 'Sentinel-5P', '{}'),
(189, '2026-06-23 09:27:26+00', 30.0317, 91.2163, 'NO2', 26.9006, 'Sentinel-5P', '{}'),
(190, '2026-06-21 10:27:26+00', 29.9087, 89.9785, 'O3', 111.2625, 'Sentinel-5P', '{}'),
(191, '2026-06-23 06:27:26+00', 13.4406, 84.0700, 'SO2', 37.8852, 'Sentinel-5P', '{}'),
(192, '2026-06-21 06:27:26+00', 22.5531, 84.6047, 'O3', 116.127, 'Sentinel-5P', '{}'),
(193, '2026-06-22 23:27:26+00', 30.0791, 72.8483, 'NO2', 107.9453, 'Sentinel-5P', '{}'),
(194, '2026-06-24 00:27:26+00', 26.5527, 89.5218, 'O3', 112.1007, 'Sentinel-5P', '{}'),
(195, '2026-06-22 00:27:26+00', 25.1387, 80.5765, 'HCHO', 3.3853, 'Sentinel-5P', '{}'),
(196, '2026-06-23 04:27:26+00', 9.7649, 83.3607, 'NO2', 25.0671, 'Sentinel-5P', '{}'),
(197, '2026-06-22 18:27:26+00', 27.5011, 89.5249, 'NO2', 68.2594, 'Sentinel-5P', '{}'),
(198, '2026-06-24 01:27:26+00', 9.7569, 81.8990, 'CO', 1.266, 'Sentinel-5P', '{}'),
(199, '2026-06-21 09:27:26+00', 27.3703, 77.0122, 'HCHO', 1.199, 'Sentinel-5P', '{}'),
(200, '2026-06-23 08:27:26+00', 34.9574, 72.0239, 'O3', 140.9512, 'Sentinel-5P', '{}');

-- Seed weather records
INSERT INTO weather_data (id, timestamp, latitude, longitude, temperature, humidity, wind_speed, wind_direction, pressure, source) VALUES 
(1, '2026-06-24 06:27:26+00', 28.6139, 77.2090, 22.4, 83.9, 11.4, 219.9, 1015.9, 'ERA5'),
(2, '2026-06-24 06:27:26+00', 19.0760, 72.8777, 35.3, 62.4, 8.3, 29.1, 1010.2, 'ERA5'),
(3, '2026-06-24 06:27:26+00', 22.5726, 88.3639, 41.1, 42.2, 3.6, 344.4, 1017.3, 'ERA5'),
(4, '2026-06-24 06:27:26+00', 13.0827, 80.2707, 31.7, 33.6, 6.2, 204.8, 1019.2, 'ERA5'),
(5, '2026-06-24 06:27:26+00', 12.9716, 77.5946, 34.2, 73.3, 6.0, 25.0, 994.7, 'ERA5'),
(6, '2026-06-24 06:27:26+00', 17.3850, 78.4867, 22.8, 36.3, 9.7, 181.9, 1006.2, 'ERA5'),
(7, '2026-06-24 06:27:26+00', 23.0225, 72.5714, 25.8, 89.0, 1.5, 42.2, 996.8, 'ERA5'),
(8, '2026-06-24 06:27:26+00', 18.5204, 73.8567, 35.5, 37.6, 4.0, 181.4, 993.7, 'ERA5'),
(9, '2026-06-24 06:27:26+00', 26.9124, 75.7873, 28.2, 70.4, 10.6, 312.3, 999.1, 'ERA5'),
(10, '2026-06-24 06:27:26+00', 26.8467, 80.9462, 26.8, 30.1, 3.8, 205.1, 1002.6, 'ERA5'),
(11, '2026-06-24 06:27:26+00', 25.5941, 85.1376, 32.0, 38.0, 6.7, 347.4, 990.3, 'ERA5'),
(12, '2026-06-24 06:27:26+00', 30.7333, 76.7794, 22.7, 38.1, 10.0, 240.5, 1011.9, 'ERA5');

-- Seed fire anomaly data
INSERT INTO fire_data (id, timestamp, latitude, longitude, brightness, confidence, frp, source) VALUES 
(1, '2026-06-22 19:27:26+00', 27.4488, 75.3649, 370.2, 95.3, 20.4, 'NASA FIRMS'),
(2, '2026-06-22 15:27:26+00', 22.8169, 87.5359, 377.8, 92.4, 65.98, 'NASA FIRMS'),
(3, '2026-06-22 06:27:26+00', 29.3619, 76.5533, 393.6, 71.5, 99.11, 'NASA FIRMS'),
(4, '2026-06-23 02:27:26+00', 28.4645, 78.0140, 324.2, 61.9, 54.78, 'NASA FIRMS'),
(5, '2026-06-22 13:27:26+00', 29.4213, 77.3546, 380.8, 92.1, 94.31, 'NASA FIRMS'),
(6, '2026-06-22 09:27:26+00', 13.1813, 80.4798, 355.5, 92.8, 53.17, 'NASA FIRMS'),
(7, '2026-06-22 17:27:26+00', 26.0766, 75.7765, 329.0, 73.4, 56.26, 'NASA FIRMS'),
(8, '2026-06-22 19:27:26+00', 23.7787, 72.4594, 318.2, 67.9, 83.23, 'NASA FIRMS'),
(9, '2026-06-23 04:27:26+00', 27.7897, 76.0377, 334.7, 61.6, 65.41, 'NASA FIRMS'),
(10, '2026-06-23 05:27:26+00', 12.3537, 80.6853, 392.0, 87.9, 47.52, 'NASA FIRMS'),
(11, '2026-06-23 03:27:26+00', 28.0278, 78.0073, 367.2, 77.5, 82.15, 'NASA FIRMS'),
(12, '2026-06-22 09:27:26+00', 13.5270, 80.0182, 341.5, 77.2, 22.19, 'NASA FIRMS'),
(13, '2026-06-23 09:27:26+00', 21.9361, 88.9951, 389.9, 67.0, 64.23, 'NASA FIRMS'),
(14, '2026-06-22 10:27:26+00', 26.6429, 76.7690, 355.1, 98.7, 80.18, 'NASA FIRMS'),
(15, '2026-06-23 09:27:26+00', 23.3480, 87.6238, 303.8, 90.9, 38.77, 'NASA FIRMS'),
(16, '2026-06-23 07:27:26+00', 12.4872, 80.5285, 344.5, 64.3, 98.29, 'NASA FIRMS'),
(17, '2026-06-23 00:27:26+00', 27.6879, 77.7752, 357.4, 69.6, 56.93, 'NASA FIRMS'),
(18, '2026-06-22 10:27:26+00', 12.5898, 79.3817, 361.7, 67.4, 84.65, 'NASA FIRMS'),
(19, '2026-06-24 03:27:26+00', 23.4123, 88.2899, 329.5, 65.2, 32.55, 'NASA FIRMS'),
(20, '2026-06-23 14:27:26+00', 26.6269, 76.7163, 381.1, 62.9, 55.53, 'NASA FIRMS'),
(21, '2026-06-23 12:27:26+00', 22.8206, 88.0663, 369.3, 75.1, 99.6, 'NASA FIRMS'),
(22, '2026-06-23 16:27:26+00', 22.6443, 87.3513, 357.3, 92.7, 77.65, 'NASA FIRMS'),
(23, '2026-06-23 12:27:26+00', 23.7901, 72.4877, 307.5, 88.8, 73.77, 'NASA FIRMS'),
(24, '2026-06-23 08:27:26+00', 13.0820, 80.3457, 387.6, 71.8, 41.61, 'NASA FIRMS'),
(25, '2026-06-23 06:27:26+00', 22.7010, 88.7886, 333.2, 84.0, 61.92, 'NASA FIRMS'),
(26, '2026-06-23 00:27:26+00', 22.7209, 87.4738, 303.3, 76.5, 55.73, 'NASA FIRMS'),
(27, '2026-06-22 15:27:26+00', 22.4333, 72.3628, 398.8, 78.6, 6.66, 'NASA FIRMS'),
(28, '2026-06-22 10:27:26+00', 13.0534, 79.8245, 322.8, 82.3, 8.18, 'NASA FIRMS'),
(29, '2026-06-23 07:27:26+00', 27.6002, 76.6122, 337.7, 67.8, 52.28, 'NASA FIRMS'),
(30, '2026-06-22 22:27:26+00', 22.9813, 72.4304, 358.5, 82.1, 23.88, 'NASA FIRMS'),
(31, '2026-06-23 20:27:26+00', 21.8171, 88.9655, 330.0, 83.4, 93.86, 'NASA FIRMS'),
(32, '2026-06-23 00:27:26+00', 22.7336, 89.1975, 372.4, 86.1, 82.33, 'NASA FIRMS'),
(33, '2026-06-23 03:27:26+00', 13.2878, 79.8997, 379.3, 69.1, 13.13, 'NASA FIRMS'),
(34, '2026-06-23 04:27:26+00', 23.0060, 72.5694, 381.3, 89.0, 6.48, 'NASA FIRMS'),
(35, '2026-06-23 14:27:26+00', 22.5648, 72.5659, 324.3, 68.8, 52.65, 'NASA FIRMS'),
(36, '2026-06-23 11:27:26+00', 22.9241, 88.0605, 308.5, 76.7, 64.35, 'NASA FIRMS'),
(37, '2026-06-22 20:27:26+00', 26.0169, 75.4060, 351.9, 71.9, 28.54, 'NASA FIRMS'),
(38, '2026-06-23 17:27:26+00', 22.9085, 88.6620, 302.7, 97.2, 84.5, 'NASA FIRMS'),
(39, '2026-06-23 12:27:26+00', 21.9196, 87.3068, 373.3, 71.7, 28.14, 'NASA FIRMS'),
(40, '2026-06-23 13:27:26+00', 27.3139, 76.7183, 319.3, 79.4, 11.29, 'NASA FIRMS'),
(41, '2026-06-22 09:27:26+00', 22.9836, 72.9021, 307.9, 86.8, 55.92, 'NASA FIRMS'),
(42, '2026-06-23 17:27:26+00', 28.7994, 76.9461, 385.7, 69.7, 27.0, 'NASA FIRMS'),
(43, '2026-06-22 14:27:26+00', 22.8859, 72.5475, 347.5, 87.2, 84.1, 'NASA FIRMS'),
(44, '2026-06-23 03:27:26+00', 23.3819, 72.4799, 307.9, 96.7, 22.4, 'NASA FIRMS'),
(45, '2026-06-23 04:27:26+00', 26.5434, 76.5721, 380.9, 97.8, 69.74, 'NASA FIRMS'),
(46, '2026-06-22 12:27:26+00', 22.5417, 87.3184, 352.4, 82.1, 97.35, 'NASA FIRMS'),
(47, '2026-06-23 23:27:26+00', 29.4746, 76.6392, 383.6, 92.3, 28.01, 'NASA FIRMS'),
(48, '2026-06-23 03:27:26+00', 13.9193, 80.8669, 342.7, 75.6, 43.99, 'NASA FIRMS'),
(49, '2026-06-23 19:27:26+00', 22.1595, 88.7105, 330.9, 88.6, 31.41, 'NASA FIRMS'),
(50, '2026-06-23 02:27:26+00', 23.0143, 71.9276, 341.4, 68.6, 93.59, 'NASA FIRMS');

-- Seed HCHO hotspots
INSERT INTO hcho_hotspots (id, cluster_id, timestamp, latitude, longitude, hcho_mean, hcho_max, point_count, intensity, metadata_json) VALUES 
(1, 1, '2026-06-19 06:27:26+00', 22.3462, 78.9733, 4.02, 6.64, 47, 'High', '{}'),
(2, 2, '2026-06-22 06:27:26+00', 23.1176, 79.9817, 1.75, 3.38, 37, 'High', '{}'),
(3, 0, '2026-06-23 06:27:26+00', 14.7344, 81.4272, 3.0, 4.23, 15, 'High', '{}'),
(4, 1, '2026-06-24 06:27:26+00', 12.3330, 76.5134, 2.63, 4.67, 19, 'Medium', '{}'),
(5, 2, '2026-06-21 06:27:26+00', 29.5976, 78.2465, 2.23, 4.29, 36, 'Low', '{}'),
(6, 0, '2026-06-22 06:27:26+00', 12.9896, 80.6840, 3.72, 4.92, 41, 'Medium', '{}'),
(7, 1, '2026-06-20 06:27:26+00', 17.6090, 74.8157, 3.72, 6.93, 28, 'High', '{}'),
(8, 2, '2026-06-22 06:27:26+00', 26.1268, 76.5707, 3.59, 5.56, 46, 'Low', '{}'),
(9, 0, '2026-06-23 06:27:26+00', 19.1047, 82.2212, 2.61, 3.78, 48, 'Low', '{}'),
(10, 1, '2026-06-21 06:27:26+00', 12.4798, 73.0093, 2.67, 5.04, 13, 'Medium', '{}'),
(11, 2, '2026-06-23 06:27:26+00', 23.3850, 85.7665, 2.28, 3.68, 15, 'High', '{}'),
(12, 0, '2026-06-23 06:27:26+00', 28.4382, 76.1332, 3.53, 5.4, 24, 'High', '{}'),
(13, 1, '2026-06-19 06:27:26+00', 26.8618, 83.3135, 3.49, 4.94, 33, 'Medium', '{}'),
(14, 2, '2026-06-22 06:27:26+00', 12.0766, 83.0739, 3.75, 6.16, 18, 'Medium', '{}'),
(15, 0, '2026-06-21 06:27:26+00', 23.1066, 74.7531, 3.93, 5.21, 48, 'Low', '{}'),
(16, 1, '2026-06-21 06:27:26+00', 22.5649, 79.3118, 2.19, 4.17, 34, 'Low', '{}'),
(17, 2, '2026-06-20 06:27:26+00', 15.5376, 72.9994, 3.1, 4.68, 22, 'Medium', '{}'),
(18, 0, '2026-06-20 06:27:26+00', 18.7906, 78.5808, 3.51, 6.01, 36, 'Low', '{}'),
(19, 1, '2026-06-21 06:27:26+00', 15.7826, 87.6891, 2.16, 4.04, 35, 'Medium', '{}'),
(20, 2, '2026-06-24 06:27:26+00', 15.1046, 81.0819, 1.56, 2.06, 35, 'Low', '{}');
