-- Clean existing data
TRUNCATE TABLE air_quality_data, air_quality_stations, users, satellite_data, weather_data, fire_data, hcho_hotspots RESTART IDENTITY CASCADE;

-- Seed default users
INSERT INTO users (email, hashed_password, full_name, role, is_active, created_at, updated_at) VALUES 
('admin@airvision.in', '$2b$12$oJQeTDFaPjwxbRVq1CHIYOhx9exkO48j4DQGnRE2ceBMbM.vcc8..', 'System Admin', 'ADMIN', true, NOW(), NOW()),
('analyst@airvision.in', '$2b$12$vyvIubvFMPcA4nwzQDpNhO/7Rwad.IrCys4KEbmX0pJ1njOeRlxwG', 'Data Analyst', 'ANALYST', true, NOW(), NOW());

-- Seed stations
INSERT INTO air_quality_stations (id, station_id, name, city, state, latitude, longitude, is_active) VALUES 
(1, 'CPCB_DELHI', 'CPCB Station Delhi', 'Delhi', 'Delhi', 28.6139, 77.209, true),
(2, 'CPCB_MUMBAI', 'CPCB Station Mumbai', 'Mumbai', 'Maharashtra', 19.076, 72.8777, true),
(3, 'CPCB_KOLKATA', 'CPCB Station Kolkata', 'Kolkata', 'West Bengal', 22.5726, 88.3639, true),
(4, 'CPCB_CHENNAI', 'CPCB Station Chennai', 'Chennai', 'Tamil Nadu', 13.0827, 80.2707, true),
(5, 'CPCB_BANGALORE', 'CPCB Station Bangalore', 'Bangalore', 'Karnataka', 12.9716, 77.5946, true),
(6, 'CPCB_HYDERABAD', 'CPCB Station Hyderabad', 'Hyderabad', 'Telangana', 17.385, 78.4867, true),
(7, 'CPCB_AHMEDABAD', 'CPCB Station Ahmedabad', 'Ahmedabad', 'Gujarat', 23.0225, 72.5714, true),
(8, 'CPCB_PUNE', 'CPCB Station Pune', 'Pune', 'Maharashtra', 18.5204, 73.8567, true),
(9, 'CPCB_JAIPUR', 'CPCB Station Jaipur', 'Jaipur', 'Rajasthan', 26.9124, 75.7873, true),
(10, 'CPCB_LUCKNOW', 'CPCB Station Lucknow', 'Lucknow', 'Uttar Pradesh', 26.8467, 80.9462, true),
(11, 'CPCB_PATNA', 'CPCB Station Patna', 'Patna', 'Bihar', 25.5941, 85.1376, true),
(12, 'CPCB_CHANDIGARH', 'CPCB Station Chandigarh', 'Chandigarh', 'Chandigarh', 30.7333, 76.7794, true);

-- Seed air quality readings (30 days, 3 per day)
INSERT INTO air_quality_data (id, station_id, timestamp, pm25, pm10, no2, so2, co, o3, nh3, aqi, aqi_category) VALUES 
(1, 1, '2026-06-24 01:18:15+00', 174.35, 249.25, 40.15, 14.52, 1.35, 66.53, null, 341, 'Very Poor'),
(2, 1, '2026-06-23 19:18:15+00', 231.93, 404.49, 38.50, 10.17, 1.49, 35.96, null, 386, 'Very Poor'),
(3, 1, '2026-06-23 13:18:15+00', 54.69, 93.67, 36.89, 6.13, 0.81, 139.88, null, 91, 'Satisfactory'),
(4, 1, '2026-06-23 01:18:15+00', 223.04, 404.44, 54.68, 16.30, 2.46, 38.79, null, 379, 'Very Poor'),
(5, 1, '2026-06-22 19:18:15+00', 50.34, 86.02, 84.35, 50.19, 3.05, 145.51, null, 83, 'Satisfactory'),
(6, 1, '2026-06-22 13:18:15+00', 223.70, 423.72, 41.82, 32.94, 3.12, 22.34, null, 379, 'Very Poor'),
(7, 1, '2026-06-22 01:18:15+00', 69.15, 119.98, 29.01, 12.26, 2.60, 91.33, null, 130, 'Moderate'),
(8, 1, '2026-06-21 19:18:15+00', 39.11, 64.50, 42.78, 5.94, 1.38, 49.90, null, 65, 'Satisfactory'),
(9, 1, '2026-06-21 13:18:15+00', 93.32, 131.40, 72.14, 32.68, 1.33, 48.99, null, 211, 'Poor'),
(10, 1, '2026-06-21 01:18:15+00', 229.98, 289.99, 18.65, 17.18, 2.36, 65.58, null, 384, 'Very Poor'),
(11, 1, '2026-06-20 19:18:15+00', 59.89, 107.02, 82.11, 22.59, 2.65, 29.15, null, 99, 'Satisfactory'),
(12, 1, '2026-06-20 13:18:15+00', 79.08, 154.76, 68.62, 11.81, 3.68, 70.91, null, 163, 'Moderate'),
(13, 1, '2026-06-20 01:18:15+00', 225.35, 309.94, 48.01, 25.95, 3.14, 133.90, null, 381, 'Very Poor'),
(14, 1, '2026-06-19 19:18:15+00', 28.55, 56.05, 53.50, 13.98, 1.46, 115.88, null, 45, 'Good'),
(15, 1, '2026-06-19 13:18:15+00', 220.23, 280.30, 25.40, 25.63, 3.67, 95.39, null, 377, 'Very Poor'),
(16, 1, '2026-06-19 01:18:15+00', 69.03, 116.20, 27.91, 27.41, 2.40, 115.55, null, 130, 'Moderate'),
(17, 1, '2026-06-18 19:18:15+00', 244.41, 431.40, 87.56, 54.20, 1.88, 126.85, null, 395, 'Very Poor'),
(18, 1, '2026-06-18 13:18:15+00', 45.22, 70.71, 26.88, 33.27, 1.43, 113.81, null, 75, 'Satisfactory'),
(19, 1, '2026-06-18 01:18:15+00', 81.34, 118.67, 15.12, 39.98, 3.68, 54.23, null, 171, 'Moderate'),
(20, 1, '2026-06-17 19:18:15+00', 30.99, 57.33, 80.38, 5.96, 0.58, 122.00, null, 51, 'Satisfactory'),
(21, 1, '2026-06-17 13:18:15+00', 160.05, 315.45, 72.13, 35.13, 3.80, 106.15, null, 330, 'Very Poor'),
(22, 1, '2026-06-17 01:18:15+00', 83.50, 100.58, 73.13, 16.27, 3.62, 128.77, null, 178, 'Moderate'),
(23, 1, '2026-06-16 19:18:15+00', 148.57, 181.66, 68.78, 44.69, 0.69, 39.39, null, 322, 'Very Poor'),
(24, 1, '2026-06-16 13:18:15+00', 200.41, 333.10, 20.90, 41.35, 2.07, 101.25, null, 361, 'Very Poor'),
(25, 1, '2026-06-16 01:18:15+00', 134.65, 177.24, 35.92, 56.88, 1.42, 35.24, null, 311, 'Very Poor'),
(26, 1, '2026-06-15 19:18:15+00', 107.74, 178.40, 84.76, 12.50, 2.17, 90.57, null, 259, 'Poor'),
(27, 1, '2026-06-15 13:18:15+00', 212.84, 255.68, 66.93, 23.73, 2.69, 51.43, null, 371, 'Very Poor'),
(28, 1, '2026-06-15 01:18:15+00', 93.95, 169.31, 95.49, 35.17, 3.35, 80.77, null, 213, 'Poor'),
(29, 1, '2026-06-14 19:18:15+00', 135.89, 249.88, 60.86, 37.93, 3.71, 58.61, null, 312, 'Very Poor'),
(30, 1, '2026-06-14 13:18:15+00', 181.21, 333.44, 80.62, 42.08, 3.27, 100.33, null, 347, 'Very Poor'),
(31, 1, '2026-06-14 01:18:15+00', 183.42, 285.06, 53.49, 33.56, 0.54, 130.17, null, 348, 'Very Poor'),
(32, 1, '2026-06-13 19:18:15+00', 63.63, 80.59, 38.12, 41.75, 2.02, 41.52, null, 112, 'Moderate'),
(33, 1, '2026-06-13 13:18:15+00', 49.67, 84.30, 82.81, 42.32, 2.75, 99.59, null, 82, 'Satisfactory'),
(34, 1, '2026-06-13 01:18:15+00', 179.28, 343.00, 97.57, 52.85, 3.81, 66.62, null, 345, 'Very Poor'),
(35, 1, '2026-06-12 19:18:15+00', 72.60, 90.35, 73.04, 18.32, 1.81, 54.05, null, 141, 'Moderate'),
(36, 1, '2026-06-12 13:18:15+00', 210.10, 372.60, 66.05, 40.23, 2.66, 110.39, null, 369, 'Very Poor'),
(37, 1, '2026-06-12 01:18:15+00', 35.31, 50.69, 90.79, 13.62, 0.94, 73.16, null, 58, 'Satisfactory'),
(38, 1, '2026-06-11 19:18:15+00', 163.00, 293.16, 53.38, 39.28, 3.80, 39.55, null, 333, 'Very Poor'),
(39, 1, '2026-06-11 13:18:15+00', 38.37, 57.67, 95.70, 46.94, 0.47, 121.96, null, 63, 'Satisfactory'),
(40, 1, '2026-06-11 01:18:15+00', 198.72, 266.43, 82.38, 15.44, 3.86, 133.03, null, 360, 'Very Poor'),
(41, 1, '2026-06-10 19:18:15+00', 189.68, 272.51, 79.61, 58.81, 2.63, 82.10, null, 353, 'Very Poor'),
(42, 1, '2026-06-10 13:18:15+00', 158.31, 275.25, 46.96, 49.36, 3.45, 41.79, null, 329, 'Very Poor'),
(43, 1, '2026-06-10 01:18:15+00', 42.68, 79.29, 94.26, 50.40, 1.27, 77.79, null, 71, 'Satisfactory'),
(44, 1, '2026-06-09 19:18:15+00', 33.14, 57.63, 96.59, 24.60, 1.62, 144.74, null, 55, 'Satisfactory'),
(45, 1, '2026-06-09 13:18:15+00', 178.43, 247.69, 45.13, 54.24, 2.63, 84.98, null, 344, 'Very Poor'),
(46, 1, '2026-06-09 01:18:15+00', 247.48, 414.06, 30.04, 21.62, 0.46, 115.21, null, 398, 'Very Poor'),
(47, 1, '2026-06-08 19:18:15+00', 62.35, 96.23, 78.87, 39.81, 2.61, 90.93, null, 107, 'Moderate'),
(48, 1, '2026-06-08 13:18:15+00', 83.75, 149.22, 49.73, 10.95, 0.30, 76.79, null, 179, 'Moderate'),
(49, 1, '2026-06-08 01:18:15+00', 96.21, 192.32, 66.12, 20.06, 0.56, 32.55, null, 220, 'Poor'),
(50, 1, '2026-06-07 19:18:15+00', 110.95, 185.12, 79.04, 13.88, 2.56, 106.89, null, 269, 'Poor'),
(51, 1, '2026-06-07 13:18:15+00', 30.24, 38.05, 23.18, 37.50, 2.93, 87.03, null, 50, 'Satisfactory'),
(52, 1, '2026-06-07 01:18:15+00', 211.10, 390.97, 29.93, 11.41, 0.59, 140.39, null, 370, 'Very Poor'),
(53, 1, '2026-06-06 19:18:15+00', 159.45, 266.31, 20.29, 15.04, 1.80, 113.21, null, 330, 'Very Poor'),
(54, 1, '2026-06-06 13:18:15+00', 59.12, 117.22, 92.87, 57.63, 3.81, 145.57, null, 98, 'Satisfactory'),
(55, 1, '2026-06-06 01:18:15+00', 93.60, 152.57, 96.32, 50.13, 1.12, 103.74, null, 211, 'Poor'),
(56, 1, '2026-06-05 19:18:15+00', 21.12, 30.21, 24.98, 40.06, 1.90, 121.28, null, 33, 'Good'),
(57, 1, '2026-06-05 13:18:15+00', 121.20, 240.78, 23.17, 52.60, 2.14, 30.03, null, 300, 'Very Poor'),
(58, 1, '2026-06-05 01:18:15+00', 105.71, 202.16, 76.16, 12.48, 3.19, 20.83, null, 252, 'Poor'),
(59, 1, '2026-06-04 19:18:15+00', 83.83, 112.49, 90.06, 27.14, 2.72, 92.15, null, 179, 'Moderate'),
(60, 1, '2026-06-04 13:18:15+00', 157.89, 201.61, 78.47, 52.99, 3.25, 139.13, null, 329, 'Very Poor'),
(61, 1, '2026-06-04 01:18:15+00', 122.72, 181.71, 51.80, 21.04, 0.59, 113.11, null, 302, 'Very Poor'),
(62, 1, '2026-06-03 19:18:15+00', 76.20, 129.80, 85.98, 49.63, 3.03, 35.34, null, 153, 'Moderate'),
(63, 1, '2026-06-03 13:18:15+00', 112.95, 211.07, 20.75, 11.43, 1.56, 113.04, null, 276, 'Poor'),
(64, 1, '2026-06-03 01:18:15+00', 119.17, 145.81, 27.02, 58.08, 3.28, 129.38, null, 297, 'Poor'),
(65, 1, '2026-06-02 19:18:15+00', 159.46, 309.81, 19.36, 46.67, 1.08, 99.52, null, 330, 'Very Poor'),
(66, 1, '2026-06-02 13:18:15+00', 160.70, 279.16, 70.83, 37.02, 2.20, 20.88, null, 331, 'Very Poor'),
(67, 1, '2026-06-02 01:18:15+00', 236.72, 426.66, 73.69, 18.08, 2.57, 140.64, null, 389, 'Very Poor'),
(68, 1, '2026-06-01 19:18:15+00', 245.18, 434.61, 80.58, 44.02, 2.80, 27.57, null, 396, 'Very Poor'),
(69, 1, '2026-06-01 13:18:15+00', 112.62, 198.71, 18.42, 24.55, 1.00, 103.62, null, 275, 'Poor'),
(70, 1, '2026-06-01 01:18:15+00', 128.39, 185.52, 78.04, 34.64, 1.09, 75.52, null, 306, 'Very Poor'),
(71, 1, '2026-05-31 19:18:15+00', 85.92, 105.19, 22.66, 24.59, 3.22, 38.41, null, 186, 'Moderate'),
(72, 1, '2026-05-31 13:18:15+00', 119.68, 236.22, 12.57, 56.60, 1.16, 38.22, null, 298, 'Poor'),
(73, 1, '2026-05-31 01:18:15+00', 142.98, 237.93, 75.55, 16.78, 1.72, 102.91, null, 317, 'Very Poor'),
(74, 1, '2026-05-30 19:18:15+00', 30.63, 58.44, 37.27, 55.93, 2.16, 69.86, null, 51, 'Satisfactory'),
(75, 1, '2026-05-30 13:18:15+00', 187.73, 318.18, 97.52, 37.85, 2.02, 128.97, null, 352, 'Very Poor'),
(76, 1, '2026-05-30 01:18:15+00', 109.27, 154.85, 51.49, 30.57, 0.31, 33.52, null, 264, 'Poor'),
(77, 1, '2026-05-29 19:18:15+00', 72.35, 104.63, 66.74, 54.67, 1.14, 22.09, null, 141, 'Moderate'),
(78, 1, '2026-05-29 13:18:15+00', 199.13, 377.68, 95.59, 36.97, 3.13, 100.56, null, 360, 'Very Poor'),
(79, 1, '2026-05-29 01:18:15+00', 193.07, 274.94, 55.69, 57.18, 2.60, 56.50, null, 356, 'Very Poor'),
(80, 1, '2026-05-28 19:18:15+00', 194.31, 336.51, 91.15, 49.50, 1.23, 136.21, null, 357, 'Very Poor'),
(81, 1, '2026-05-28 13:18:15+00', 83.28, 133.27, 16.90, 29.93, 0.46, 106.07, null, 177, 'Moderate'),
(82, 1, '2026-05-28 01:18:15+00', 154.23, 192.50, 26.36, 14.11, 3.66, 124.78, null, 326, 'Very Poor'),
(83, 1, '2026-05-27 19:18:15+00', 70.11, 129.34, 80.68, 51.72, 1.53, 74.39, null, 133, 'Moderate'),
(84, 1, '2026-05-27 13:18:15+00', 29.03, 44.89, 16.45, 5.62, 3.18, 118.19, null, 46, 'Good'),
(85, 1, '2026-05-27 01:18:15+00', 211.80, 337.82, 31.75, 39.92, 1.87, 101.38, null, 370, 'Very Poor'),
(86, 1, '2026-05-26 19:18:15+00', 23.45, 33.15, 25.63, 10.65, 3.62, 53.03, null, 37, 'Good'),
(87, 1, '2026-05-26 13:18:15+00', 23.88, 32.51, 37.20, 7.11, 1.03, 39.42, null, 38, 'Good'),
(88, 1, '2026-05-26 01:18:15+00', 82.17, 143.92, 98.67, 12.03, 1.34, 119.22, null, 173, 'Moderate'),
(89, 1, '2026-05-25 19:18:15+00', 238.07, 439.76, 64.42, 27.76, 3.80, 113.16, null, 390, 'Very Poor'),
(90, 1, '2026-05-25 13:18:15+00', 47.36, 81.83, 74.36, 29.66, 3.02, 84.65, null, 78, 'Satisfactory'),
(91, 2, '2026-06-24 01:18:15+00', 90.97, 135.03, 81.20, 47.92, 2.44, 133.79, null, 203, 'Poor'),
(92, 2, '2026-06-23 19:18:15+00', 45.69, 70.42, 37.96, 44.04, 2.34, 64.81, null, 76, 'Satisfactory'),
(93, 2, '2026-06-23 13:18:15+00', 205.64, 408.63, 95.80, 39.16, 2.44, 142.34, null, 365, 'Very Poor'),
(94, 2, '2026-06-23 01:18:15+00', 221.77, 281.54, 43.45, 22.54, 1.93, 60.21, null, 378, 'Very Poor'),
(95, 2, '2026-06-22 19:18:15+00', 198.29, 319.19, 24.71, 16.58, 2.26, 44.04, null, 360, 'Very Poor'),
(96, 2, '2026-06-22 13:18:15+00', 30.69, 51.29, 60.84, 50.12, 1.75, 139.79, null, 51, 'Satisfactory'),
(97, 2, '2026-06-22 01:18:15+00', 37.18, 65.98, 61.05, 18.58, 1.33, 66.41, null, 61, 'Satisfactory'),
(98, 2, '2026-06-21 19:18:15+00', 56.51, 84.02, 15.06, 56.64, 3.11, 49.69, null, 94, 'Satisfactory'),
(99, 2, '2026-06-21 13:18:15+00', 218.91, 370.68, 42.41, 24.56, 2.39, 22.23, null, 376, 'Very Poor'),
(100, 2, '2026-06-21 01:18:15+00', 37.25, 74.01, 58.33, 58.39, 3.48, 116.72, null, 62, 'Satisfactory');
INSERT INTO air_quality_data (id, station_id, timestamp, pm25, pm10, no2, so2, co, o3, nh3, aqi, aqi_category) VALUES 
(101, 2, '2026-06-20 19:18:15+00', 230.77, 363.45, 79.28, 35.65, 2.29, 26.92, null, 385, 'Very Poor'),
(102, 2, '2026-06-20 13:18:15+00', 164.52, 308.86, 63.25, 36.34, 1.90, 112.96, null, 334, 'Very Poor'),
(103, 2, '2026-06-20 01:18:15+00', 35.52, 49.25, 63.32, 21.56, 3.57, 109.25, null, 59, 'Satisfactory'),
(104, 2, '2026-06-19 19:18:15+00', 248.48, 454.19, 99.99, 31.59, 2.94, 56.32, null, 398, 'Very Poor'),
(105, 2, '2026-06-19 13:18:15+00', 110.20, 137.06, 65.27, 31.75, 2.81, 100.73, null, 267, 'Poor'),
(106, 2, '2026-06-19 01:18:15+00', 62.33, 121.89, 47.98, 31.81, 1.65, 133.22, null, 107, 'Moderate'),
(107, 2, '2026-06-18 19:18:15+00', 173.94, 329.19, 33.81, 12.07, 2.95, 95.03, null, 341, 'Very Poor'),
(108, 2, '2026-06-18 13:18:15+00', 109.70, 138.53, 55.78, 42.39, 3.21, 113.65, null, 265, 'Poor'),
(109, 2, '2026-06-18 01:18:15+00', 230.27, 300.72, 50.50, 7.77, 1.87, 62.52, null, 384, 'Very Poor'),
(110, 2, '2026-06-17 19:18:15+00', 73.02, 97.50, 70.98, 13.56, 2.65, 75.03, null, 143, 'Moderate'),
(111, 2, '2026-06-17 13:18:15+00', 91.55, 109.93, 55.49, 46.94, 0.68, 120.51, null, 205, 'Poor'),
(112, 2, '2026-06-17 01:18:15+00', 201.94, 256.74, 61.71, 29.67, 3.58, 85.64, null, 363, 'Very Poor'),
(113, 2, '2026-06-16 19:18:15+00', 117.25, 182.57, 22.95, 42.71, 1.94, 131.88, null, 290, 'Poor'),
(114, 2, '2026-06-16 13:18:15+00', 100.45, 137.74, 70.71, 58.63, 1.63, 107.70, null, 234, 'Poor'),
(115, 2, '2026-06-16 01:18:15+00', 73.89, 118.07, 30.02, 29.44, 1.60, 66.96, null, 146, 'Moderate'),
(116, 2, '2026-06-15 19:18:15+00', 151.78, 244.93, 59.38, 44.30, 1.43, 148.30, null, 324, 'Very Poor'),
(117, 2, '2026-06-15 13:18:15+00', 103.69, 201.91, 87.93, 58.71, 3.71, 79.99, null, 245, 'Poor'),
(118, 2, '2026-06-15 01:18:15+00', 132.53, 176.06, 84.15, 53.60, 1.25, 131.96, null, 309, 'Very Poor'),
(119, 2, '2026-06-14 19:18:15+00', 133.56, 180.06, 89.70, 57.46, 3.35, 127.78, null, 310, 'Very Poor'),
(120, 2, '2026-06-14 13:18:15+00', 153.15, 228.94, 37.14, 35.84, 0.79, 65.47, null, 325, 'Very Poor'),
(121, 2, '2026-06-14 01:18:15+00', 191.54, 254.09, 22.26, 6.85, 3.46, 77.92, null, 355, 'Very Poor'),
(122, 2, '2026-06-13 19:18:15+00', 67.79, 126.23, 96.02, 26.11, 2.38, 83.23, null, 125, 'Moderate'),
(123, 2, '2026-06-13 13:18:15+00', 137.09, 238.61, 22.61, 14.90, 3.48, 95.72, null, 313, 'Very Poor'),
(124, 2, '2026-06-13 01:18:15+00', 145.45, 175.80, 23.05, 8.63, 0.97, 84.40, null, 319, 'Very Poor'),
(125, 2, '2026-06-12 19:18:15+00', 22.80, 44.34, 41.55, 45.37, 1.72, 103.08, null, 36, 'Good'),
(126, 2, '2026-06-12 13:18:15+00', 234.99, 297.29, 30.73, 35.04, 1.28, 127.72, null, 388, 'Very Poor'),
(127, 2, '2026-06-12 01:18:15+00', 67.10, 124.94, 54.64, 25.43, 3.82, 115.00, null, 123, 'Moderate'),
(128, 2, '2026-06-11 19:18:15+00', 103.51, 151.32, 85.93, 25.04, 2.48, 79.97, null, 245, 'Poor'),
(129, 2, '2026-06-11 13:18:15+00', 102.37, 123.01, 55.38, 55.89, 2.10, 82.49, null, 241, 'Poor'),
(130, 2, '2026-06-11 01:18:15+00', 177.42, 307.44, 44.95, 49.65, 2.47, 118.75, null, 344, 'Very Poor'),
(131, 2, '2026-06-10 19:18:15+00', 135.68, 178.45, 91.88, 20.94, 1.11, 144.66, null, 312, 'Very Poor'),
(132, 2, '2026-06-10 13:18:15+00', 80.74, 99.21, 10.14, 9.01, 3.35, 79.20, null, 169, 'Moderate'),
(133, 2, '2026-06-10 01:18:15+00', 249.04, 298.95, 30.39, 18.06, 2.77, 86.80, null, 399, 'Very Poor'),
(134, 2, '2026-06-09 19:18:15+00', 131.36, 251.32, 19.59, 10.63, 1.11, 80.99, null, 308, 'Very Poor'),
(135, 2, '2026-06-09 13:18:15+00', 86.43, 110.83, 79.75, 48.75, 1.91, 73.88, null, 188, 'Moderate'),
(136, 2, '2026-06-09 01:18:15+00', 81.03, 119.01, 89.64, 20.21, 3.55, 137.69, null, 170, 'Moderate'),
(137, 2, '2026-06-08 19:18:15+00', 181.20, 334.31, 31.04, 35.94, 3.71, 24.62, null, 347, 'Very Poor'),
(138, 2, '2026-06-08 13:18:15+00', 213.73, 342.46, 97.14, 29.67, 0.67, 99.73, null, 372, 'Very Poor'),
(139, 2, '2026-06-08 01:18:15+00', 23.01, 27.88, 16.92, 12.85, 0.43, 23.10, null, 36, 'Good'),
(140, 2, '2026-06-07 19:18:15+00', 66.28, 132.17, 68.94, 52.78, 1.16, 76.96, null, 120, 'Moderate'),
(141, 2, '2026-06-07 13:18:15+00', 33.74, 46.68, 68.84, 28.16, 1.56, 35.89, null, 56, 'Satisfactory'),
(142, 2, '2026-06-07 01:18:15+00', 147.77, 275.27, 12.57, 56.50, 2.42, 131.71, null, 321, 'Very Poor'),
(143, 2, '2026-06-06 19:18:15+00', 146.93, 251.94, 89.76, 20.40, 1.99, 36.89, null, 320, 'Very Poor'),
(144, 2, '2026-06-06 13:18:15+00', 139.35, 181.89, 97.48, 52.37, 1.77, 55.35, null, 314, 'Very Poor'),
(145, 2, '2026-06-06 01:18:15+00', 187.20, 310.84, 51.16, 39.11, 1.44, 134.82, null, 351, 'Very Poor'),
(146, 2, '2026-06-05 19:18:15+00', 60.27, 83.01, 80.90, 57.74, 0.31, 94.11, null, 100, 'Moderate'),
(147, 2, '2026-06-05 13:18:15+00', 130.15, 191.24, 47.25, 42.56, 2.70, 70.69, null, 307, 'Very Poor'),
(148, 2, '2026-06-05 01:18:15+00', 52.06, 103.36, 52.05, 25.48, 1.07, 75.91, null, 86, 'Satisfactory'),
(149, 2, '2026-06-04 19:18:15+00', 158.24, 209.12, 69.76, 10.94, 2.10, 43.42, null, 329, 'Very Poor'),
(150, 2, '2026-06-04 13:18:15+00', 138.00, 174.02, 41.75, 32.74, 3.99, 70.65, null, 313, 'Very Poor'),
(151, 2, '2026-06-04 01:18:15+00', 21.91, 31.67, 23.64, 51.83, 3.30, 49.66, null, 35, 'Good'),
(152, 2, '2026-06-03 19:18:15+00', 31.95, 61.87, 12.56, 22.46, 3.44, 134.09, null, 53, 'Satisfactory'),
(153, 2, '2026-06-03 13:18:15+00', 67.91, 93.93, 37.86, 31.64, 1.06, 57.67, null, 126, 'Moderate'),
(154, 2, '2026-06-03 01:18:15+00', 68.52, 105.66, 46.70, 7.28, 1.39, 21.25, null, 128, 'Moderate'),
(155, 2, '2026-06-02 19:18:15+00', 48.75, 73.47, 45.47, 41.62, 3.93, 53.39, null, 81, 'Satisfactory'),
(156, 2, '2026-06-02 13:18:15+00', 50.12, 82.48, 65.08, 15.38, 0.48, 149.43, null, 83, 'Satisfactory'),
(157, 2, '2026-06-02 01:18:15+00', 97.68, 145.62, 63.26, 46.28, 3.31, 92.03, null, 225, 'Poor'),
(158, 2, '2026-06-01 19:18:15+00', 79.28, 110.18, 61.30, 59.77, 1.81, 66.73, null, 164, 'Moderate'),
(159, 2, '2026-06-01 13:18:15+00', 37.13, 74.19, 88.64, 36.52, 1.02, 102.13, null, 61, 'Satisfactory'),
(160, 2, '2026-06-01 01:18:15+00', 246.51, 446.46, 36.53, 28.29, 1.06, 48.01, null, 397, 'Very Poor'),
(161, 2, '2026-05-31 19:18:15+00', 85.60, 147.20, 69.14, 55.34, 3.09, 114.65, null, 185, 'Moderate'),
(162, 2, '2026-05-31 13:18:15+00', 63.86, 113.26, 73.67, 43.00, 2.99, 118.99, null, 112, 'Moderate'),
(163, 2, '2026-05-31 01:18:15+00', 125.80, 168.32, 85.33, 47.02, 3.32, 27.14, null, 304, 'Very Poor'),
(164, 2, '2026-05-30 19:18:15+00', 155.30, 283.78, 20.23, 52.55, 3.47, 64.34, null, 327, 'Very Poor'),
(165, 2, '2026-05-30 13:18:15+00', 27.94, 38.36, 47.87, 43.58, 3.55, 106.91, null, 44, 'Good'),
(166, 2, '2026-05-30 01:18:15+00', 186.02, 318.97, 22.29, 49.13, 2.40, 31.19, null, 350, 'Very Poor'),
(167, 2, '2026-05-29 19:18:15+00', 151.02, 260.81, 73.56, 24.94, 2.72, 126.43, null, 323, 'Very Poor'),
(168, 2, '2026-05-29 13:18:15+00', 210.46, 266.33, 66.88, 53.77, 2.91, 139.71, null, 369, 'Very Poor'),
(169, 2, '2026-05-29 01:18:15+00', 201.99, 364.98, 83.42, 48.09, 2.82, 139.37, null, 363, 'Very Poor'),
(170, 2, '2026-05-28 19:18:15+00', 202.86, 317.35, 46.23, 28.71, 1.90, 72.07, null, 363, 'Very Poor'),
(171, 2, '2026-05-28 13:18:15+00', 162.96, 312.14, 15.95, 5.52, 3.09, 33.21, null, 333, 'Very Poor'),
(172, 2, '2026-05-28 01:18:15+00', 128.56, 175.46, 54.92, 59.42, 3.59, 25.95, null, 306, 'Very Poor'),
(173, 2, '2026-05-27 19:18:15+00', 55.81, 87.98, 51.12, 17.77, 0.76, 63.93, null, 93, 'Satisfactory'),
(174, 2, '2026-05-27 13:18:15+00', 220.81, 361.91, 67.27, 28.18, 3.10, 129.33, null, 377, 'Very Poor'),
(175, 2, '2026-05-27 01:18:15+00', 229.58, 397.66, 72.12, 32.70, 1.11, 98.78, null, 384, 'Very Poor'),
(176, 2, '2026-05-26 19:18:15+00', 110.10, 211.33, 14.38, 59.15, 1.90, 35.65, null, 266, 'Poor'),
(177, 2, '2026-05-26 13:18:15+00', 77.53, 132.28, 85.43, 25.35, 0.38, 114.06, null, 158, 'Moderate'),
(178, 2, '2026-05-26 01:18:15+00', 26.96, 52.05, 10.06, 58.03, 3.79, 71.37, null, 43, 'Good'),
(179, 2, '2026-05-25 19:18:15+00', 158.14, 263.74, 72.71, 48.79, 1.19, 135.19, null, 329, 'Very Poor'),
(180, 2, '2026-05-25 13:18:15+00', 35.58, 47.13, 87.40, 57.17, 2.53, 140.26, null, 59, 'Satisfactory'),
(181, 3, '2026-06-24 01:18:15+00', 122.51, 174.11, 66.18, 42.31, 2.16, 91.92, null, 301, 'Very Poor'),
(182, 3, '2026-06-23 19:18:15+00', 209.64, 338.20, 22.28, 25.73, 1.09, 148.73, null, 369, 'Very Poor'),
(183, 3, '2026-06-23 13:18:15+00', 243.09, 318.91, 55.39, 48.38, 1.10, 103.87, null, 394, 'Very Poor'),
(184, 3, '2026-06-23 01:18:15+00', 42.47, 77.87, 42.61, 56.50, 1.12, 71.68, null, 70, 'Satisfactory'),
(185, 3, '2026-06-22 19:18:15+00', 125.37, 201.39, 88.21, 27.87, 3.66, 93.10, null, 304, 'Very Poor'),
(186, 3, '2026-06-22 13:18:15+00', 104.91, 178.89, 86.83, 45.87, 2.25, 116.89, null, 249, 'Poor'),
(187, 3, '2026-06-22 01:18:15+00', 122.51, 194.44, 52.33, 58.80, 2.45, 80.60, null, 301, 'Very Poor'),
(188, 3, '2026-06-21 19:18:15+00', 80.49, 146.84, 13.71, 30.32, 1.33, 121.63, null, 168, 'Moderate'),
(189, 3, '2026-06-21 13:18:15+00', 237.23, 445.22, 59.31, 48.30, 0.64, 86.90, null, 390, 'Very Poor'),
(190, 3, '2026-06-21 01:18:15+00', 29.77, 45.61, 21.84, 44.71, 1.53, 116.76, null, 47, 'Good'),
(191, 3, '2026-06-20 19:18:15+00', 233.04, 309.50, 11.17, 16.35, 2.32, 115.72, null, 387, 'Very Poor'),
(192, 3, '2026-06-20 13:18:15+00', 95.57, 162.05, 83.59, 9.68, 0.32, 116.44, null, 218, 'Poor'),
(193, 3, '2026-06-20 01:18:15+00', 98.62, 143.48, 60.05, 51.71, 0.64, 115.01, null, 228, 'Poor'),
(194, 3, '2026-06-19 19:18:15+00', 220.91, 417.73, 44.21, 51.26, 1.69, 30.84, null, 377, 'Very Poor'),
(195, 3, '2026-06-19 13:18:15+00', 249.91, 343.62, 98.59, 29.23, 2.79, 98.28, null, 400, 'Very Poor'),
(196, 3, '2026-06-19 01:18:15+00', 233.92, 393.35, 95.42, 29.06, 1.29, 135.45, null, 387, 'Very Poor'),
(197, 3, '2026-06-18 19:18:15+00', 211.70, 395.98, 67.20, 7.15, 0.51, 130.60, null, 370, 'Very Poor'),
(198, 3, '2026-06-18 13:18:15+00', 24.02, 45.55, 60.46, 42.24, 0.67, 120.40, null, 38, 'Good'),
(199, 3, '2026-06-18 01:18:15+00', 34.96, 56.24, 68.84, 49.74, 2.18, 137.30, null, 58, 'Satisfactory'),
(200, 3, '2026-06-17 19:18:15+00', 213.33, 329.26, 74.38, 16.50, 3.74, 38.06, null, 371, 'Very Poor');
INSERT INTO air_quality_data (id, station_id, timestamp, pm25, pm10, no2, so2, co, o3, nh3, aqi, aqi_category) VALUES 
(201, 3, '2026-06-17 13:18:15+00', 84.03, 164.62, 18.46, 6.58, 3.20, 71.56, null, 180, 'Moderate'),
(202, 3, '2026-06-17 01:18:15+00', 147.67, 239.04, 36.11, 24.89, 2.29, 125.36, null, 321, 'Very Poor'),
(203, 3, '2026-06-16 19:18:15+00', 189.48, 280.28, 48.30, 19.63, 3.24, 103.95, null, 353, 'Very Poor'),
(204, 3, '2026-06-16 13:18:15+00', 139.43, 269.93, 48.98, 28.88, 1.20, 27.60, null, 314, 'Very Poor'),
(205, 3, '2026-06-16 01:18:15+00', 139.65, 230.43, 21.41, 31.32, 2.40, 68.72, null, 315, 'Very Poor'),
(206, 3, '2026-06-15 19:18:15+00', 123.64, 207.48, 61.95, 32.78, 1.39, 36.33, null, 302, 'Very Poor'),
(207, 3, '2026-06-15 13:18:15+00', 169.93, 299.76, 54.50, 9.67, 2.94, 28.19, null, 338, 'Very Poor'),
(208, 3, '2026-06-15 01:18:15+00', 200.39, 267.27, 47.66, 39.98, 1.55, 98.92, null, 361, 'Very Poor'),
(209, 3, '2026-06-14 19:18:15+00', 64.67, 114.03, 84.62, 33.10, 1.66, 50.29, null, 115, 'Moderate'),
(210, 3, '2026-06-14 13:18:15+00', 53.95, 86.67, 92.64, 14.23, 1.98, 109.70, null, 89, 'Satisfactory'),
(211, 3, '2026-06-14 01:18:15+00', 122.88, 188.84, 56.88, 52.77, 2.31, 60.41, null, 302, 'Very Poor'),
(212, 3, '2026-06-13 19:18:15+00', 115.22, 172.13, 28.23, 22.14, 3.48, 117.25, null, 283, 'Poor'),
(213, 3, '2026-06-13 13:18:15+00', 150.77, 195.08, 60.04, 51.39, 2.69, 148.80, null, 323, 'Very Poor'),
(214, 3, '2026-06-13 01:18:15+00', 197.59, 393.75, 42.95, 5.24, 2.13, 133.11, null, 359, 'Very Poor'),
(215, 3, '2026-06-12 19:18:15+00', 39.74, 61.57, 99.19, 52.37, 0.91, 63.43, null, 66, 'Satisfactory'),
(216, 3, '2026-06-12 13:18:15+00', 83.79, 128.53, 63.86, 23.72, 1.15, 38.80, null, 179, 'Moderate'),
(217, 3, '2026-06-12 01:18:15+00', 120.20, 199.38, 91.34, 8.08, 1.10, 71.14, null, 300, 'Very Poor'),
(218, 3, '2026-06-11 19:18:15+00', 213.80, 270.51, 83.08, 11.62, 0.60, 40.54, null, 372, 'Very Poor'),
(219, 3, '2026-06-11 13:18:15+00', 76.62, 123.69, 80.11, 19.80, 2.56, 90.30, null, 155, 'Moderate'),
(220, 3, '2026-06-11 01:18:15+00', 98.80, 188.20, 27.47, 56.52, 2.66, 51.68, null, 229, 'Poor'),
(221, 3, '2026-06-10 19:18:15+00', 194.46, 283.32, 54.94, 45.92, 3.65, 53.10, null, 357, 'Very Poor'),
(222, 3, '2026-06-10 13:18:15+00', 187.27, 353.21, 50.15, 55.29, 2.57, 102.83, null, 351, 'Very Poor'),
(223, 3, '2026-06-10 01:18:15+00', 29.89, 37.61, 82.39, 59.16, 1.11, 70.46, null, 47, 'Good'),
(224, 3, '2026-06-09 19:18:15+00', 101.19, 144.96, 67.68, 40.13, 3.26, 41.77, null, 237, 'Poor'),
(225, 3, '2026-06-09 13:18:15+00', 205.76, 265.93, 22.78, 48.96, 1.84, 71.31, null, 366, 'Very Poor'),
(226, 3, '2026-06-09 01:18:15+00', 197.52, 350.97, 79.85, 28.93, 2.08, 113.54, null, 359, 'Very Poor'),
(227, 3, '2026-06-08 19:18:15+00', 64.06, 91.30, 76.60, 23.59, 2.23, 110.20, null, 113, 'Moderate'),
(228, 3, '2026-06-08 13:18:15+00', 147.50, 206.10, 50.04, 58.48, 3.53, 87.77, null, 321, 'Very Poor'),
(229, 3, '2026-06-08 01:18:15+00', 207.62, 317.70, 71.56, 46.51, 2.74, 88.76, null, 367, 'Very Poor'),
(230, 3, '2026-06-07 19:18:15+00', 138.86, 175.10, 34.31, 40.28, 1.24, 76.05, null, 314, 'Very Poor'),
(231, 3, '2026-06-07 13:18:15+00', 206.29, 288.39, 84.74, 53.19, 3.50, 80.58, null, 366, 'Very Poor'),
(232, 3, '2026-06-07 01:18:15+00', 176.97, 326.86, 73.86, 53.70, 2.16, 51.13, null, 343, 'Very Poor'),
(233, 3, '2026-06-06 19:18:15+00', 211.13, 309.95, 14.19, 19.53, 2.88, 42.25, null, 370, 'Very Poor'),
(234, 3, '2026-06-06 13:18:15+00', 81.86, 138.94, 48.36, 11.54, 2.59, 127.02, null, 172, 'Moderate'),
(235, 3, '2026-06-06 01:18:15+00', 115.70, 195.33, 48.53, 36.31, 3.05, 78.69, null, 285, 'Poor'),
(236, 3, '2026-06-05 19:18:15+00', 192.02, 314.30, 70.32, 41.54, 0.92, 57.90, null, 355, 'Very Poor'),
(237, 3, '2026-06-05 13:18:15+00', 56.78, 91.00, 43.43, 18.29, 2.00, 73.96, null, 94, 'Satisfactory'),
(238, 3, '2026-06-05 01:18:15+00', 28.85, 47.00, 45.92, 53.10, 1.17, 47.24, null, 46, 'Good'),
(239, 3, '2026-06-04 19:18:15+00', 57.26, 105.91, 19.76, 10.13, 1.97, 146.50, null, 95, 'Satisfactory'),
(240, 3, '2026-06-04 13:18:15+00', 99.26, 142.29, 27.54, 50.38, 1.56, 122.87, null, 230, 'Poor'),
(241, 3, '2026-06-04 01:18:15+00', 240.58, 362.15, 86.48, 38.46, 2.90, 38.61, null, 392, 'Very Poor'),
(242, 3, '2026-06-03 19:18:15+00', 65.67, 106.54, 93.35, 59.81, 1.91, 42.77, null, 118, 'Moderate'),
(243, 3, '2026-06-03 13:18:15+00', 67.66, 99.06, 95.50, 34.93, 3.18, 30.50, null, 125, 'Moderate'),
(244, 3, '2026-06-03 01:18:15+00', 46.78, 66.94, 70.21, 8.55, 2.04, 34.40, null, 78, 'Satisfactory'),
(245, 3, '2026-06-02 19:18:15+00', 240.59, 455.06, 69.91, 30.74, 2.04, 88.10, null, 392, 'Very Poor'),
(246, 3, '2026-06-02 13:18:15+00', 76.21, 117.05, 37.35, 46.99, 2.33, 27.01, null, 153, 'Moderate'),
(247, 3, '2026-06-02 01:18:15+00', 139.03, 270.99, 12.89, 7.94, 0.75, 79.48, null, 314, 'Very Poor'),
(248, 3, '2026-06-01 19:18:15+00', 178.78, 235.08, 50.43, 18.95, 3.81, 92.50, null, 345, 'Very Poor'),
(249, 3, '2026-06-01 13:18:15+00', 81.71, 118.44, 84.23, 50.72, 3.18, 123.29, null, 172, 'Moderate'),
(250, 3, '2026-06-01 01:18:15+00', 179.68, 331.22, 92.78, 32.21, 0.63, 86.11, null, 345, 'Very Poor'),
(251, 3, '2026-05-31 19:18:15+00', 50.31, 87.06, 89.08, 28.36, 1.74, 146.33, null, 83, 'Satisfactory'),
(252, 3, '2026-05-31 13:18:15+00', 110.76, 211.00, 55.52, 42.28, 1.58, 23.35, null, 269, 'Poor'),
(253, 3, '2026-05-31 01:18:15+00', 244.15, 406.08, 85.98, 23.94, 0.81, 78.65, null, 395, 'Very Poor'),
(254, 3, '2026-05-30 19:18:15+00', 52.92, 89.50, 17.13, 17.17, 1.16, 124.13, null, 88, 'Satisfactory'),
(255, 3, '2026-05-30 13:18:15+00', 135.36, 222.15, 55.63, 19.12, 2.84, 74.97, null, 311, 'Very Poor'),
(256, 3, '2026-05-30 01:18:15+00', 214.52, 407.78, 94.95, 39.14, 0.41, 25.43, null, 372, 'Very Poor'),
(257, 3, '2026-05-29 19:18:15+00', 169.40, 287.89, 75.45, 51.69, 0.51, 124.27, null, 338, 'Very Poor'),
(258, 3, '2026-05-29 13:18:15+00', 149.28, 273.39, 80.73, 49.70, 0.54, 121.43, null, 322, 'Very Poor'),
(259, 3, '2026-05-29 01:18:15+00', 197.69, 306.37, 23.30, 23.98, 1.36, 39.76, null, 359, 'Very Poor'),
(260, 3, '2026-05-28 19:18:15+00', 148.59, 264.00, 79.91, 28.76, 2.13, 24.09, null, 322, 'Very Poor'),
(261, 3, '2026-05-28 13:18:15+00', 218.37, 323.73, 97.66, 30.60, 3.92, 89.44, null, 375, 'Very Poor'),
(262, 3, '2026-05-28 01:18:15+00', 163.48, 202.10, 92.61, 16.96, 0.77, 117.46, null, 333, 'Very Poor'),
(263, 3, '2026-05-27 19:18:15+00', 175.34, 245.01, 30.61, 36.70, 3.94, 99.65, null, 342, 'Very Poor'),
(264, 3, '2026-05-27 13:18:15+00', 95.25, 173.07, 32.83, 43.88, 0.96, 116.58, null, 217, 'Poor'),
(265, 3, '2026-05-27 01:18:15+00', 214.02, 393.52, 13.61, 45.80, 3.67, 55.26, null, 372, 'Very Poor'),
(266, 3, '2026-05-26 19:18:15+00', 229.74, 387.52, 67.14, 32.05, 3.35, 70.62, null, 384, 'Very Poor'),
(267, 3, '2026-05-26 13:18:15+00', 173.72, 235.34, 14.70, 37.33, 2.90, 135.22, null, 341, 'Very Poor'),
(268, 3, '2026-05-26 01:18:15+00', 205.86, 331.42, 11.65, 8.02, 0.33, 98.77, null, 366, 'Very Poor'),
(269, 3, '2026-05-25 19:18:15+00', 237.96, 379.40, 85.93, 5.79, 1.20, 94.31, null, 390, 'Very Poor'),
(270, 3, '2026-05-25 13:18:15+00', 246.35, 346.30, 35.14, 53.48, 0.55, 35.37, null, 397, 'Very Poor'),
(271, 4, '2026-06-24 01:18:15+00', 70.43, 121.62, 77.05, 15.55, 1.22, 60.12, null, 134, 'Moderate'),
(272, 4, '2026-06-23 19:18:15+00', 78.74, 139.98, 50.58, 31.55, 3.50, 105.03, null, 162, 'Moderate'),
(273, 4, '2026-06-23 13:18:15+00', 176.08, 263.42, 38.82, 52.51, 1.18, 101.58, null, 343, 'Very Poor'),
(274, 4, '2026-06-23 01:18:15+00', 109.78, 182.15, 48.69, 14.19, 0.66, 49.22, null, 265, 'Poor'),
(275, 4, '2026-06-22 19:18:15+00', 238.33, 373.63, 33.14, 11.47, 1.77, 97.19, null, 391, 'Very Poor'),
(276, 4, '2026-06-22 13:18:15+00', 164.95, 277.99, 82.98, 13.69, 1.11, 47.99, null, 334, 'Very Poor'),
(277, 4, '2026-06-22 01:18:15+00', 208.63, 336.83, 75.22, 17.00, 2.87, 113.63, null, 368, 'Very Poor'),
(278, 4, '2026-06-21 19:18:15+00', 178.40, 334.22, 79.32, 25.44, 1.09, 59.25, null, 344, 'Very Poor'),
(279, 4, '2026-06-21 13:18:15+00', 244.44, 450.57, 63.37, 32.77, 3.96, 142.96, null, 395, 'Very Poor'),
(280, 4, '2026-06-21 01:18:15+00', 101.75, 193.90, 13.42, 30.08, 1.56, 66.33, null, 239, 'Poor'),
(281, 4, '2026-06-20 19:18:15+00', 203.82, 317.90, 37.95, 11.78, 3.96, 62.95, null, 364, 'Very Poor'),
(282, 4, '2026-06-20 13:18:15+00', 112.56, 165.42, 47.89, 50.90, 1.01, 24.63, null, 275, 'Poor'),
(283, 4, '2026-06-20 01:18:15+00', 79.05, 110.76, 74.34, 13.16, 2.60, 54.59, null, 163, 'Moderate'),
(284, 4, '2026-06-19 19:18:15+00', 83.92, 166.73, 87.93, 15.24, 2.06, 140.39, null, 179, 'Moderate'),
(285, 4, '2026-06-19 13:18:15+00', 238.81, 460.54, 98.26, 56.98, 1.03, 95.46, null, 391, 'Very Poor'),
(286, 4, '2026-06-19 01:18:15+00', 215.97, 365.38, 64.83, 35.09, 2.72, 84.43, null, 373, 'Very Poor'),
(287, 4, '2026-06-18 19:18:15+00', 87.29, 106.81, 89.61, 35.37, 3.37, 138.40, null, 190, 'Moderate'),
(288, 4, '2026-06-18 13:18:15+00', 172.18, 233.05, 56.33, 15.76, 2.30, 130.95, null, 340, 'Very Poor'),
(289, 4, '2026-06-18 01:18:15+00', 77.90, 119.63, 32.47, 51.98, 1.57, 95.42, null, 159, 'Moderate'),
(290, 4, '2026-06-17 19:18:15+00', 194.76, 372.23, 20.76, 47.65, 2.64, 83.86, null, 357, 'Very Poor'),
(291, 4, '2026-06-17 13:18:15+00', 166.68, 280.52, 55.31, 35.37, 1.19, 71.38, null, 335, 'Very Poor'),
(292, 4, '2026-06-17 01:18:15+00', 144.16, 287.53, 70.54, 6.09, 1.26, 32.27, null, 318, 'Very Poor'),
(293, 4, '2026-06-16 19:18:15+00', 227.44, 397.21, 90.80, 48.08, 1.44, 23.99, null, 382, 'Very Poor'),
(294, 4, '2026-06-16 13:18:15+00', 90.23, 157.38, 46.77, 51.80, 0.85, 75.70, null, 200, 'Poor'),
(295, 4, '2026-06-16 01:18:15+00', 103.82, 156.06, 39.66, 45.80, 3.84, 48.36, null, 246, 'Poor'),
(296, 4, '2026-06-15 19:18:15+00', 199.80, 345.16, 94.77, 35.49, 0.65, 106.30, null, 361, 'Very Poor'),
(297, 4, '2026-06-15 13:18:15+00', 167.63, 330.01, 24.93, 40.75, 0.54, 42.75, null, 336, 'Very Poor'),
(298, 4, '2026-06-15 01:18:15+00', 168.89, 294.50, 79.89, 38.82, 1.53, 95.62, null, 337, 'Very Poor'),
(299, 4, '2026-06-14 19:18:15+00', 240.16, 302.33, 69.42, 46.65, 3.83, 143.62, null, 392, 'Very Poor'),
(300, 4, '2026-06-14 13:18:15+00', 241.61, 436.00, 59.80, 23.40, 1.62, 47.40, null, 393, 'Very Poor');
INSERT INTO air_quality_data (id, station_id, timestamp, pm25, pm10, no2, so2, co, o3, nh3, aqi, aqi_category) VALUES 
(301, 4, '2026-06-14 01:18:15+00', 135.99, 228.72, 50.19, 55.74, 0.43, 118.96, null, 312, 'Very Poor'),
(302, 4, '2026-06-13 19:18:15+00', 140.87, 180.52, 40.23, 12.25, 1.56, 109.81, null, 316, 'Very Poor'),
(303, 4, '2026-06-13 13:18:15+00', 21.46, 39.54, 14.06, 10.36, 3.44, 27.04, null, 34, 'Good'),
(304, 4, '2026-06-13 01:18:15+00', 188.44, 247.22, 18.14, 21.40, 1.24, 80.46, null, 352, 'Very Poor'),
(305, 4, '2026-06-12 19:18:15+00', 142.43, 185.87, 22.07, 53.46, 1.40, 93.33, null, 317, 'Very Poor'),
(306, 4, '2026-06-12 13:18:15+00', 117.89, 216.50, 70.25, 40.23, 0.96, 41.94, null, 292, 'Poor'),
(307, 4, '2026-06-12 01:18:15+00', 216.87, 381.22, 18.60, 46.94, 2.44, 53.58, null, 374, 'Very Poor'),
(308, 4, '2026-06-11 19:18:15+00', 153.81, 284.84, 39.52, 24.22, 0.45, 141.37, null, 326, 'Very Poor'),
(309, 4, '2026-06-11 13:18:15+00', 100.13, 125.94, 51.15, 44.86, 0.87, 103.53, null, 233, 'Poor'),
(310, 4, '2026-06-11 01:18:15+00', 173.09, 247.92, 18.70, 38.94, 3.07, 66.99, null, 340, 'Very Poor'),
(311, 4, '2026-06-10 19:18:15+00', 45.39, 73.07, 45.00, 22.83, 3.49, 65.38, null, 75, 'Satisfactory'),
(312, 4, '2026-06-10 13:18:15+00', 89.05, 176.18, 32.23, 19.02, 3.04, 101.30, null, 196, 'Moderate'),
(313, 4, '2026-06-10 01:18:15+00', 82.65, 140.57, 90.57, 8.21, 2.26, 42.32, null, 175, 'Moderate'),
(314, 4, '2026-06-09 19:18:15+00', 144.24, 185.43, 41.56, 41.18, 1.15, 42.84, null, 318, 'Very Poor'),
(315, 4, '2026-06-09 13:18:15+00', 200.62, 259.03, 39.96, 10.47, 2.93, 49.79, null, 362, 'Very Poor'),
(316, 4, '2026-06-09 01:18:15+00', 56.06, 110.48, 26.80, 26.92, 2.62, 139.14, null, 93, 'Satisfactory'),
(317, 4, '2026-06-08 19:18:15+00', 213.97, 421.63, 83.71, 47.74, 0.64, 134.99, null, 372, 'Very Poor'),
(318, 4, '2026-06-08 13:18:15+00', 213.90, 303.64, 51.35, 15.44, 2.72, 147.01, null, 372, 'Very Poor'),
(319, 4, '2026-06-08 01:18:15+00', 205.38, 367.17, 32.92, 39.73, 0.67, 59.73, null, 365, 'Very Poor'),
(320, 4, '2026-06-07 19:18:15+00', 134.59, 225.17, 15.22, 31.83, 3.97, 127.05, null, 311, 'Very Poor'),
(321, 4, '2026-06-07 13:18:15+00', 130.50, 235.90, 80.33, 8.84, 1.55, 43.60, null, 308, 'Very Poor'),
(322, 4, '2026-06-07 01:18:15+00', 161.18, 241.92, 34.87, 16.72, 3.14, 75.99, null, 331, 'Very Poor'),
(323, 4, '2026-06-06 19:18:15+00', 224.09, 269.58, 36.39, 50.58, 1.16, 94.74, null, 380, 'Very Poor'),
(324, 4, '2026-06-06 13:18:15+00', 68.32, 109.45, 58.81, 29.70, 0.39, 43.17, null, 127, 'Moderate'),
(325, 4, '2026-06-06 01:18:15+00', 91.61, 121.07, 86.95, 22.50, 0.41, 143.86, null, 205, 'Poor'),
(326, 4, '2026-06-05 19:18:15+00', 222.50, 340.20, 25.32, 36.85, 1.98, 39.23, null, 378, 'Very Poor'),
(327, 4, '2026-06-05 13:18:15+00', 248.90, 485.93, 50.31, 26.38, 2.87, 53.84, null, 399, 'Very Poor'),
(328, 4, '2026-06-05 01:18:15+00', 76.54, 126.65, 82.14, 18.50, 0.35, 21.16, null, 155, 'Moderate'),
(329, 4, '2026-06-04 19:18:15+00', 87.61, 128.81, 58.23, 42.10, 3.03, 73.36, null, 191, 'Moderate'),
(330, 4, '2026-06-04 13:18:15+00', 31.02, 48.16, 74.26, 56.37, 1.17, 75.69, null, 51, 'Satisfactory'),
(331, 4, '2026-06-04 01:18:15+00', 228.61, 375.49, 57.64, 56.96, 2.44, 117.99, null, 383, 'Very Poor'),
(332, 4, '2026-06-03 19:18:15+00', 64.73, 99.22, 94.48, 55.49, 2.18, 73.21, null, 115, 'Moderate'),
(333, 4, '2026-06-03 13:18:15+00', 216.19, 404.02, 85.50, 6.62, 3.20, 67.09, null, 374, 'Very Poor'),
(334, 4, '2026-06-03 01:18:15+00', 38.83, 57.87, 10.40, 29.39, 3.01, 30.20, null, 64, 'Satisfactory'),
(335, 4, '2026-06-02 19:18:15+00', 130.50, 244.44, 54.75, 17.55, 2.56, 112.55, null, 308, 'Very Poor'),
(336, 4, '2026-06-02 13:18:15+00', 32.88, 57.28, 42.37, 47.70, 2.51, 96.51, null, 54, 'Satisfactory'),
(337, 4, '2026-06-02 01:18:15+00', 116.75, 168.19, 19.48, 35.65, 2.34, 76.81, null, 289, 'Poor'),
(338, 4, '2026-06-01 19:18:15+00', 65.55, 91.85, 69.04, 29.15, 0.82, 107.38, null, 118, 'Moderate'),
(339, 4, '2026-06-01 13:18:15+00', 101.84, 203.07, 33.76, 47.34, 3.20, 132.18, null, 239, 'Poor'),
(340, 4, '2026-06-01 01:18:15+00', 197.93, 359.66, 68.32, 10.27, 0.91, 130.93, null, 360, 'Very Poor'),
(341, 4, '2026-05-31 19:18:15+00', 105.65, 140.96, 63.20, 21.70, 0.57, 102.55, null, 252, 'Poor'),
(342, 4, '2026-05-31 13:18:15+00', 187.70, 254.39, 37.54, 23.62, 3.40, 111.37, null, 352, 'Very Poor'),
(343, 4, '2026-05-31 01:18:15+00', 32.05, 49.24, 35.92, 49.62, 1.69, 145.01, null, 53, 'Satisfactory'),
(344, 4, '2026-05-30 19:18:15+00', 120.55, 153.79, 12.45, 52.21, 0.58, 74.09, null, 300, 'Very Poor'),
(345, 4, '2026-05-30 13:18:15+00', 163.19, 203.07, 99.84, 37.43, 3.28, 86.82, null, 333, 'Very Poor'),
(346, 4, '2026-05-30 01:18:15+00', 38.28, 73.72, 82.20, 17.38, 2.83, 56.36, null, 63, 'Satisfactory'),
(347, 4, '2026-05-29 19:18:15+00', 56.99, 95.65, 16.23, 8.07, 2.09, 59.13, null, 95, 'Satisfactory'),
(348, 4, '2026-05-29 13:18:15+00', 247.96, 362.34, 28.03, 16.91, 1.80, 108.48, null, 398, 'Very Poor'),
(349, 4, '2026-05-29 01:18:15+00', 162.03, 306.81, 85.25, 56.94, 3.71, 144.78, null, 332, 'Very Poor'),
(350, 4, '2026-05-28 19:18:15+00', 153.61, 249.96, 77.74, 37.43, 0.82, 93.07, null, 325, 'Very Poor'),
(351, 4, '2026-05-28 13:18:15+00', 108.07, 153.27, 77.98, 22.67, 0.86, 93.14, null, 260, 'Poor'),
(352, 4, '2026-05-28 01:18:15+00', 35.53, 49.71, 58.70, 32.89, 2.81, 50.98, null, 59, 'Satisfactory'),
(353, 4, '2026-05-27 19:18:15+00', 242.77, 482.53, 77.98, 48.42, 1.53, 130.19, null, 394, 'Very Poor'),
(354, 4, '2026-05-27 13:18:15+00', 195.14, 272.96, 49.17, 22.79, 1.39, 107.35, null, 357, 'Very Poor'),
(355, 4, '2026-05-27 01:18:15+00', 37.51, 61.34, 31.01, 24.94, 1.27, 45.04, null, 62, 'Satisfactory'),
(356, 4, '2026-05-26 19:18:15+00', 36.60, 45.88, 62.40, 6.35, 3.95, 38.46, null, 61, 'Satisfactory'),
(357, 4, '2026-05-26 13:18:15+00', 149.21, 219.52, 29.90, 13.16, 3.87, 71.24, null, 322, 'Very Poor'),
(358, 4, '2026-05-26 01:18:15+00', 62.95, 88.43, 29.95, 44.55, 3.20, 80.38, null, 109, 'Moderate'),
(359, 4, '2026-05-25 19:18:15+00', 23.79, 38.16, 88.10, 21.50, 2.83, 23.65, null, 38, 'Good'),
(360, 4, '2026-05-25 13:18:15+00', 166.81, 308.56, 10.79, 18.13, 1.01, 59.06, null, 336, 'Very Poor'),
(361, 5, '2026-06-24 01:18:15+00', 49.96, 82.31, 42.91, 57.68, 2.74, 95.12, null, 83, 'Satisfactory'),
(362, 5, '2026-06-23 19:18:15+00', 74.51, 123.07, 57.31, 52.57, 1.18, 129.62, null, 148, 'Moderate'),
(363, 5, '2026-06-23 13:18:15+00', 81.62, 119.45, 18.20, 48.59, 1.71, 70.05, null, 172, 'Moderate'),
(364, 5, '2026-06-23 01:18:15+00', 131.16, 197.10, 63.88, 24.44, 1.08, 106.09, null, 308, 'Very Poor'),
(365, 5, '2026-06-22 19:18:15+00', 213.80, 408.36, 22.25, 51.15, 2.20, 83.23, null, 372, 'Very Poor'),
(366, 5, '2026-06-22 13:18:15+00', 225.80, 342.20, 61.40, 30.85, 0.74, 83.98, null, 381, 'Very Poor'),
(367, 5, '2026-06-22 01:18:15+00', 131.37, 236.63, 45.21, 5.20, 3.80, 124.82, null, 308, 'Very Poor'),
(368, 5, '2026-06-21 19:18:15+00', 47.72, 85.86, 27.49, 8.86, 2.38, 105.66, null, 79, 'Satisfactory'),
(369, 5, '2026-06-21 13:18:15+00', 100.37, 141.47, 39.40, 31.97, 1.77, 100.06, null, 234, 'Poor'),
(370, 5, '2026-06-21 01:18:15+00', 249.11, 389.11, 67.49, 56.46, 1.75, 36.31, null, 399, 'Very Poor'),
(371, 5, '2026-06-20 19:18:15+00', 138.79, 217.71, 66.11, 37.61, 1.23, 134.93, null, 314, 'Very Poor'),
(372, 5, '2026-06-20 13:18:15+00', 236.28, 357.59, 66.92, 27.17, 3.22, 38.14, null, 389, 'Very Poor'),
(373, 5, '2026-06-20 01:18:15+00', 63.31, 118.46, 24.34, 30.21, 3.95, 113.50, null, 111, 'Moderate'),
(374, 5, '2026-06-19 19:18:15+00', 174.53, 219.94, 56.78, 40.36, 3.57, 76.78, null, 341, 'Very Poor'),
(375, 5, '2026-06-19 13:18:15+00', 172.12, 237.22, 13.46, 6.12, 3.06, 134.11, null, 340, 'Very Poor'),
(376, 5, '2026-06-19 01:18:15+00', 162.22, 217.31, 63.84, 52.24, 1.33, 146.33, null, 332, 'Very Poor'),
(377, 5, '2026-06-18 19:18:15+00', 239.67, 390.88, 36.37, 35.04, 0.86, 27.11, null, 392, 'Very Poor'),
(378, 5, '2026-06-18 13:18:15+00', 158.38, 195.19, 53.41, 58.39, 0.69, 100.13, null, 329, 'Very Poor'),
(379, 5, '2026-06-18 01:18:15+00', 193.51, 327.47, 10.55, 17.37, 2.29, 36.18, null, 356, 'Very Poor'),
(380, 5, '2026-06-17 19:18:15+00', 126.44, 164.30, 13.96, 44.05, 0.42, 125.32, null, 304, 'Very Poor'),
(381, 5, '2026-06-17 13:18:15+00', 249.00, 325.91, 59.99, 10.14, 3.36, 137.87, null, 399, 'Very Poor'),
(382, 5, '2026-06-17 01:18:15+00', 122.78, 183.91, 70.81, 38.39, 0.69, 38.24, null, 302, 'Very Poor'),
(383, 5, '2026-06-16 19:18:15+00', 84.80, 162.73, 92.89, 41.02, 3.23, 115.81, null, 182, 'Moderate'),
(384, 5, '2026-06-16 13:18:15+00', 200.16, 398.31, 62.25, 27.71, 1.96, 135.82, null, 361, 'Very Poor'),
(385, 5, '2026-06-16 01:18:15+00', 47.14, 90.63, 61.15, 31.83, 0.67, 91.99, null, 78, 'Satisfactory'),
(386, 5, '2026-06-15 19:18:15+00', 50.20, 80.30, 91.58, 30.91, 3.39, 68.60, null, 83, 'Satisfactory'),
(387, 5, '2026-06-15 13:18:15+00', 223.66, 427.92, 92.53, 54.34, 2.87, 148.06, null, 379, 'Very Poor'),
(388, 5, '2026-06-15 01:18:15+00', 189.62, 273.50, 73.25, 25.48, 1.60, 113.22, null, 353, 'Very Poor'),
(389, 5, '2026-06-14 19:18:15+00', 134.41, 216.71, 51.03, 49.60, 1.62, 145.38, null, 311, 'Very Poor'),
(390, 5, '2026-06-14 13:18:15+00', 232.33, 380.54, 99.88, 58.34, 1.18, 130.27, null, 386, 'Very Poor'),
(391, 5, '2026-06-14 01:18:15+00', 89.54, 125.33, 44.82, 21.60, 0.55, 35.85, null, 198, 'Moderate'),
(392, 5, '2026-06-13 19:18:15+00', 112.16, 212.42, 82.48, 44.58, 1.74, 56.72, null, 273, 'Poor'),
(393, 5, '2026-06-13 13:18:15+00', 157.98, 310.22, 54.02, 49.16, 0.62, 58.48, null, 329, 'Very Poor'),
(394, 5, '2026-06-13 01:18:15+00', 105.90, 176.14, 80.92, 41.34, 2.40, 89.70, null, 252, 'Poor'),
(395, 5, '2026-06-12 19:18:15+00', 144.51, 265.40, 72.38, 26.11, 3.23, 99.48, null, 318, 'Very Poor'),
(396, 5, '2026-06-12 13:18:15+00', 120.52, 237.63, 37.02, 35.10, 0.64, 100.41, null, 300, 'Very Poor'),
(397, 5, '2026-06-12 01:18:15+00', 111.89, 172.32, 59.40, 23.82, 1.41, 29.34, null, 272, 'Poor'),
(398, 5, '2026-06-11 19:18:15+00', 135.85, 250.42, 45.44, 53.04, 1.89, 38.83, null, 312, 'Very Poor'),
(399, 5, '2026-06-11 13:18:15+00', 49.66, 74.59, 10.58, 35.09, 2.27, 130.90, null, 82, 'Satisfactory'),
(400, 5, '2026-06-11 01:18:15+00', 22.33, 33.24, 32.41, 33.00, 0.33, 93.10, null, 35, 'Good');
INSERT INTO air_quality_data (id, station_id, timestamp, pm25, pm10, no2, so2, co, o3, nh3, aqi, aqi_category) VALUES 
(401, 5, '2026-06-10 19:18:15+00', 241.65, 407.95, 44.50, 55.93, 2.67, 63.40, null, 393, 'Very Poor'),
(402, 5, '2026-06-10 13:18:15+00', 216.43, 301.08, 15.17, 51.24, 2.94, 82.00, null, 374, 'Very Poor'),
(403, 5, '2026-06-10 01:18:15+00', 197.18, 345.04, 69.09, 50.19, 2.92, 102.22, null, 359, 'Very Poor'),
(404, 5, '2026-06-09 19:18:15+00', 82.07, 139.92, 38.09, 18.85, 2.40, 116.03, null, 173, 'Moderate'),
(405, 5, '2026-06-09 13:18:15+00', 243.47, 357.58, 54.76, 59.19, 3.40, 38.99, null, 395, 'Very Poor'),
(406, 5, '2026-06-09 01:18:15+00', 224.51, 315.89, 75.73, 56.94, 1.57, 61.85, null, 380, 'Very Poor'),
(407, 5, '2026-06-08 19:18:15+00', 140.89, 242.55, 95.73, 18.24, 0.89, 35.46, null, 316, 'Very Poor'),
(408, 5, '2026-06-08 13:18:15+00', 72.61, 109.58, 68.17, 41.41, 2.19, 97.34, null, 142, 'Moderate'),
(409, 5, '2026-06-08 01:18:15+00', 194.01, 264.62, 11.30, 43.88, 3.99, 61.84, null, 356, 'Very Poor'),
(410, 5, '2026-06-07 19:18:15+00', 170.31, 302.14, 12.69, 10.60, 0.32, 145.73, null, 338, 'Very Poor'),
(411, 5, '2026-06-07 13:18:15+00', 141.23, 271.24, 91.62, 17.18, 1.29, 132.43, null, 316, 'Very Poor'),
(412, 5, '2026-06-07 01:18:15+00', 203.35, 341.70, 49.77, 11.41, 3.83, 53.33, null, 364, 'Very Poor'),
(413, 5, '2026-06-06 19:18:15+00', 109.69, 162.14, 83.39, 50.29, 0.84, 121.15, null, 265, 'Poor'),
(414, 5, '2026-06-06 13:18:15+00', 224.04, 432.81, 67.38, 25.24, 2.43, 30.93, null, 380, 'Very Poor'),
(415, 5, '2026-06-06 01:18:15+00', 132.69, 187.39, 86.27, 36.05, 3.40, 83.74, null, 309, 'Very Poor'),
(416, 5, '2026-06-05 19:18:15+00', 129.60, 170.91, 35.21, 34.85, 2.26, 62.61, null, 307, 'Very Poor'),
(417, 5, '2026-06-05 13:18:15+00', 40.82, 65.13, 77.69, 20.51, 2.42, 60.88, null, 68, 'Satisfactory'),
(418, 5, '2026-06-05 01:18:15+00', 33.66, 43.58, 82.56, 39.98, 0.32, 89.52, null, 56, 'Satisfactory'),
(419, 5, '2026-06-04 19:18:15+00', 117.04, 204.24, 43.93, 29.23, 2.06, 34.30, null, 290, 'Poor'),
(420, 5, '2026-06-04 13:18:15+00', 213.17, 417.47, 88.85, 10.26, 2.36, 139.84, null, 371, 'Very Poor'),
(421, 5, '2026-06-04 01:18:15+00', 122.12, 202.53, 24.02, 39.57, 1.66, 119.78, null, 301, 'Very Poor'),
(422, 5, '2026-06-03 19:18:15+00', 118.09, 210.90, 74.74, 33.33, 1.19, 31.49, null, 293, 'Poor'),
(423, 5, '2026-06-03 13:18:15+00', 63.94, 113.47, 44.09, 35.14, 3.20, 23.27, null, 113, 'Moderate'),
(424, 5, '2026-06-03 01:18:15+00', 198.98, 242.24, 48.38, 46.57, 2.06, 144.08, null, 360, 'Very Poor'),
(425, 5, '2026-06-02 19:18:15+00', 208.51, 251.07, 96.76, 28.72, 0.80, 44.19, null, 368, 'Very Poor'),
(426, 5, '2026-06-02 13:18:15+00', 117.37, 188.68, 45.10, 46.89, 2.59, 87.92, null, 291, 'Poor'),
(427, 5, '2026-06-02 01:18:15+00', 244.22, 347.15, 81.17, 9.80, 3.58, 82.91, null, 395, 'Very Poor'),
(428, 5, '2026-06-01 19:18:15+00', 249.70, 494.63, 51.76, 56.67, 2.34, 83.35, null, 399, 'Very Poor'),
(429, 5, '2026-06-01 13:18:15+00', 195.56, 351.61, 54.79, 46.35, 0.39, 35.35, null, 358, 'Very Poor'),
(430, 5, '2026-06-01 01:18:15+00', 101.16, 202.28, 61.11, 28.87, 0.34, 131.30, null, 237, 'Poor'),
(431, 5, '2026-05-31 19:18:15+00', 168.04, 205.78, 88.66, 38.74, 2.72, 111.63, null, 336, 'Very Poor'),
(432, 5, '2026-05-31 13:18:15+00', 201.67, 375.37, 58.07, 16.10, 3.99, 128.95, null, 362, 'Very Poor'),
(433, 5, '2026-05-31 01:18:15+00', 193.09, 371.84, 99.97, 41.87, 3.26, 92.76, null, 356, 'Very Poor'),
(434, 5, '2026-05-30 19:18:15+00', 84.92, 115.31, 58.44, 46.57, 1.74, 121.09, null, 182, 'Moderate'),
(435, 5, '2026-05-30 13:18:15+00', 234.15, 352.38, 29.94, 43.34, 1.19, 39.12, null, 387, 'Very Poor'),
(436, 5, '2026-05-30 01:18:15+00', 225.88, 298.85, 76.59, 55.69, 1.13, 87.17, null, 381, 'Very Poor'),
(437, 5, '2026-05-29 19:18:15+00', 247.83, 382.28, 71.54, 50.91, 2.18, 72.89, null, 398, 'Very Poor'),
(438, 5, '2026-05-29 13:18:15+00', 73.07, 114.31, 53.23, 32.78, 2.08, 31.24, null, 143, 'Moderate'),
(439, 5, '2026-05-29 01:18:15+00', 173.24, 221.16, 30.55, 9.97, 0.76, 137.91, null, 340, 'Very Poor'),
(440, 5, '2026-05-28 19:18:15+00', 83.73, 111.29, 78.77, 22.70, 2.10, 25.64, null, 179, 'Moderate'),
(441, 5, '2026-05-28 13:18:15+00', 37.12, 65.84, 22.48, 59.57, 2.42, 71.55, null, 61, 'Satisfactory'),
(442, 5, '2026-05-28 01:18:15+00', 117.17, 232.63, 17.60, 42.72, 2.14, 45.46, null, 290, 'Poor'),
(443, 5, '2026-05-27 19:18:15+00', 125.05, 173.13, 42.99, 19.57, 2.24, 59.79, null, 303, 'Very Poor'),
(444, 5, '2026-05-27 13:18:15+00', 85.75, 140.66, 20.17, 14.58, 1.72, 116.03, null, 185, 'Moderate'),
(445, 5, '2026-05-27 01:18:15+00', 117.82, 174.08, 97.01, 23.99, 1.72, 134.54, null, 292, 'Poor'),
(446, 5, '2026-05-26 19:18:15+00', 136.54, 220.09, 43.65, 51.62, 2.52, 65.64, null, 312, 'Very Poor'),
(447, 5, '2026-05-26 13:18:15+00', 206.16, 263.74, 16.11, 13.44, 3.14, 37.26, null, 366, 'Very Poor'),
(448, 5, '2026-05-26 01:18:15+00', 79.50, 125.73, 89.42, 59.91, 2.30, 96.52, null, 164, 'Moderate'),
(449, 5, '2026-05-25 19:18:15+00', 56.65, 110.51, 47.83, 50.16, 2.38, 143.86, null, 94, 'Satisfactory'),
(450, 5, '2026-05-25 13:18:15+00', 153.38, 217.71, 68.52, 42.62, 0.55, 40.19, null, 325, 'Very Poor'),
(451, 6, '2026-06-24 01:18:15+00', 210.66, 309.67, 11.93, 42.12, 3.24, 39.18, null, 369, 'Very Poor'),
(452, 6, '2026-06-23 19:18:15+00', 111.86, 180.90, 81.42, 35.85, 2.48, 132.05, null, 272, 'Poor'),
(453, 6, '2026-06-23 13:18:15+00', 183.76, 334.02, 47.93, 58.05, 2.21, 141.74, null, 349, 'Very Poor'),
(454, 6, '2026-06-23 01:18:15+00', 110.01, 177.48, 51.71, 10.10, 1.17, 73.41, null, 266, 'Poor'),
(455, 6, '2026-06-22 19:18:15+00', 38.28, 71.99, 34.40, 32.44, 1.72, 110.35, null, 63, 'Satisfactory'),
(456, 6, '2026-06-22 13:18:15+00', 198.81, 341.91, 14.33, 59.57, 2.73, 129.59, null, 360, 'Very Poor'),
(457, 6, '2026-06-22 01:18:15+00', 50.91, 87.30, 12.79, 57.63, 2.33, 121.61, null, 84, 'Satisfactory'),
(458, 6, '2026-06-21 19:18:15+00', 152.65, 203.29, 33.83, 30.72, 0.38, 36.96, null, 325, 'Very Poor'),
(459, 6, '2026-06-21 13:18:15+00', 75.59, 104.54, 66.69, 13.39, 3.23, 135.91, null, 151, 'Moderate'),
(460, 6, '2026-06-21 01:18:15+00', 110.22, 178.32, 21.61, 9.62, 1.98, 108.53, null, 267, 'Poor'),
(461, 6, '2026-06-20 19:18:15+00', 118.27, 145.75, 27.40, 46.87, 2.52, 72.52, null, 294, 'Poor'),
(462, 6, '2026-06-20 13:18:15+00', 51.33, 81.35, 19.13, 52.07, 0.76, 107.76, null, 85, 'Satisfactory'),
(463, 6, '2026-06-20 01:18:15+00', 220.30, 285.18, 47.71, 9.86, 2.48, 115.57, null, 377, 'Very Poor'),
(464, 6, '2026-06-19 19:18:15+00', 229.85, 375.87, 65.65, 6.72, 0.50, 135.70, null, 384, 'Very Poor'),
(465, 6, '2026-06-19 13:18:15+00', 25.01, 47.40, 62.21, 57.81, 3.48, 112.12, null, 40, 'Good'),
(466, 6, '2026-06-19 01:18:15+00', 94.55, 165.08, 40.42, 20.72, 0.66, 46.82, null, 215, 'Poor'),
(467, 6, '2026-06-18 19:18:15+00', 142.94, 219.35, 93.55, 22.12, 2.92, 67.24, null, 317, 'Very Poor'),
(468, 6, '2026-06-18 13:18:15+00', 134.45, 268.06, 16.48, 49.48, 1.70, 118.39, null, 311, 'Very Poor'),
(469, 6, '2026-06-18 01:18:15+00', 46.39, 70.43, 42.26, 39.20, 3.56, 87.27, null, 77, 'Satisfactory'),
(470, 6, '2026-06-17 19:18:15+00', 65.92, 96.03, 36.55, 18.57, 3.55, 149.25, null, 119, 'Moderate'),
(471, 6, '2026-06-17 13:18:15+00', 175.41, 265.45, 33.82, 28.54, 2.19, 99.05, null, 342, 'Very Poor'),
(472, 6, '2026-06-17 01:18:15+00', 191.23, 283.91, 58.39, 20.09, 1.66, 99.57, null, 354, 'Very Poor'),
(473, 6, '2026-06-16 19:18:15+00', 174.12, 324.12, 97.83, 37.77, 0.65, 138.14, null, 341, 'Very Poor'),
(474, 6, '2026-06-16 13:18:15+00', 25.26, 43.91, 67.73, 11.34, 1.69, 138.36, null, 40, 'Good'),
(475, 6, '2026-06-16 01:18:15+00', 112.84, 223.88, 25.62, 56.27, 2.70, 25.74, null, 276, 'Poor'),
(476, 6, '2026-06-15 19:18:15+00', 185.02, 313.83, 28.80, 7.81, 1.01, 78.05, null, 350, 'Very Poor'),
(477, 6, '2026-06-15 13:18:15+00', 41.53, 80.23, 10.63, 49.40, 3.58, 43.12, null, 69, 'Satisfactory'),
(478, 6, '2026-06-15 01:18:15+00', 23.29, 30.52, 72.11, 31.68, 0.77, 106.01, null, 37, 'Good'),
(479, 6, '2026-06-14 19:18:15+00', 225.48, 289.43, 66.65, 22.18, 2.39, 139.87, null, 381, 'Very Poor'),
(480, 6, '2026-06-14 13:18:15+00', 179.24, 291.80, 63.69, 55.31, 2.98, 39.73, null, 345, 'Very Poor'),
(481, 6, '2026-06-14 01:18:15+00', 136.98, 238.21, 63.97, 56.44, 1.60, 79.71, null, 313, 'Very Poor'),
(482, 6, '2026-06-13 19:18:15+00', 126.79, 216.37, 52.86, 20.92, 1.74, 114.35, null, 305, 'Very Poor'),
(483, 6, '2026-06-13 13:18:15+00', 100.10, 175.83, 50.00, 44.64, 1.66, 116.90, null, 233, 'Poor'),
(484, 6, '2026-06-13 01:18:15+00', 108.59, 208.92, 61.23, 34.62, 3.42, 89.71, null, 261, 'Poor'),
(485, 6, '2026-06-12 19:18:15+00', 224.39, 372.94, 39.45, 19.01, 1.05, 111.81, null, 380, 'Very Poor'),
(486, 6, '2026-06-12 13:18:15+00', 235.57, 360.72, 71.11, 22.12, 0.60, 83.06, null, 388, 'Very Poor'),
(487, 6, '2026-06-12 01:18:15+00', 200.06, 370.19, 40.15, 6.45, 2.83, 100.94, null, 361, 'Very Poor'),
(488, 6, '2026-06-11 19:18:15+00', 111.90, 205.93, 47.62, 58.35, 0.83, 54.85, null, 272, 'Poor'),
(489, 6, '2026-06-11 13:18:15+00', 223.49, 412.87, 12.33, 10.45, 3.05, 56.14, null, 379, 'Very Poor'),
(490, 6, '2026-06-11 01:18:15+00', 167.09, 279.04, 64.73, 19.07, 0.66, 109.44, null, 336, 'Very Poor'),
(491, 6, '2026-06-10 19:18:15+00', 50.18, 63.18, 21.77, 11.16, 3.27, 47.50, null, 83, 'Satisfactory'),
(492, 6, '2026-06-10 13:18:15+00', 87.95, 152.85, 82.31, 14.63, 0.53, 27.29, null, 193, 'Moderate'),
(493, 6, '2026-06-10 01:18:15+00', 172.26, 222.69, 81.05, 7.50, 3.37, 103.89, null, 340, 'Very Poor'),
(494, 6, '2026-06-09 19:18:15+00', 95.35, 149.01, 63.09, 58.24, 3.48, 66.59, null, 217, 'Poor'),
(495, 6, '2026-06-09 13:18:15+00', 159.29, 231.39, 33.11, 44.21, 2.39, 89.72, null, 330, 'Very Poor'),
(496, 6, '2026-06-09 01:18:15+00', 22.79, 33.41, 37.44, 45.95, 1.28, 56.56, null, 36, 'Good'),
(497, 6, '2026-06-08 19:18:15+00', 239.22, 336.18, 66.30, 56.02, 3.67, 133.60, null, 391, 'Very Poor'),
(498, 6, '2026-06-08 13:18:15+00', 112.39, 150.92, 38.18, 5.07, 2.50, 49.35, null, 274, 'Poor'),
(499, 6, '2026-06-08 01:18:15+00', 102.16, 192.96, 84.91, 14.68, 1.00, 23.65, null, 240, 'Poor'),
(500, 6, '2026-06-07 19:18:15+00', 139.47, 220.20, 27.86, 43.44, 3.90, 108.94, null, 314, 'Very Poor');
INSERT INTO air_quality_data (id, station_id, timestamp, pm25, pm10, no2, so2, co, o3, nh3, aqi, aqi_category) VALUES 
(501, 6, '2026-06-07 13:18:15+00', 163.00, 206.47, 21.17, 6.78, 1.75, 108.16, null, 333, 'Very Poor'),
(502, 6, '2026-06-07 01:18:15+00', 118.85, 146.23, 13.32, 47.90, 0.81, 146.69, null, 296, 'Poor'),
(503, 6, '2026-06-06 19:18:15+00', 162.78, 310.63, 78.09, 18.62, 2.26, 95.14, null, 332, 'Very Poor'),
(504, 6, '2026-06-06 13:18:15+00', 244.35, 445.54, 68.34, 34.02, 0.33, 142.43, null, 395, 'Very Poor'),
(505, 6, '2026-06-06 01:18:15+00', 75.73, 110.06, 37.64, 18.34, 2.34, 71.02, null, 152, 'Moderate'),
(506, 6, '2026-06-05 19:18:15+00', 180.22, 347.11, 91.93, 7.13, 2.00, 105.02, null, 346, 'Very Poor'),
(507, 6, '2026-06-05 13:18:15+00', 249.61, 316.62, 61.68, 10.94, 3.02, 114.26, null, 399, 'Very Poor'),
(508, 6, '2026-06-05 01:18:15+00', 22.22, 31.14, 90.63, 9.32, 3.97, 98.09, null, 35, 'Good'),
(509, 6, '2026-06-04 19:18:15+00', 189.69, 375.54, 32.95, 16.80, 1.01, 128.91, null, 353, 'Very Poor'),
(510, 6, '2026-06-04 13:18:15+00', 96.15, 117.57, 53.06, 7.47, 3.08, 34.05, null, 220, 'Poor'),
(511, 6, '2026-06-04 01:18:15+00', 70.28, 121.43, 56.29, 42.69, 3.18, 40.49, null, 134, 'Moderate'),
(512, 6, '2026-06-03 19:18:15+00', 25.14, 35.74, 10.76, 7.11, 1.90, 146.16, null, 40, 'Good'),
(513, 6, '2026-06-03 13:18:15+00', 152.20, 230.78, 67.62, 15.24, 2.32, 29.32, null, 324, 'Very Poor'),
(514, 6, '2026-06-03 01:18:15+00', 173.29, 261.08, 67.22, 24.31, 2.21, 41.59, null, 341, 'Very Poor'),
(515, 6, '2026-06-02 19:18:15+00', 121.56, 224.80, 63.56, 13.31, 2.03, 122.49, null, 301, 'Very Poor'),
(516, 6, '2026-06-02 13:18:15+00', 132.81, 261.51, 69.55, 52.66, 0.44, 114.89, null, 309, 'Very Poor'),
(517, 6, '2026-06-02 01:18:15+00', 170.94, 237.64, 43.66, 33.58, 1.55, 38.67, null, 339, 'Very Poor'),
(518, 6, '2026-06-01 19:18:15+00', 245.21, 401.83, 19.20, 46.17, 3.11, 23.95, null, 396, 'Very Poor'),
(519, 6, '2026-06-01 13:18:15+00', 114.43, 207.03, 36.64, 39.70, 2.24, 96.37, null, 281, 'Poor'),
(520, 6, '2026-06-01 01:18:15+00', 209.68, 390.27, 60.90, 24.36, 2.26, 143.44, null, 369, 'Very Poor'),
(521, 6, '2026-05-31 19:18:15+00', 171.26, 244.82, 57.09, 38.93, 2.55, 28.08, null, 339, 'Very Poor'),
(522, 6, '2026-05-31 13:18:15+00', 54.15, 68.16, 38.41, 36.16, 1.60, 99.50, null, 90, 'Satisfactory'),
(523, 6, '2026-05-31 01:18:15+00', 237.99, 407.34, 88.90, 42.94, 2.98, 64.92, null, 390, 'Very Poor'),
(524, 6, '2026-05-30 19:18:15+00', 181.51, 343.96, 76.74, 22.21, 2.42, 142.86, null, 347, 'Very Poor'),
(525, 6, '2026-05-30 13:18:15+00', 185.15, 285.70, 48.62, 7.96, 1.02, 108.87, null, 350, 'Very Poor'),
(526, 6, '2026-05-30 01:18:15+00', 206.27, 286.33, 59.67, 47.23, 1.62, 34.38, null, 366, 'Very Poor'),
(527, 6, '2026-05-29 19:18:15+00', 77.95, 115.84, 68.14, 37.09, 0.53, 106.04, null, 159, 'Moderate'),
(528, 6, '2026-05-29 13:18:15+00', 74.09, 113.87, 98.17, 37.45, 3.44, 104.30, null, 146, 'Moderate'),
(529, 6, '2026-05-29 01:18:15+00', 62.41, 90.49, 11.03, 51.45, 1.12, 122.05, null, 108, 'Moderate'),
(530, 6, '2026-05-28 19:18:15+00', 138.82, 220.42, 80.18, 23.57, 2.79, 131.10, null, 314, 'Very Poor'),
(531, 6, '2026-05-28 13:18:15+00', 21.90, 27.29, 63.49, 6.56, 1.98, 27.98, null, 35, 'Good'),
(532, 6, '2026-05-28 01:18:15+00', 244.16, 308.97, 37.27, 43.38, 0.74, 61.11, null, 395, 'Very Poor'),
(533, 6, '2026-05-27 19:18:15+00', 43.80, 80.53, 23.88, 11.84, 2.17, 138.52, null, 73, 'Satisfactory'),
(534, 6, '2026-05-27 13:18:15+00', 34.92, 64.08, 65.48, 7.44, 2.03, 23.54, null, 58, 'Satisfactory'),
(535, 6, '2026-05-27 01:18:15+00', 148.48, 274.71, 30.73, 8.40, 1.64, 58.23, null, 321, 'Very Poor'),
(536, 6, '2026-05-26 19:18:15+00', 179.96, 263.50, 33.03, 21.61, 2.22, 123.59, null, 346, 'Very Poor'),
(537, 6, '2026-05-26 13:18:15+00', 126.69, 192.77, 16.21, 24.14, 1.04, 140.06, null, 305, 'Very Poor'),
(538, 6, '2026-05-26 01:18:15+00', 71.26, 121.68, 65.40, 54.56, 2.77, 83.08, null, 137, 'Moderate'),
(539, 6, '2026-05-25 19:18:15+00', 157.54, 306.58, 97.57, 44.37, 3.82, 26.78, null, 328, 'Very Poor'),
(540, 6, '2026-05-25 13:18:15+00', 133.48, 209.47, 93.86, 5.10, 0.63, 48.88, null, 310, 'Very Poor'),
(541, 7, '2026-06-24 01:18:15+00', 186.44, 331.49, 32.88, 6.45, 2.49, 34.74, null, 351, 'Very Poor'),
(542, 7, '2026-06-23 19:18:15+00', 131.06, 171.82, 94.42, 44.44, 0.32, 20.76, null, 308, 'Very Poor'),
(543, 7, '2026-06-23 13:18:15+00', 83.47, 109.53, 38.93, 54.22, 0.79, 112.97, null, 178, 'Moderate'),
(544, 7, '2026-06-23 01:18:15+00', 201.31, 307.97, 85.35, 22.41, 3.93, 82.51, null, 362, 'Very Poor'),
(545, 7, '2026-06-22 19:18:15+00', 187.56, 355.77, 11.89, 30.33, 2.36, 39.14, null, 352, 'Very Poor'),
(546, 7, '2026-06-22 13:18:15+00', 231.46, 280.96, 39.45, 31.78, 2.33, 24.97, null, 385, 'Very Poor'),
(547, 7, '2026-06-22 01:18:15+00', 211.50, 310.83, 18.38, 19.02, 2.08, 107.34, null, 370, 'Very Poor'),
(548, 7, '2026-06-21 19:18:15+00', 183.64, 264.18, 60.38, 31.38, 2.56, 99.51, null, 349, 'Very Poor'),
(549, 7, '2026-06-21 13:18:15+00', 168.54, 242.88, 16.19, 8.79, 0.81, 142.76, null, 337, 'Very Poor'),
(550, 7, '2026-06-21 01:18:15+00', 44.56, 69.12, 85.01, 50.18, 2.45, 104.88, null, 74, 'Satisfactory'),
(551, 7, '2026-06-20 19:18:15+00', 173.10, 325.82, 17.22, 6.73, 3.84, 34.47, null, 340, 'Very Poor'),
(552, 7, '2026-06-20 13:18:15+00', 171.14, 275.34, 56.42, 19.14, 3.21, 21.12, null, 339, 'Very Poor'),
(553, 7, '2026-06-20 01:18:15+00', 76.69, 112.23, 55.53, 57.87, 1.64, 46.76, null, 155, 'Moderate'),
(554, 7, '2026-06-19 19:18:15+00', 48.97, 79.85, 15.24, 54.19, 0.73, 51.94, null, 81, 'Satisfactory'),
(555, 7, '2026-06-19 13:18:15+00', 146.88, 293.64, 23.30, 44.28, 1.11, 145.31, null, 320, 'Very Poor'),
(556, 7, '2026-06-19 01:18:15+00', 162.12, 227.57, 68.97, 13.37, 1.25, 60.68, null, 332, 'Very Poor'),
(557, 7, '2026-06-18 19:18:15+00', 129.85, 182.91, 20.26, 13.69, 2.55, 98.23, null, 307, 'Very Poor'),
(558, 7, '2026-06-18 13:18:15+00', 119.67, 222.96, 74.98, 44.02, 1.13, 101.10, null, 298, 'Poor'),
(559, 7, '2026-06-18 01:18:15+00', 219.66, 343.88, 82.55, 54.96, 3.17, 22.18, null, 376, 'Very Poor'),
(560, 7, '2026-06-17 19:18:15+00', 186.77, 351.10, 28.94, 37.86, 3.04, 38.70, null, 351, 'Very Poor'),
(561, 7, '2026-06-17 13:18:15+00', 106.10, 212.12, 97.21, 11.70, 3.65, 38.50, null, 253, 'Poor'),
(562, 7, '2026-06-17 01:18:15+00', 223.09, 330.07, 26.98, 29.88, 0.58, 20.35, null, 379, 'Very Poor'),
(563, 7, '2026-06-16 19:18:15+00', 243.70, 472.37, 40.55, 45.15, 0.63, 110.87, null, 395, 'Very Poor'),
(564, 7, '2026-06-16 13:18:15+00', 85.66, 148.26, 92.21, 57.10, 1.34, 89.58, null, 185, 'Moderate'),
(565, 7, '2026-06-16 01:18:15+00', 167.63, 272.63, 63.36, 5.31, 0.83, 127.13, null, 336, 'Very Poor'),
(566, 7, '2026-06-15 19:18:15+00', 183.15, 240.99, 18.09, 44.55, 1.57, 55.81, null, 348, 'Very Poor'),
(567, 7, '2026-06-15 13:18:15+00', 139.08, 274.12, 46.01, 37.55, 1.69, 38.61, null, 314, 'Very Poor'),
(568, 7, '2026-06-15 01:18:15+00', 217.86, 409.93, 90.62, 57.51, 1.94, 45.51, null, 375, 'Very Poor'),
(569, 7, '2026-06-14 19:18:15+00', 60.07, 105.30, 26.24, 49.72, 3.74, 54.30, null, 100, 'Moderate'),
(570, 7, '2026-06-14 13:18:15+00', 63.09, 81.92, 22.93, 43.56, 2.24, 49.36, null, 110, 'Moderate'),
(571, 7, '2026-06-14 01:18:15+00', 144.89, 197.47, 24.80, 8.35, 3.67, 93.60, null, 319, 'Very Poor'),
(572, 7, '2026-06-13 19:18:15+00', 178.65, 228.00, 52.27, 20.02, 2.05, 109.98, null, 345, 'Very Poor'),
(573, 7, '2026-06-13 13:18:15+00', 46.32, 81.89, 59.95, 36.60, 3.48, 52.87, null, 77, 'Satisfactory'),
(574, 7, '2026-06-13 01:18:15+00', 139.64, 221.38, 28.56, 53.86, 2.13, 136.83, null, 315, 'Very Poor'),
(575, 7, '2026-06-12 19:18:15+00', 226.04, 355.34, 58.03, 11.22, 1.11, 115.01, null, 381, 'Very Poor'),
(576, 7, '2026-06-12 13:18:15+00', 201.13, 303.30, 74.38, 38.87, 1.76, 128.28, null, 362, 'Very Poor'),
(577, 7, '2026-06-12 01:18:15+00', 226.88, 394.78, 44.57, 14.00, 0.42, 75.75, null, 382, 'Very Poor'),
(578, 7, '2026-06-11 19:18:15+00', 197.29, 309.97, 75.30, 10.43, 0.70, 89.48, null, 359, 'Very Poor'),
(579, 7, '2026-06-11 13:18:15+00', 144.82, 236.50, 39.30, 48.73, 3.16, 47.34, null, 319, 'Very Poor'),
(580, 7, '2026-06-11 01:18:15+00', 220.55, 294.70, 87.09, 14.69, 2.26, 94.47, null, 377, 'Very Poor'),
(581, 7, '2026-06-10 19:18:15+00', 189.62, 309.82, 94.03, 51.60, 3.91, 27.43, null, 353, 'Very Poor'),
(582, 7, '2026-06-10 13:18:15+00', 48.08, 65.00, 45.93, 25.26, 1.89, 75.91, null, 80, 'Satisfactory'),
(583, 7, '2026-06-10 01:18:15+00', 222.72, 323.29, 38.39, 41.85, 3.10, 26.48, null, 379, 'Very Poor'),
(584, 7, '2026-06-09 19:18:15+00', 204.22, 349.68, 92.95, 28.21, 3.46, 120.26, null, 364, 'Very Poor'),
(585, 7, '2026-06-09 13:18:15+00', 193.13, 376.48, 74.78, 29.46, 3.26, 95.51, null, 356, 'Very Poor'),
(586, 7, '2026-06-09 01:18:15+00', 191.94, 368.83, 71.13, 40.31, 2.60, 61.93, null, 355, 'Very Poor'),
(587, 7, '2026-06-08 19:18:15+00', 161.95, 265.29, 72.04, 20.75, 2.88, 70.96, null, 332, 'Very Poor'),
(588, 7, '2026-06-08 13:18:15+00', 92.27, 170.51, 55.58, 46.09, 0.69, 145.88, null, 207, 'Poor'),
(589, 7, '2026-06-08 01:18:15+00', 208.46, 323.03, 82.34, 12.33, 2.03, 25.85, null, 368, 'Very Poor'),
(590, 7, '2026-06-07 19:18:15+00', 94.46, 117.05, 73.55, 19.63, 2.01, 35.98, null, 214, 'Poor'),
(591, 7, '2026-06-07 13:18:15+00', 73.38, 130.05, 28.70, 15.45, 3.74, 104.37, null, 144, 'Moderate'),
(592, 7, '2026-06-07 01:18:15+00', 174.62, 301.62, 93.31, 6.77, 3.78, 123.37, null, 342, 'Very Poor'),
(593, 7, '2026-06-06 19:18:15+00', 63.82, 84.28, 69.78, 41.84, 0.90, 97.67, null, 112, 'Moderate'),
(594, 7, '2026-06-06 13:18:15+00', 111.96, 202.27, 32.93, 16.63, 1.92, 93.47, null, 273, 'Poor'),
(595, 7, '2026-06-06 01:18:15+00', 95.95, 156.70, 81.27, 36.33, 1.26, 143.57, null, 219, 'Poor'),
(596, 7, '2026-06-05 19:18:15+00', 37.65, 64.43, 26.94, 55.91, 1.79, 22.45, null, 62, 'Satisfactory'),
(597, 7, '2026-06-05 13:18:15+00', 65.92, 122.65, 57.75, 27.79, 3.86, 89.80, null, 119, 'Moderate'),
(598, 7, '2026-06-05 01:18:15+00', 95.26, 148.31, 20.34, 16.22, 1.75, 90.05, null, 217, 'Poor'),
(599, 7, '2026-06-04 19:18:15+00', 164.33, 254.44, 59.10, 25.54, 3.38, 75.29, null, 334, 'Very Poor'),
(600, 7, '2026-06-04 13:18:15+00', 211.75, 331.54, 54.82, 28.48, 1.37, 94.76, null, 370, 'Very Poor');
INSERT INTO air_quality_data (id, station_id, timestamp, pm25, pm10, no2, so2, co, o3, nh3, aqi, aqi_category) VALUES 
(601, 7, '2026-06-04 01:18:15+00', 231.04, 380.08, 65.45, 13.98, 2.19, 77.68, null, 385, 'Very Poor'),
(602, 7, '2026-06-03 19:18:15+00', 219.05, 326.01, 31.56, 25.53, 1.14, 29.11, null, 376, 'Very Poor'),
(603, 7, '2026-06-03 13:18:15+00', 87.06, 121.77, 50.21, 46.40, 0.89, 25.98, null, 190, 'Moderate'),
(604, 7, '2026-06-03 01:18:15+00', 89.47, 136.70, 28.49, 10.21, 2.42, 64.18, null, 198, 'Moderate'),
(605, 7, '2026-06-02 19:18:15+00', 81.52, 108.99, 98.65, 7.59, 0.64, 27.06, null, 171, 'Moderate'),
(606, 7, '2026-06-02 13:18:15+00', 137.81, 181.71, 54.72, 10.09, 2.06, 102.74, null, 313, 'Very Poor'),
(607, 7, '2026-06-02 01:18:15+00', 229.65, 444.13, 35.05, 5.71, 2.38, 109.68, null, 384, 'Very Poor'),
(608, 7, '2026-06-01 19:18:15+00', 113.73, 140.03, 92.45, 44.79, 2.55, 35.02, null, 279, 'Poor'),
(609, 7, '2026-06-01 13:18:15+00', 85.11, 156.51, 66.86, 55.28, 3.84, 91.09, null, 183, 'Moderate'),
(610, 7, '2026-06-01 01:18:15+00', 195.43, 250.17, 34.35, 51.07, 1.42, 76.08, null, 358, 'Very Poor'),
(611, 7, '2026-05-31 19:18:15+00', 189.00, 308.94, 71.52, 9.57, 3.07, 30.44, null, 353, 'Very Poor'),
(612, 7, '2026-05-31 13:18:15+00', 209.06, 283.27, 43.56, 7.27, 3.32, 41.00, null, 368, 'Very Poor'),
(613, 7, '2026-05-31 01:18:15+00', 79.71, 152.32, 35.64, 32.85, 2.44, 88.70, null, 165, 'Moderate'),
(614, 7, '2026-05-30 19:18:15+00', 217.87, 327.22, 97.59, 10.36, 1.39, 134.32, null, 375, 'Very Poor'),
(615, 7, '2026-05-30 13:18:15+00', 25.56, 32.61, 22.93, 58.93, 1.51, 123.36, null, 40, 'Good'),
(616, 7, '2026-05-30 01:18:15+00', 200.00, 273.55, 74.15, 25.40, 2.19, 29.57, null, 361, 'Very Poor'),
(617, 7, '2026-05-29 19:18:15+00', 41.53, 82.39, 78.43, 48.27, 1.34, 136.78, null, 69, 'Satisfactory'),
(618, 7, '2026-05-29 13:18:15+00', 54.24, 89.72, 63.01, 29.41, 3.44, 121.33, null, 90, 'Satisfactory'),
(619, 7, '2026-05-29 01:18:15+00', 53.14, 86.64, 61.42, 11.20, 1.76, 74.30, null, 88, 'Satisfactory'),
(620, 7, '2026-05-28 19:18:15+00', 165.50, 242.63, 20.17, 38.47, 1.22, 104.46, null, 335, 'Very Poor'),
(621, 7, '2026-05-28 13:18:15+00', 147.90, 216.43, 89.12, 55.89, 0.96, 28.78, null, 321, 'Very Poor'),
(622, 7, '2026-05-28 01:18:15+00', 99.13, 177.84, 41.63, 28.54, 1.50, 71.57, null, 230, 'Poor'),
(623, 7, '2026-05-27 19:18:15+00', 168.23, 314.88, 63.88, 21.33, 2.04, 78.39, null, 337, 'Very Poor'),
(624, 7, '2026-05-27 13:18:15+00', 64.61, 111.73, 33.45, 29.19, 1.90, 87.33, null, 115, 'Moderate'),
(625, 7, '2026-05-27 01:18:15+00', 75.23, 96.84, 39.64, 17.42, 1.27, 45.99, null, 150, 'Moderate'),
(626, 7, '2026-05-26 19:18:15+00', 66.80, 99.13, 64.72, 20.94, 3.42, 56.89, null, 122, 'Moderate'),
(627, 7, '2026-05-26 13:18:15+00', 173.31, 319.47, 77.78, 50.29, 1.81, 80.87, null, 341, 'Very Poor'),
(628, 7, '2026-05-26 01:18:15+00', 233.43, 345.87, 66.86, 23.54, 0.53, 99.90, null, 387, 'Very Poor'),
(629, 7, '2026-05-25 19:18:15+00', 232.60, 428.02, 30.24, 5.36, 0.87, 50.71, null, 386, 'Very Poor'),
(630, 7, '2026-05-25 13:18:15+00', 159.29, 220.95, 72.54, 16.51, 0.83, 123.69, null, 330, 'Very Poor'),
(631, 8, '2026-06-24 01:18:15+00', 37.35, 66.96, 94.65, 12.45, 2.34, 66.82, null, 62, 'Satisfactory'),
(632, 8, '2026-06-23 19:18:15+00', 71.54, 116.72, 59.20, 49.80, 3.73, 35.84, null, 138, 'Moderate'),
(633, 8, '2026-06-23 13:18:15+00', 247.61, 298.02, 28.39, 22.34, 3.65, 146.04, null, 398, 'Very Poor'),
(634, 8, '2026-06-23 01:18:15+00', 176.92, 240.83, 60.82, 50.27, 3.43, 56.48, null, 343, 'Very Poor'),
(635, 8, '2026-06-22 19:18:15+00', 191.03, 321.19, 47.38, 37.92, 2.40, 128.60, null, 354, 'Very Poor'),
(636, 8, '2026-06-22 13:18:15+00', 145.27, 221.41, 52.91, 40.60, 1.13, 21.28, null, 319, 'Very Poor'),
(637, 8, '2026-06-22 01:18:15+00', 155.89, 271.69, 41.95, 21.46, 2.19, 139.18, null, 327, 'Very Poor'),
(638, 8, '2026-06-21 19:18:15+00', 182.88, 221.24, 10.97, 13.95, 3.68, 55.33, null, 348, 'Very Poor'),
(639, 8, '2026-06-21 13:18:15+00', 23.81, 43.79, 96.12, 39.93, 0.77, 68.24, null, 38, 'Good'),
(640, 8, '2026-06-21 01:18:15+00', 24.62, 30.17, 87.92, 45.77, 2.79, 57.48, null, 39, 'Good'),
(641, 8, '2026-06-20 19:18:15+00', 145.14, 188.25, 16.84, 53.26, 2.10, 104.92, null, 319, 'Very Poor'),
(642, 8, '2026-06-20 13:18:15+00', 61.72, 115.79, 40.98, 10.69, 3.53, 38.96, null, 105, 'Moderate'),
(643, 8, '2026-06-20 01:18:15+00', 204.11, 303.84, 85.35, 31.82, 1.09, 88.78, null, 364, 'Very Poor'),
(644, 8, '2026-06-19 19:18:15+00', 41.54, 76.41, 38.72, 52.66, 2.19, 25.29, null, 69, 'Satisfactory'),
(645, 8, '2026-06-19 13:18:15+00', 95.40, 182.00, 14.13, 23.34, 2.04, 58.48, null, 217, 'Poor'),
(646, 8, '2026-06-19 01:18:15+00', 109.52, 169.19, 86.08, 42.74, 3.57, 20.41, null, 264, 'Poor'),
(647, 8, '2026-06-18 19:18:15+00', 75.07, 104.20, 66.39, 9.81, 0.78, 140.53, null, 150, 'Moderate'),
(648, 8, '2026-06-18 13:18:15+00', 198.16, 370.87, 86.59, 18.78, 0.54, 35.94, null, 360, 'Very Poor'),
(649, 8, '2026-06-18 01:18:15+00', 235.60, 381.20, 97.58, 17.91, 3.97, 28.09, null, 389, 'Very Poor'),
(650, 8, '2026-06-17 19:18:15+00', 192.29, 349.67, 25.39, 43.18, 3.25, 50.85, null, 355, 'Very Poor'),
(651, 8, '2026-06-17 13:18:15+00', 94.86, 185.09, 74.49, 32.16, 2.21, 32.12, null, 216, 'Poor'),
(652, 8, '2026-06-17 01:18:15+00', 96.20, 135.69, 82.16, 6.86, 2.70, 98.80, null, 220, 'Poor'),
(653, 8, '2026-06-16 19:18:15+00', 221.07, 310.10, 87.48, 42.44, 3.56, 119.50, null, 377, 'Very Poor'),
(654, 8, '2026-06-16 13:18:15+00', 26.11, 51.69, 31.12, 37.25, 0.74, 43.53, null, 41, 'Good'),
(655, 8, '2026-06-16 01:18:15+00', 236.88, 412.58, 52.82, 31.10, 0.55, 94.55, null, 389, 'Very Poor'),
(656, 8, '2026-06-15 19:18:15+00', 196.11, 293.92, 66.28, 43.79, 2.94, 145.11, null, 358, 'Very Poor'),
(657, 8, '2026-06-15 13:18:15+00', 143.11, 262.63, 28.64, 23.69, 2.87, 27.30, null, 317, 'Very Poor'),
(658, 8, '2026-06-15 01:18:15+00', 45.24, 84.08, 98.37, 28.05, 2.20, 60.60, null, 75, 'Satisfactory'),
(659, 8, '2026-06-14 19:18:15+00', 51.86, 87.56, 20.58, 58.82, 1.56, 146.13, null, 86, 'Satisfactory'),
(660, 8, '2026-06-14 13:18:15+00', 96.40, 140.72, 21.04, 56.56, 3.97, 116.59, null, 221, 'Poor'),
(661, 8, '2026-06-14 01:18:15+00', 166.33, 255.40, 55.36, 34.13, 3.58, 70.00, null, 335, 'Very Poor'),
(662, 8, '2026-06-13 19:18:15+00', 124.29, 153.02, 66.02, 39.58, 3.68, 81.48, null, 303, 'Very Poor'),
(663, 8, '2026-06-13 13:18:15+00', 213.41, 342.60, 56.65, 33.03, 2.75, 136.37, null, 371, 'Very Poor'),
(664, 8, '2026-06-13 01:18:15+00', 232.55, 310.81, 24.14, 47.69, 0.69, 129.22, null, 386, 'Very Poor'),
(665, 8, '2026-06-12 19:18:15+00', 178.80, 278.39, 41.10, 6.32, 3.32, 144.05, null, 345, 'Very Poor'),
(666, 8, '2026-06-12 13:18:15+00', 199.74, 315.90, 66.00, 6.49, 3.86, 20.52, null, 361, 'Very Poor'),
(667, 8, '2026-06-12 01:18:15+00', 141.13, 238.36, 57.14, 56.66, 1.58, 20.74, null, 316, 'Very Poor'),
(668, 8, '2026-06-11 19:18:15+00', 122.06, 223.05, 61.34, 9.23, 2.84, 141.79, null, 301, 'Very Poor'),
(669, 8, '2026-06-11 13:18:15+00', 204.80, 376.14, 16.81, 23.65, 1.68, 146.28, null, 365, 'Very Poor'),
(670, 8, '2026-06-11 01:18:15+00', 51.40, 72.62, 13.30, 42.61, 0.32, 92.41, null, 85, 'Satisfactory'),
(671, 8, '2026-06-10 19:18:15+00', 239.63, 321.25, 29.14, 53.43, 1.09, 26.55, null, 392, 'Very Poor'),
(672, 8, '2026-06-10 13:18:15+00', 235.82, 393.44, 20.53, 59.67, 1.24, 78.52, null, 389, 'Very Poor'),
(673, 8, '2026-06-10 01:18:15+00', 196.77, 300.87, 77.87, 21.44, 0.82, 91.09, null, 359, 'Very Poor'),
(674, 8, '2026-06-09 19:18:15+00', 239.07, 301.17, 13.42, 41.30, 1.65, 43.67, null, 391, 'Very Poor'),
(675, 8, '2026-06-09 13:18:15+00', 238.27, 311.31, 34.79, 37.21, 1.10, 60.21, null, 391, 'Very Poor'),
(676, 8, '2026-06-09 01:18:15+00', 26.50, 36.54, 14.45, 46.22, 2.24, 20.92, null, 42, 'Good'),
(677, 8, '2026-06-08 19:18:15+00', 129.46, 257.63, 59.09, 27.05, 3.31, 76.86, null, 307, 'Very Poor'),
(678, 8, '2026-06-08 13:18:15+00', 74.60, 137.85, 50.08, 32.14, 3.99, 72.33, null, 148, 'Moderate'),
(679, 8, '2026-06-08 01:18:15+00', 199.28, 344.39, 36.04, 5.99, 1.81, 76.78, null, 361, 'Very Poor'),
(680, 8, '2026-06-07 19:18:15+00', 104.32, 158.54, 51.85, 58.79, 2.76, 67.90, null, 247, 'Poor'),
(681, 8, '2026-06-07 13:18:15+00', 103.15, 186.24, 46.25, 50.41, 2.41, 22.33, null, 243, 'Poor'),
(682, 8, '2026-06-07 01:18:15+00', 68.54, 95.48, 39.73, 6.89, 1.77, 62.93, null, 128, 'Moderate'),
(683, 8, '2026-06-06 19:18:15+00', 150.13, 243.64, 35.39, 24.53, 2.11, 100.60, null, 323, 'Very Poor'),
(684, 8, '2026-06-06 13:18:15+00', 40.75, 73.22, 15.85, 36.57, 3.10, 131.32, null, 67, 'Satisfactory'),
(685, 8, '2026-06-06 01:18:15+00', 54.76, 75.47, 22.84, 25.74, 3.82, 147.31, null, 91, 'Satisfactory'),
(686, 8, '2026-06-05 19:18:15+00', 202.20, 304.77, 99.89, 22.00, 1.97, 141.84, null, 363, 'Very Poor'),
(687, 8, '2026-06-05 13:18:15+00', 237.66, 330.52, 34.48, 56.96, 0.64, 28.88, null, 390, 'Very Poor'),
(688, 8, '2026-06-05 01:18:15+00', 46.64, 57.50, 99.99, 23.88, 2.10, 104.58, null, 77, 'Satisfactory'),
(689, 8, '2026-06-04 19:18:15+00', 219.32, 291.22, 15.31, 21.61, 3.79, 141.79, null, 376, 'Very Poor'),
(690, 8, '2026-06-04 13:18:15+00', 59.38, 118.65, 76.17, 23.82, 2.27, 55.21, null, 99, 'Satisfactory'),
(691, 8, '2026-06-04 01:18:15+00', 172.25, 219.50, 34.02, 25.50, 2.32, 106.23, null, 340, 'Very Poor'),
(692, 8, '2026-06-03 19:18:15+00', 80.84, 145.58, 25.63, 43.84, 2.05, 47.43, null, 169, 'Moderate'),
(693, 8, '2026-06-03 13:18:15+00', 95.78, 124.55, 96.42, 23.41, 3.12, 53.14, null, 219, 'Poor'),
(694, 8, '2026-06-03 01:18:15+00', 111.08, 135.26, 35.81, 24.45, 1.65, 61.47, null, 270, 'Poor'),
(695, 8, '2026-06-02 19:18:15+00', 187.82, 356.30, 13.24, 22.35, 1.67, 32.95, null, 352, 'Very Poor'),
(696, 8, '2026-06-02 13:18:15+00', 113.50, 150.06, 46.33, 54.75, 3.19, 24.81, null, 278, 'Poor'),
(697, 8, '2026-06-02 01:18:15+00', 98.96, 128.55, 94.37, 7.22, 3.27, 75.88, null, 229, 'Poor'),
(698, 8, '2026-06-01 19:18:15+00', 171.75, 217.84, 86.04, 55.31, 1.97, 147.55, null, 339, 'Very Poor'),
(699, 8, '2026-06-01 13:18:15+00', 133.52, 257.95, 96.95, 51.29, 3.75, 43.06, null, 310, 'Very Poor'),
(700, 8, '2026-06-01 01:18:15+00', 231.83, 438.22, 69.98, 32.80, 2.76, 44.49, null, 386, 'Very Poor');
INSERT INTO air_quality_data (id, station_id, timestamp, pm25, pm10, no2, so2, co, o3, nh3, aqi, aqi_category) VALUES 
(701, 8, '2026-05-31 19:18:15+00', 68.51, 101.79, 65.36, 26.89, 1.45, 108.30, null, 128, 'Moderate'),
(702, 8, '2026-05-31 13:18:15+00', 130.41, 197.39, 39.90, 23.22, 2.10, 52.41, null, 308, 'Very Poor'),
(703, 8, '2026-05-31 01:18:15+00', 223.84, 381.34, 38.50, 12.21, 2.06, 34.73, null, 379, 'Very Poor'),
(704, 8, '2026-05-30 19:18:15+00', 232.20, 329.81, 39.55, 21.37, 2.56, 38.15, null, 386, 'Very Poor'),
(705, 8, '2026-05-30 13:18:15+00', 151.64, 240.44, 64.66, 43.53, 3.52, 106.97, null, 324, 'Very Poor'),
(706, 8, '2026-05-30 01:18:15+00', 188.38, 351.95, 60.84, 40.55, 3.74, 23.26, null, 352, 'Very Poor'),
(707, 8, '2026-05-29 19:18:15+00', 227.30, 365.16, 14.16, 15.57, 2.18, 120.04, null, 382, 'Very Poor'),
(708, 8, '2026-05-29 13:18:15+00', 213.11, 324.01, 56.66, 54.20, 2.98, 117.19, null, 371, 'Very Poor'),
(709, 8, '2026-05-29 01:18:15+00', 147.95, 276.16, 64.18, 19.28, 2.97, 98.80, null, 321, 'Very Poor'),
(710, 8, '2026-05-28 19:18:15+00', 29.38, 45.75, 97.57, 26.85, 0.80, 124.74, null, 47, 'Good'),
(711, 8, '2026-05-28 13:18:15+00', 83.38, 151.60, 32.75, 5.15, 3.12, 131.76, null, 177, 'Moderate'),
(712, 8, '2026-05-28 01:18:15+00', 186.56, 369.99, 44.00, 58.24, 3.46, 49.74, null, 351, 'Very Poor'),
(713, 8, '2026-05-27 19:18:15+00', 116.94, 212.91, 46.67, 13.71, 3.34, 107.62, null, 289, 'Poor'),
(714, 8, '2026-05-27 13:18:15+00', 40.26, 68.96, 82.89, 45.47, 1.63, 96.49, null, 67, 'Satisfactory'),
(715, 8, '2026-05-27 01:18:15+00', 127.68, 198.46, 50.99, 36.84, 1.46, 145.96, null, 305, 'Very Poor'),
(716, 8, '2026-05-26 19:18:15+00', 153.95, 242.55, 26.20, 25.44, 3.16, 85.90, null, 326, 'Very Poor'),
(717, 8, '2026-05-26 13:18:15+00', 120.38, 163.47, 95.91, 24.47, 1.84, 34.33, null, 300, 'Very Poor'),
(718, 8, '2026-05-26 01:18:15+00', 58.62, 101.68, 32.50, 38.95, 3.67, 83.88, null, 97, 'Satisfactory'),
(719, 8, '2026-05-25 19:18:15+00', 38.20, 59.29, 26.26, 33.37, 0.64, 46.74, null, 63, 'Satisfactory'),
(720, 8, '2026-05-25 13:18:15+00', 62.82, 79.68, 22.56, 15.73, 1.68, 136.97, null, 109, 'Moderate'),
(721, 9, '2026-06-24 01:18:15+00', 87.13, 173.74, 23.57, 44.40, 2.02, 97.68, null, 190, 'Moderate'),
(722, 9, '2026-06-23 19:18:15+00', 111.94, 168.14, 80.95, 18.08, 2.55, 130.25, null, 273, 'Poor'),
(723, 9, '2026-06-23 13:18:15+00', 135.19, 214.56, 67.19, 51.32, 0.71, 118.26, null, 311, 'Very Poor'),
(724, 9, '2026-06-23 01:18:15+00', 26.37, 48.23, 54.19, 36.87, 2.73, 34.06, null, 42, 'Good'),
(725, 9, '2026-06-22 19:18:15+00', 46.10, 87.21, 29.25, 59.69, 3.01, 130.72, null, 76, 'Satisfactory'),
(726, 9, '2026-06-22 13:18:15+00', 86.71, 162.16, 66.55, 33.13, 1.21, 27.38, null, 188, 'Moderate'),
(727, 9, '2026-06-22 01:18:15+00', 174.44, 263.39, 57.20, 56.36, 3.43, 58.72, null, 341, 'Very Poor'),
(728, 9, '2026-06-21 19:18:15+00', 55.59, 104.19, 41.40, 17.21, 3.73, 25.74, null, 92, 'Satisfactory'),
(729, 9, '2026-06-21 13:18:15+00', 209.74, 318.44, 37.76, 38.98, 0.53, 80.84, null, 369, 'Very Poor'),
(730, 9, '2026-06-21 01:18:15+00', 39.68, 73.10, 38.74, 24.31, 1.51, 71.30, null, 66, 'Satisfactory'),
(731, 9, '2026-06-20 19:18:15+00', 210.35, 416.22, 37.11, 50.81, 0.46, 145.17, null, 369, 'Very Poor'),
(732, 9, '2026-06-20 13:18:15+00', 49.81, 69.59, 90.07, 10.24, 1.25, 76.09, null, 83, 'Satisfactory'),
(733, 9, '2026-06-20 01:18:15+00', 179.13, 337.57, 24.83, 26.31, 2.31, 59.97, null, 345, 'Very Poor'),
(734, 9, '2026-06-19 19:18:15+00', 186.21, 270.08, 59.74, 26.48, 2.37, 94.22, null, 350, 'Very Poor'),
(735, 9, '2026-06-19 13:18:15+00', 200.76, 303.07, 61.22, 50.45, 3.11, 138.81, null, 362, 'Very Poor'),
(736, 9, '2026-06-19 01:18:15+00', 26.95, 45.96, 97.24, 23.99, 1.73, 134.93, null, 43, 'Good'),
(737, 9, '2026-06-18 19:18:15+00', 84.14, 117.05, 45.31, 49.31, 2.28, 108.97, null, 180, 'Moderate'),
(738, 9, '2026-06-18 13:18:15+00', 162.04, 221.93, 95.17, 13.52, 3.75, 143.35, null, 332, 'Very Poor'),
(739, 9, '2026-06-18 01:18:15+00', 233.30, 378.45, 96.87, 40.78, 1.36, 107.36, null, 387, 'Very Poor'),
(740, 9, '2026-06-17 19:18:15+00', 108.91, 206.09, 32.82, 6.70, 3.85, 90.31, null, 262, 'Poor'),
(741, 9, '2026-06-17 13:18:15+00', 175.78, 280.96, 54.76, 36.33, 1.40, 41.24, null, 342, 'Very Poor'),
(742, 9, '2026-06-17 01:18:15+00', 96.15, 164.43, 99.53, 52.79, 2.79, 39.18, null, 220, 'Poor'),
(743, 9, '2026-06-16 19:18:15+00', 184.14, 239.64, 75.56, 27.76, 2.25, 29.18, null, 349, 'Very Poor'),
(744, 9, '2026-06-16 13:18:15+00', 73.73, 130.00, 12.35, 17.50, 0.44, 40.33, null, 145, 'Moderate'),
(745, 9, '2026-06-16 01:18:15+00', 174.34, 223.65, 58.69, 51.78, 1.82, 54.49, null, 341, 'Very Poor'),
(746, 9, '2026-06-15 19:18:15+00', 115.65, 229.23, 85.18, 48.50, 1.42, 93.80, null, 285, 'Poor'),
(747, 9, '2026-06-15 13:18:15+00', 40.38, 53.15, 97.34, 24.78, 0.85, 109.65, null, 67, 'Satisfactory'),
(748, 9, '2026-06-15 01:18:15+00', 172.74, 286.80, 40.66, 51.03, 2.40, 52.57, null, 340, 'Very Poor'),
(749, 9, '2026-06-14 19:18:15+00', 197.32, 280.62, 32.04, 22.87, 3.52, 149.92, null, 359, 'Very Poor'),
(750, 9, '2026-06-14 13:18:15+00', 134.62, 203.97, 33.88, 48.75, 2.23, 120.19, null, 311, 'Very Poor'),
(751, 9, '2026-06-14 01:18:15+00', 36.54, 70.45, 37.17, 13.04, 0.92, 72.98, null, 60, 'Satisfactory'),
(752, 9, '2026-06-13 19:18:15+00', 123.16, 186.73, 81.01, 54.20, 3.24, 145.69, null, 302, 'Very Poor'),
(753, 9, '2026-06-13 13:18:15+00', 248.74, 389.66, 97.80, 13.60, 1.84, 130.63, null, 399, 'Very Poor'),
(754, 9, '2026-06-13 01:18:15+00', 238.52, 419.81, 53.15, 52.11, 2.43, 53.86, null, 391, 'Very Poor'),
(755, 9, '2026-06-12 19:18:15+00', 216.11, 320.11, 32.19, 11.12, 1.84, 91.13, null, 374, 'Very Poor'),
(756, 9, '2026-06-12 13:18:15+00', 65.43, 123.67, 73.92, 25.92, 3.60, 148.59, null, 118, 'Moderate'),
(757, 9, '2026-06-12 01:18:15+00', 190.99, 250.23, 50.08, 49.09, 1.95, 146.57, null, 354, 'Very Poor'),
(758, 9, '2026-06-11 19:18:15+00', 103.08, 183.05, 27.69, 40.72, 0.55, 113.41, null, 243, 'Poor'),
(759, 9, '2026-06-11 13:18:15+00', 47.64, 57.85, 96.17, 28.56, 1.84, 128.35, null, 79, 'Satisfactory'),
(760, 9, '2026-06-11 01:18:15+00', 215.04, 406.98, 50.81, 39.86, 0.80, 128.47, null, 373, 'Very Poor'),
(761, 9, '2026-06-10 19:18:15+00', 175.94, 260.63, 75.52, 28.95, 2.05, 106.47, null, 343, 'Very Poor'),
(762, 9, '2026-06-10 13:18:15+00', 147.18, 283.86, 64.12, 34.67, 1.61, 36.46, null, 320, 'Very Poor'),
(763, 9, '2026-06-10 01:18:15+00', 20.58, 31.21, 22.30, 19.50, 2.26, 80.29, null, 32, 'Good'),
(764, 9, '2026-06-09 19:18:15+00', 32.31, 39.00, 65.84, 8.88, 3.19, 108.46, null, 53, 'Satisfactory'),
(765, 9, '2026-06-09 13:18:15+00', 145.03, 265.42, 75.34, 32.59, 1.84, 66.70, null, 319, 'Very Poor'),
(766, 9, '2026-06-09 01:18:15+00', 152.34, 285.59, 33.46, 52.20, 1.33, 83.54, null, 324, 'Very Poor'),
(767, 9, '2026-06-08 19:18:15+00', 172.40, 246.99, 32.89, 47.44, 2.02, 53.37, null, 340, 'Very Poor'),
(768, 9, '2026-06-08 13:18:15+00', 140.05, 210.38, 42.32, 27.92, 2.00, 144.03, null, 315, 'Very Poor'),
(769, 9, '2026-06-08 01:18:15+00', 203.94, 298.90, 37.03, 36.93, 3.94, 114.68, null, 364, 'Very Poor'),
(770, 9, '2026-06-07 19:18:15+00', 144.13, 209.53, 39.70, 9.24, 1.79, 131.75, null, 318, 'Very Poor'),
(771, 9, '2026-06-07 13:18:15+00', 242.58, 337.15, 12.71, 18.89, 2.87, 69.06, null, 394, 'Very Poor'),
(772, 9, '2026-06-07 01:18:15+00', 176.89, 288.26, 16.37, 45.91, 2.63, 147.77, null, 343, 'Very Poor'),
(773, 9, '2026-06-06 19:18:15+00', 212.34, 343.88, 36.75, 53.66, 1.85, 81.31, null, 371, 'Very Poor'),
(774, 9, '2026-06-06 13:18:15+00', 43.60, 67.06, 53.71, 18.88, 1.23, 64.31, null, 72, 'Satisfactory'),
(775, 9, '2026-06-06 01:18:15+00', 241.57, 410.53, 68.51, 51.29, 3.42, 61.44, null, 393, 'Very Poor'),
(776, 9, '2026-06-05 19:18:15+00', 95.95, 167.49, 21.22, 58.56, 1.68, 82.08, null, 219, 'Poor'),
(777, 9, '2026-06-05 13:18:15+00', 29.62, 37.94, 68.80, 43.50, 0.34, 40.49, null, 47, 'Good'),
(778, 9, '2026-06-05 01:18:15+00', 224.45, 398.56, 53.38, 9.08, 3.03, 119.80, null, 380, 'Very Poor'),
(779, 9, '2026-06-04 19:18:15+00', 145.27, 205.26, 89.05, 57.62, 2.33, 121.07, null, 319, 'Very Poor'),
(780, 9, '2026-06-04 13:18:15+00', 73.60, 94.83, 88.38, 22.51, 0.83, 48.62, null, 145, 'Moderate'),
(781, 9, '2026-06-04 01:18:15+00', 195.66, 298.66, 80.88, 19.72, 2.44, 144.05, null, 358, 'Very Poor'),
(782, 9, '2026-06-03 19:18:15+00', 174.10, 215.92, 31.07, 6.94, 1.48, 55.59, null, 341, 'Very Poor'),
(783, 9, '2026-06-03 13:18:15+00', 245.42, 314.24, 23.47, 49.42, 1.04, 73.93, null, 396, 'Very Poor'),
(784, 9, '2026-06-03 01:18:15+00', 44.90, 62.89, 44.10, 17.07, 3.52, 118.90, null, 74, 'Satisfactory'),
(785, 9, '2026-06-02 19:18:15+00', 204.84, 356.41, 49.35, 53.66, 2.96, 127.28, null, 365, 'Very Poor'),
(786, 9, '2026-06-02 13:18:15+00', 245.09, 424.34, 82.36, 18.92, 0.85, 95.26, null, 396, 'Very Poor'),
(787, 9, '2026-06-02 01:18:15+00', 49.75, 98.09, 42.03, 7.16, 0.69, 126.27, null, 82, 'Satisfactory'),
(788, 9, '2026-06-01 19:18:15+00', 140.96, 217.20, 25.35, 50.49, 2.94, 50.11, null, 316, 'Very Poor'),
(789, 9, '2026-06-01 13:18:15+00', 219.93, 296.82, 19.41, 30.66, 2.12, 66.85, null, 376, 'Very Poor'),
(790, 9, '2026-06-01 01:18:15+00', 21.55, 36.22, 18.96, 50.91, 2.91, 144.46, null, 34, 'Good'),
(791, 9, '2026-05-31 19:18:15+00', 146.14, 224.56, 94.91, 28.53, 3.48, 107.49, null, 320, 'Very Poor'),
(792, 9, '2026-05-31 13:18:15+00', 74.36, 148.59, 14.40, 42.62, 1.63, 55.46, null, 147, 'Moderate'),
(793, 9, '2026-05-31 01:18:15+00', 156.81, 306.99, 90.22, 53.82, 2.55, 59.08, null, 328, 'Very Poor'),
(794, 9, '2026-05-30 19:18:15+00', 50.49, 84.39, 97.48, 35.24, 1.69, 56.30, null, 84, 'Satisfactory'),
(795, 9, '2026-05-30 13:18:15+00', 233.46, 354.98, 55.90, 43.63, 2.23, 60.16, null, 387, 'Very Poor'),
(796, 9, '2026-05-30 01:18:15+00', 108.65, 198.31, 83.63, 33.86, 3.85, 61.70, null, 262, 'Poor'),
(797, 9, '2026-05-29 19:18:15+00', 198.88, 328.33, 79.83, 52.88, 0.46, 51.56, null, 360, 'Very Poor'),
(798, 9, '2026-05-29 13:18:15+00', 239.91, 328.83, 58.26, 33.11, 3.06, 24.41, null, 392, 'Very Poor'),
(799, 9, '2026-05-29 01:18:15+00', 93.77, 144.66, 69.61, 21.51, 1.51, 46.15, null, 212, 'Poor'),
(800, 9, '2026-05-28 19:18:15+00', 135.25, 215.58, 86.82, 45.86, 2.14, 45.41, null, 311, 'Very Poor');
INSERT INTO air_quality_data (id, station_id, timestamp, pm25, pm10, no2, so2, co, o3, nh3, aqi, aqi_category) VALUES 
(801, 9, '2026-05-28 13:18:15+00', 210.94, 383.18, 97.20, 46.44, 3.88, 111.77, null, 370, 'Very Poor'),
(802, 9, '2026-05-28 01:18:15+00', 101.45, 158.26, 22.10, 22.66, 2.85, 147.64, null, 238, 'Poor'),
(803, 9, '2026-05-27 19:18:15+00', 88.82, 146.32, 23.63, 56.27, 0.89, 127.31, null, 195, 'Moderate'),
(804, 9, '2026-05-27 13:18:15+00', 169.27, 305.96, 48.65, 48.83, 3.36, 29.09, null, 337, 'Very Poor'),
(805, 9, '2026-05-27 01:18:15+00', 190.14, 276.93, 47.27, 28.54, 1.43, 100.47, null, 354, 'Very Poor'),
(806, 9, '2026-05-26 19:18:15+00', 84.06, 132.99, 24.40, 10.04, 1.56, 59.43, null, 180, 'Moderate'),
(807, 9, '2026-05-26 13:18:15+00', 151.51, 273.12, 53.27, 54.91, 1.12, 85.41, null, 324, 'Very Poor'),
(808, 9, '2026-05-26 01:18:15+00', 58.55, 105.77, 77.98, 26.44, 3.21, 27.33, null, 97, 'Satisfactory'),
(809, 9, '2026-05-25 19:18:15+00', 189.89, 245.09, 50.64, 39.67, 2.20, 21.63, null, 353, 'Very Poor'),
(810, 9, '2026-05-25 13:18:15+00', 175.41, 232.06, 28.38, 33.18, 1.48, 108.59, null, 342, 'Very Poor'),
(811, 10, '2026-06-24 01:18:15+00', 145.82, 258.32, 34.26, 50.25, 2.92, 74.98, null, 319, 'Very Poor'),
(812, 10, '2026-06-23 19:18:15+00', 215.19, 423.85, 64.47, 39.75, 2.80, 27.95, null, 373, 'Very Poor'),
(813, 10, '2026-06-23 13:18:15+00', 182.53, 250.30, 97.09, 41.83, 3.14, 51.77, null, 348, 'Very Poor'),
(814, 10, '2026-06-23 01:18:15+00', 206.79, 369.76, 85.91, 27.58, 1.11, 97.81, null, 366, 'Very Poor'),
(815, 10, '2026-06-22 19:18:15+00', 131.55, 230.26, 92.46, 5.19, 3.24, 28.91, null, 308, 'Very Poor'),
(816, 10, '2026-06-22 13:18:15+00', 157.97, 302.31, 69.73, 43.10, 1.50, 104.26, null, 329, 'Very Poor'),
(817, 10, '2026-06-22 01:18:15+00', 239.16, 423.29, 75.60, 19.94, 0.38, 135.90, null, 391, 'Very Poor'),
(818, 10, '2026-06-21 19:18:15+00', 59.59, 117.45, 39.27, 44.60, 1.60, 72.24, null, 99, 'Satisfactory'),
(819, 10, '2026-06-21 13:18:15+00', 43.71, 70.21, 54.35, 11.67, 0.47, 95.83, null, 72, 'Satisfactory'),
(820, 10, '2026-06-21 01:18:15+00', 136.57, 263.71, 24.52, 51.25, 0.73, 55.04, null, 312, 'Very Poor'),
(821, 10, '2026-06-20 19:18:15+00', 30.94, 58.27, 25.71, 37.50, 2.99, 142.23, null, 51, 'Satisfactory'),
(822, 10, '2026-06-20 13:18:15+00', 185.19, 306.95, 21.17, 18.44, 3.17, 140.58, null, 350, 'Very Poor'),
(823, 10, '2026-06-20 01:18:15+00', 21.40, 37.89, 37.78, 57.10, 1.43, 81.06, null, 34, 'Good'),
(824, 10, '2026-06-19 19:18:15+00', 189.47, 249.46, 58.76, 7.07, 1.96, 109.21, null, 353, 'Very Poor'),
(825, 10, '2026-06-19 13:18:15+00', 190.35, 270.94, 68.49, 41.07, 0.84, 31.73, null, 354, 'Very Poor'),
(826, 10, '2026-06-19 01:18:15+00', 236.49, 328.78, 48.41, 57.22, 3.38, 134.23, null, 389, 'Very Poor'),
(827, 10, '2026-06-18 19:18:15+00', 92.42, 179.07, 55.43, 8.39, 0.42, 138.91, null, 208, 'Poor'),
(828, 10, '2026-06-18 13:18:15+00', 104.59, 129.86, 37.27, 37.00, 0.42, 68.32, null, 248, 'Poor'),
(829, 10, '2026-06-18 01:18:15+00', 127.89, 241.50, 69.67, 44.20, 3.87, 46.34, null, 306, 'Very Poor'),
(830, 10, '2026-06-17 19:18:15+00', 163.93, 316.38, 49.48, 29.16, 3.86, 68.88, null, 333, 'Very Poor'),
(831, 10, '2026-06-17 13:18:15+00', 31.10, 60.83, 27.72, 5.10, 2.09, 123.95, null, 51, 'Satisfactory'),
(832, 10, '2026-06-17 01:18:15+00', 221.20, 399.40, 96.89, 29.38, 2.97, 78.27, null, 377, 'Very Poor'),
(833, 10, '2026-06-16 19:18:15+00', 31.22, 59.30, 45.61, 29.79, 3.46, 23.62, null, 52, 'Satisfactory'),
(834, 10, '2026-06-16 13:18:15+00', 140.10, 270.81, 71.91, 46.88, 2.63, 118.26, null, 315, 'Very Poor'),
(835, 10, '2026-06-16 01:18:15+00', 80.16, 114.40, 70.99, 45.19, 1.64, 110.39, null, 167, 'Moderate'),
(836, 10, '2026-06-15 19:18:15+00', 37.91, 56.18, 37.60, 31.59, 1.74, 77.28, null, 63, 'Satisfactory'),
(837, 10, '2026-06-15 13:18:15+00', 223.38, 354.99, 66.47, 54.62, 3.49, 137.61, null, 379, 'Very Poor'),
(838, 10, '2026-06-15 01:18:15+00', 110.95, 151.20, 25.80, 43.71, 2.45, 60.18, null, 269, 'Poor'),
(839, 10, '2026-06-14 19:18:15+00', 115.59, 212.73, 91.53, 46.74, 2.11, 88.42, null, 285, 'Poor'),
(840, 10, '2026-06-14 13:18:15+00', 146.62, 205.10, 12.91, 8.14, 3.43, 30.73, null, 320, 'Very Poor'),
(841, 10, '2026-06-14 01:18:15+00', 242.90, 417.57, 43.23, 17.38, 1.20, 44.58, null, 394, 'Very Poor'),
(842, 10, '2026-06-13 19:18:15+00', 94.07, 160.53, 67.93, 54.52, 1.95, 41.65, null, 213, 'Poor'),
(843, 10, '2026-06-13 13:18:15+00', 228.17, 321.07, 75.11, 54.63, 0.86, 38.00, null, 383, 'Very Poor'),
(844, 10, '2026-06-13 01:18:15+00', 245.54, 341.89, 86.31, 14.83, 3.56, 126.53, null, 396, 'Very Poor'),
(845, 10, '2026-06-12 19:18:15+00', 127.27, 195.99, 36.46, 35.72, 3.80, 64.23, null, 305, 'Very Poor'),
(846, 10, '2026-06-12 13:18:15+00', 160.79, 304.56, 87.24, 37.54, 1.24, 41.30, null, 331, 'Very Poor'),
(847, 10, '2026-06-12 01:18:15+00', 154.88, 204.43, 90.79, 45.06, 2.18, 63.29, null, 326, 'Very Poor'),
(848, 10, '2026-06-11 19:18:15+00', 231.42, 351.11, 35.41, 9.22, 1.04, 110.80, null, 385, 'Very Poor'),
(849, 10, '2026-06-11 13:18:15+00', 159.88, 313.53, 91.71, 9.05, 1.03, 82.03, null, 330, 'Very Poor'),
(850, 10, '2026-06-11 01:18:15+00', 148.50, 295.49, 90.74, 25.40, 1.91, 95.03, null, 321, 'Very Poor'),
(851, 10, '2026-06-10 19:18:15+00', 29.24, 43.82, 35.94, 43.38, 1.12, 42.14, null, 46, 'Good'),
(852, 10, '2026-06-10 13:18:15+00', 133.62, 266.87, 90.61, 5.05, 0.60, 44.08, null, 310, 'Very Poor'),
(853, 10, '2026-06-10 01:18:15+00', 175.30, 298.10, 76.99, 47.99, 3.94, 97.69, null, 342, 'Very Poor'),
(854, 10, '2026-06-09 19:18:15+00', 126.99, 231.49, 43.82, 11.54, 1.88, 45.72, null, 305, 'Very Poor'),
(855, 10, '2026-06-09 13:18:15+00', 244.65, 380.58, 74.33, 58.35, 1.51, 127.05, null, 395, 'Very Poor'),
(856, 10, '2026-06-09 01:18:15+00', 210.77, 400.06, 84.13, 16.74, 3.18, 29.23, null, 369, 'Very Poor'),
(857, 10, '2026-06-08 19:18:15+00', 134.88, 224.56, 19.85, 27.30, 3.05, 25.68, null, 311, 'Very Poor'),
(858, 10, '2026-06-08 13:18:15+00', 80.00, 123.83, 65.66, 22.14, 0.52, 55.73, null, 166, 'Moderate'),
(859, 10, '2026-06-08 01:18:15+00', 165.96, 220.60, 89.82, 12.43, 0.31, 146.56, null, 335, 'Very Poor'),
(860, 10, '2026-06-07 19:18:15+00', 59.26, 102.86, 25.74, 50.99, 1.85, 107.15, null, 98, 'Satisfactory'),
(861, 10, '2026-06-07 13:18:15+00', 36.89, 61.47, 88.43, 7.49, 1.49, 26.98, null, 61, 'Satisfactory'),
(862, 10, '2026-06-07 01:18:15+00', 204.46, 400.66, 80.81, 41.32, 2.46, 103.05, null, 365, 'Very Poor'),
(863, 10, '2026-06-06 19:18:15+00', 24.55, 30.85, 36.83, 57.47, 0.98, 92.26, null, 39, 'Good'),
(864, 10, '2026-06-06 13:18:15+00', 116.14, 142.96, 82.29, 45.32, 3.62, 83.98, null, 287, 'Poor'),
(865, 10, '2026-06-06 01:18:15+00', 194.68, 237.06, 83.14, 13.38, 1.60, 134.31, null, 357, 'Very Poor'),
(866, 10, '2026-06-05 19:18:15+00', 178.11, 273.07, 77.26, 20.94, 3.11, 33.95, null, 344, 'Very Poor'),
(867, 10, '2026-06-05 13:18:15+00', 32.55, 59.09, 10.73, 47.94, 1.52, 67.62, null, 54, 'Satisfactory'),
(868, 10, '2026-06-05 01:18:15+00', 44.25, 85.78, 24.55, 18.17, 2.49, 23.62, null, 73, 'Satisfactory'),
(869, 10, '2026-06-04 19:18:15+00', 74.01, 130.81, 77.33, 29.41, 0.65, 92.35, null, 146, 'Moderate'),
(870, 10, '2026-06-04 13:18:15+00', 35.51, 59.09, 87.83, 20.71, 0.56, 149.77, null, 59, 'Satisfactory'),
(871, 10, '2026-06-04 01:18:15+00', 157.78, 213.52, 72.77, 33.99, 1.14, 67.01, null, 329, 'Very Poor'),
(872, 10, '2026-06-03 19:18:15+00', 22.06, 32.31, 86.34, 48.62, 1.02, 125.74, null, 35, 'Good'),
(873, 10, '2026-06-03 13:18:15+00', 66.60, 85.96, 98.60, 45.93, 3.69, 121.15, null, 121, 'Moderate'),
(874, 10, '2026-06-03 01:18:15+00', 201.47, 279.48, 21.45, 14.57, 3.74, 63.88, null, 362, 'Very Poor'),
(875, 10, '2026-06-02 19:18:15+00', 116.36, 168.04, 30.15, 18.68, 2.15, 34.57, null, 287, 'Poor'),
(876, 10, '2026-06-02 13:18:15+00', 167.53, 223.02, 28.89, 59.80, 2.13, 35.05, null, 336, 'Very Poor'),
(877, 10, '2026-06-02 01:18:15+00', 31.46, 50.86, 85.99, 29.40, 2.21, 111.00, null, 52, 'Satisfactory'),
(878, 10, '2026-06-01 19:18:15+00', 177.74, 272.02, 42.32, 30.19, 2.46, 55.14, null, 344, 'Very Poor'),
(879, 10, '2026-06-01 13:18:15+00', 200.85, 304.02, 55.15, 8.28, 1.94, 43.58, null, 362, 'Very Poor'),
(880, 10, '2026-06-01 01:18:15+00', 185.62, 353.85, 67.52, 47.07, 3.97, 84.83, null, 350, 'Very Poor'),
(881, 10, '2026-05-31 19:18:15+00', 41.48, 78.20, 29.70, 27.95, 3.10, 77.35, null, 69, 'Satisfactory'),
(882, 10, '2026-05-31 13:18:15+00', 35.68, 49.80, 27.23, 23.89, 3.32, 49.57, null, 59, 'Satisfactory'),
(883, 10, '2026-05-31 01:18:15+00', 73.05, 124.19, 98.51, 21.28, 1.55, 44.13, null, 143, 'Moderate'),
(884, 10, '2026-05-30 19:18:15+00', 132.06, 258.78, 21.34, 34.61, 2.38, 90.96, null, 309, 'Very Poor'),
(885, 10, '2026-05-30 13:18:15+00', 87.88, 165.20, 34.93, 53.81, 2.98, 61.38, null, 192, 'Moderate'),
(886, 10, '2026-05-30 01:18:15+00', 204.05, 388.03, 49.43, 29.94, 1.76, 132.64, null, 364, 'Very Poor'),
(887, 10, '2026-05-29 19:18:15+00', 62.63, 119.59, 51.39, 46.57, 0.67, 103.14, null, 108, 'Moderate'),
(888, 10, '2026-05-29 13:18:15+00', 120.03, 156.91, 49.97, 11.32, 2.79, 71.53, null, 300, 'Very Poor'),
(889, 10, '2026-05-29 01:18:15+00', 193.72, 328.16, 52.10, 6.77, 2.40, 121.05, null, 356, 'Very Poor'),
(890, 10, '2026-05-28 19:18:15+00', 234.55, 331.58, 42.39, 35.81, 2.94, 71.01, null, 388, 'Very Poor'),
(891, 10, '2026-05-28 13:18:15+00', 23.68, 32.41, 40.07, 47.45, 2.71, 88.84, null, 37, 'Good'),
(892, 10, '2026-05-28 01:18:15+00', 147.31, 189.59, 78.07, 54.57, 2.55, 98.90, null, 321, 'Very Poor'),
(893, 10, '2026-05-27 19:18:15+00', 31.24, 42.53, 43.06, 9.46, 1.98, 85.56, null, 52, 'Satisfactory'),
(894, 10, '2026-05-27 13:18:15+00', 87.29, 166.22, 49.24, 24.26, 3.21, 88.32, null, 190, 'Moderate'),
(895, 10, '2026-05-27 01:18:15+00', 108.34, 211.86, 86.17, 9.69, 0.92, 49.65, null, 261, 'Poor'),
(896, 10, '2026-05-26 19:18:15+00', 236.29, 372.67, 93.30, 16.27, 0.88, 55.60, null, 389, 'Very Poor'),
(897, 10, '2026-05-26 13:18:15+00', 202.65, 257.26, 76.48, 44.77, 3.79, 120.79, null, 363, 'Very Poor'),
(898, 10, '2026-05-26 01:18:15+00', 217.64, 393.63, 83.11, 49.42, 3.08, 76.52, null, 375, 'Very Poor'),
(899, 10, '2026-05-25 19:18:15+00', 243.94, 397.32, 38.68, 14.92, 2.07, 124.25, null, 395, 'Very Poor'),
(900, 10, '2026-05-25 13:18:15+00', 113.61, 140.77, 51.58, 35.52, 2.77, 105.46, null, 278, 'Poor');
INSERT INTO air_quality_data (id, station_id, timestamp, pm25, pm10, no2, so2, co, o3, nh3, aqi, aqi_category) VALUES 
(901, 11, '2026-06-24 01:18:15+00', 68.93, 120.72, 68.80, 9.39, 3.58, 64.81, null, 129, 'Moderate'),
(902, 11, '2026-06-23 19:18:15+00', 63.59, 95.42, 17.49, 38.77, 2.76, 65.77, null, 111, 'Moderate'),
(903, 11, '2026-06-23 13:18:15+00', 147.62, 178.69, 65.13, 15.09, 1.92, 103.48, null, 321, 'Very Poor'),
(904, 11, '2026-06-23 01:18:15+00', 57.10, 85.76, 64.18, 19.38, 0.75, 73.10, null, 95, 'Satisfactory'),
(905, 11, '2026-06-22 19:18:15+00', 108.11, 171.83, 37.08, 32.21, 1.70, 51.84, null, 260, 'Poor'),
(906, 11, '2026-06-22 13:18:15+00', 120.07, 169.26, 94.18, 52.08, 3.82, 23.56, null, 300, 'Very Poor'),
(907, 11, '2026-06-22 01:18:15+00', 73.06, 115.27, 76.27, 46.86, 2.01, 101.44, null, 143, 'Moderate'),
(908, 11, '2026-06-21 19:18:15+00', 107.51, 196.15, 36.65, 28.21, 3.81, 49.29, null, 258, 'Poor'),
(909, 11, '2026-06-21 13:18:15+00', 136.18, 185.95, 59.09, 36.54, 3.83, 105.20, null, 312, 'Very Poor'),
(910, 11, '2026-06-21 01:18:15+00', 143.93, 194.23, 84.35, 25.00, 2.16, 116.51, null, 318, 'Very Poor'),
(911, 11, '2026-06-20 19:18:15+00', 190.01, 358.84, 23.67, 41.69, 2.01, 126.06, null, 353, 'Very Poor'),
(912, 11, '2026-06-20 13:18:15+00', 162.41, 224.29, 66.79, 36.61, 1.00, 46.51, null, 332, 'Very Poor'),
(913, 11, '2026-06-20 01:18:15+00', 86.07, 151.95, 69.72, 44.24, 3.53, 84.98, null, 186, 'Moderate'),
(914, 11, '2026-06-19 19:18:15+00', 24.72, 45.82, 87.98, 39.99, 3.50, 135.78, null, 39, 'Good'),
(915, 11, '2026-06-19 13:18:15+00', 28.80, 56.01, 66.46, 50.13, 2.18, 128.64, null, 46, 'Good'),
(916, 11, '2026-06-19 01:18:15+00', 75.39, 99.87, 38.31, 56.69, 3.32, 97.23, null, 151, 'Moderate'),
(917, 11, '2026-06-18 19:18:15+00', 193.70, 309.30, 23.88, 40.53, 2.67, 56.26, null, 356, 'Very Poor'),
(918, 11, '2026-06-18 13:18:15+00', 243.74, 424.96, 36.22, 47.18, 3.58, 48.88, null, 395, 'Very Poor'),
(919, 11, '2026-06-18 01:18:15+00', 153.42, 253.63, 55.57, 12.44, 3.58, 123.43, null, 325, 'Very Poor'),
(920, 11, '2026-06-17 19:18:15+00', 158.17, 285.64, 21.09, 52.33, 2.30, 21.80, null, 329, 'Very Poor'),
(921, 11, '2026-06-17 13:18:15+00', 164.76, 325.58, 92.75, 46.04, 2.83, 96.65, null, 334, 'Very Poor'),
(922, 11, '2026-06-17 01:18:15+00', 113.80, 147.42, 93.48, 8.08, 1.44, 111.57, null, 279, 'Poor'),
(923, 11, '2026-06-16 19:18:15+00', 206.56, 291.42, 16.81, 17.91, 0.67, 135.16, null, 366, 'Very Poor'),
(924, 11, '2026-06-16 13:18:15+00', 234.85, 411.60, 27.31, 43.44, 3.82, 70.68, null, 388, 'Very Poor'),
(925, 11, '2026-06-16 01:18:15+00', 184.87, 287.28, 98.14, 10.73, 0.47, 92.83, null, 349, 'Very Poor'),
(926, 11, '2026-06-15 19:18:15+00', 73.82, 145.37, 30.69, 48.85, 3.49, 108.50, null, 146, 'Moderate'),
(927, 11, '2026-06-15 13:18:15+00', 136.30, 183.11, 60.34, 24.81, 3.03, 57.62, null, 312, 'Very Poor'),
(928, 11, '2026-06-15 01:18:15+00', 44.49, 82.27, 79.78, 50.12, 3.37, 90.64, null, 74, 'Satisfactory'),
(929, 11, '2026-06-14 19:18:15+00', 156.58, 300.22, 10.75, 5.40, 3.35, 111.76, null, 328, 'Very Poor'),
(930, 11, '2026-06-14 13:18:15+00', 232.52, 368.46, 54.28, 6.31, 1.49, 48.23, null, 386, 'Very Poor'),
(931, 11, '2026-06-14 01:18:15+00', 48.06, 61.43, 93.86, 37.44, 1.30, 80.16, null, 80, 'Satisfactory'),
(932, 11, '2026-06-13 19:18:15+00', 138.25, 195.83, 33.54, 59.34, 3.40, 38.37, null, 314, 'Very Poor'),
(933, 11, '2026-06-13 13:18:15+00', 87.90, 174.31, 32.69, 10.62, 2.86, 119.99, null, 192, 'Moderate'),
(934, 11, '2026-06-13 01:18:15+00', 199.12, 290.71, 99.71, 24.95, 1.40, 99.74, null, 360, 'Very Poor'),
(935, 11, '2026-06-12 19:18:15+00', 127.30, 156.67, 88.01, 29.88, 3.07, 27.85, null, 305, 'Very Poor'),
(936, 11, '2026-06-12 13:18:15+00', 200.55, 387.33, 48.72, 26.62, 3.89, 125.39, null, 362, 'Very Poor'),
(937, 11, '2026-06-12 01:18:15+00', 101.08, 196.79, 83.48, 42.50, 1.03, 104.18, null, 236, 'Poor'),
(938, 11, '2026-06-11 19:18:15+00', 181.54, 271.62, 73.71, 8.46, 2.54, 106.77, null, 347, 'Very Poor'),
(939, 11, '2026-06-11 13:18:15+00', 226.99, 381.70, 79.58, 26.73, 3.30, 44.70, null, 382, 'Very Poor'),
(940, 11, '2026-06-11 01:18:15+00', 186.92, 318.09, 43.72, 33.24, 3.20, 107.40, null, 351, 'Very Poor'),
(941, 11, '2026-06-10 19:18:15+00', 164.77, 198.50, 54.23, 37.99, 1.56, 89.43, null, 334, 'Very Poor'),
(942, 11, '2026-06-10 13:18:15+00', 133.79, 192.42, 92.83, 8.89, 1.88, 128.89, null, 310, 'Very Poor'),
(943, 11, '2026-06-10 01:18:15+00', 20.82, 39.42, 48.02, 42.69, 3.35, 124.25, null, 33, 'Good'),
(944, 11, '2026-06-09 19:18:15+00', 133.27, 245.73, 65.90, 58.77, 2.02, 69.72, null, 310, 'Very Poor'),
(945, 11, '2026-06-09 13:18:15+00', 81.07, 111.88, 25.14, 22.83, 2.21, 129.33, null, 170, 'Moderate'),
(946, 11, '2026-06-09 01:18:15+00', 174.10, 228.94, 69.35, 52.64, 1.45, 117.67, null, 341, 'Very Poor'),
(947, 11, '2026-06-08 19:18:15+00', 246.86, 323.08, 35.75, 23.18, 0.62, 55.97, null, 397, 'Very Poor'),
(948, 11, '2026-06-08 13:18:15+00', 49.04, 59.56, 43.82, 55.75, 3.93, 115.50, null, 81, 'Satisfactory'),
(949, 11, '2026-06-08 01:18:15+00', 55.47, 80.30, 89.35, 16.30, 3.67, 62.44, null, 92, 'Satisfactory'),
(950, 11, '2026-06-07 19:18:15+00', 230.70, 417.01, 29.86, 45.54, 1.49, 93.62, null, 385, 'Very Poor'),
(951, 11, '2026-06-07 13:18:15+00', 45.65, 78.09, 33.77, 38.81, 0.80, 74.93, null, 76, 'Satisfactory'),
(952, 11, '2026-06-07 01:18:15+00', 246.91, 389.31, 76.77, 47.45, 3.18, 70.52, null, 397, 'Very Poor'),
(953, 11, '2026-06-06 19:18:15+00', 165.13, 235.73, 16.45, 47.18, 1.42, 50.41, null, 334, 'Very Poor'),
(954, 11, '2026-06-06 13:18:15+00', 123.73, 229.98, 66.41, 9.11, 0.34, 43.37, null, 302, 'Very Poor'),
(955, 11, '2026-06-06 01:18:15+00', 34.75, 68.88, 25.47, 24.88, 3.38, 100.54, null, 57, 'Satisfactory'),
(956, 11, '2026-06-05 19:18:15+00', 138.96, 201.85, 38.16, 35.80, 3.28, 51.51, null, 314, 'Very Poor'),
(957, 11, '2026-06-05 13:18:15+00', 148.87, 203.02, 68.64, 42.52, 2.86, 140.83, null, 322, 'Very Poor'),
(958, 11, '2026-06-05 01:18:15+00', 163.57, 308.27, 50.18, 54.29, 2.68, 91.45, null, 333, 'Very Poor'),
(959, 11, '2026-06-04 19:18:15+00', 113.05, 146.86, 46.86, 9.87, 0.69, 99.24, null, 276, 'Poor'),
(960, 11, '2026-06-04 13:18:15+00', 116.03, 161.79, 72.69, 22.74, 0.40, 65.18, null, 286, 'Poor'),
(961, 11, '2026-06-04 01:18:15+00', 109.01, 196.80, 69.24, 19.03, 3.96, 30.14, null, 263, 'Poor'),
(962, 11, '2026-06-03 19:18:15+00', 188.66, 238.75, 87.25, 38.90, 2.27, 111.78, null, 352, 'Very Poor'),
(963, 11, '2026-06-03 13:18:15+00', 136.75, 172.16, 72.86, 42.62, 2.49, 109.71, null, 312, 'Very Poor'),
(964, 11, '2026-06-03 01:18:15+00', 93.34, 177.51, 46.78, 26.86, 3.34, 96.61, null, 211, 'Poor'),
(965, 11, '2026-06-02 19:18:15+00', 52.09, 98.42, 37.19, 13.41, 2.59, 113.79, null, 86, 'Satisfactory'),
(966, 11, '2026-06-02 13:18:15+00', 20.03, 35.39, 60.45, 25.35, 0.31, 48.30, null, 32, 'Good'),
(967, 11, '2026-06-02 01:18:15+00', 177.26, 246.75, 33.84, 36.21, 1.80, 32.55, null, 344, 'Very Poor'),
(968, 11, '2026-06-01 19:18:15+00', 209.61, 361.53, 54.47, 21.90, 0.55, 135.61, null, 369, 'Very Poor'),
(969, 11, '2026-06-01 13:18:15+00', 66.56, 120.97, 94.64, 18.34, 1.02, 47.12, null, 121, 'Moderate'),
(970, 11, '2026-06-01 01:18:15+00', 221.54, 288.72, 53.26, 7.22, 2.69, 43.15, null, 378, 'Very Poor'),
(971, 11, '2026-05-31 19:18:15+00', 206.50, 411.29, 21.33, 45.30, 2.38, 77.23, null, 366, 'Very Poor'),
(972, 11, '2026-05-31 13:18:15+00', 44.99, 85.71, 48.15, 32.19, 3.51, 120.42, null, 75, 'Satisfactory'),
(973, 11, '2026-05-31 01:18:15+00', 117.88, 179.27, 58.25, 19.49, 1.19, 101.96, null, 292, 'Poor'),
(974, 11, '2026-05-30 19:18:15+00', 147.39, 195.29, 95.48, 34.12, 1.28, 27.10, null, 321, 'Very Poor'),
(975, 11, '2026-05-30 13:18:15+00', 218.12, 363.27, 52.77, 46.82, 3.58, 120.19, null, 375, 'Very Poor'),
(976, 11, '2026-05-30 01:18:15+00', 151.47, 281.92, 54.12, 47.31, 3.43, 140.99, null, 324, 'Very Poor'),
(977, 11, '2026-05-29 19:18:15+00', 53.59, 86.61, 71.40, 58.24, 3.30, 119.38, null, 89, 'Satisfactory'),
(978, 11, '2026-05-29 13:18:15+00', 194.81, 288.62, 42.51, 53.72, 3.01, 22.58, null, 357, 'Very Poor'),
(979, 11, '2026-05-29 01:18:15+00', 230.37, 445.15, 88.71, 11.61, 2.21, 73.23, null, 384, 'Very Poor'),
(980, 11, '2026-05-28 19:18:15+00', 46.35, 74.91, 74.08, 13.18, 3.79, 118.21, null, 77, 'Satisfactory'),
(981, 11, '2026-05-28 13:18:15+00', 95.63, 168.25, 23.37, 19.64, 0.51, 84.69, null, 218, 'Poor'),
(982, 11, '2026-05-28 01:18:15+00', 135.36, 178.85, 70.68, 10.40, 3.51, 80.79, null, 311, 'Very Poor'),
(983, 11, '2026-05-27 19:18:15+00', 75.53, 100.95, 37.96, 20.25, 3.90, 56.40, null, 151, 'Moderate'),
(984, 11, '2026-05-27 13:18:15+00', 70.43, 96.56, 11.29, 11.95, 0.46, 45.58, null, 134, 'Moderate'),
(985, 11, '2026-05-27 01:18:15+00', 206.20, 289.42, 73.30, 54.67, 3.84, 145.27, null, 366, 'Very Poor'),
(986, 11, '2026-05-26 19:18:15+00', 191.33, 354.88, 78.21, 15.47, 0.44, 75.29, null, 354, 'Very Poor'),
(987, 11, '2026-05-26 13:18:15+00', 92.27, 133.07, 27.87, 43.75, 3.20, 128.32, null, 207, 'Poor'),
(988, 11, '2026-05-26 01:18:15+00', 149.66, 231.28, 25.54, 29.01, 2.56, 130.15, null, 322, 'Very Poor'),
(989, 11, '2026-05-25 19:18:15+00', 184.27, 269.32, 81.03, 23.88, 2.45, 37.75, null, 349, 'Very Poor'),
(990, 11, '2026-05-25 13:18:15+00', 90.14, 153.21, 76.31, 25.81, 1.58, 52.47, null, 200, 'Poor'),
(991, 12, '2026-06-24 01:18:15+00', 228.81, 426.65, 12.63, 37.54, 2.83, 70.43, null, 383, 'Very Poor'),
(992, 12, '2026-06-23 19:18:15+00', 66.73, 105.23, 95.92, 55.02, 0.91, 47.62, null, 122, 'Moderate'),
(993, 12, '2026-06-23 13:18:15+00', 88.55, 111.59, 78.16, 52.11, 2.52, 27.56, null, 195, 'Moderate'),
(994, 12, '2026-06-23 01:18:15+00', 173.68, 209.62, 86.70, 28.88, 3.41, 137.80, null, 341, 'Very Poor'),
(995, 12, '2026-06-22 19:18:15+00', 130.54, 237.09, 65.74, 51.99, 2.58, 130.60, null, 308, 'Very Poor'),
(996, 12, '2026-06-22 13:18:15+00', 142.59, 215.50, 57.10, 53.15, 3.82, 117.14, null, 317, 'Very Poor'),
(997, 12, '2026-06-22 01:18:15+00', 55.24, 110.42, 59.77, 48.36, 2.85, 132.12, null, 92, 'Satisfactory'),
(998, 12, '2026-06-21 19:18:15+00', 96.25, 130.20, 93.50, 28.02, 1.17, 128.95, null, 220, 'Poor'),
(999, 12, '2026-06-21 13:18:15+00', 160.81, 282.18, 26.42, 50.86, 1.01, 58.04, null, 331, 'Very Poor'),
(1000, 12, '2026-06-21 01:18:15+00', 159.93, 311.51, 76.30, 21.82, 0.40, 121.71, null, 330, 'Very Poor');
INSERT INTO air_quality_data (id, station_id, timestamp, pm25, pm10, no2, so2, co, o3, nh3, aqi, aqi_category) VALUES 
(1001, 12, '2026-06-20 19:18:15+00', 108.72, 192.50, 72.34, 13.32, 1.01, 134.79, null, 262, 'Poor'),
(1002, 12, '2026-06-20 13:18:15+00', 233.65, 295.66, 62.50, 10.00, 0.91, 86.85, null, 387, 'Very Poor'),
(1003, 12, '2026-06-20 01:18:15+00', 90.57, 124.56, 41.66, 53.69, 0.91, 126.80, null, 201, 'Poor'),
(1004, 12, '2026-06-19 19:18:15+00', 173.98, 276.93, 87.77, 49.52, 3.95, 21.97, null, 341, 'Very Poor'),
(1005, 12, '2026-06-19 13:18:15+00', 161.33, 238.36, 88.73, 7.35, 0.63, 72.67, null, 331, 'Very Poor'),
(1006, 12, '2026-06-19 01:18:15+00', 87.19, 130.50, 52.58, 6.25, 2.88, 123.18, null, 190, 'Moderate'),
(1007, 12, '2026-06-18 19:18:15+00', 239.73, 297.83, 97.59, 55.64, 2.09, 60.96, null, 392, 'Very Poor'),
(1008, 12, '2026-06-18 13:18:15+00', 185.18, 350.91, 87.12, 45.92, 3.95, 138.32, null, 350, 'Very Poor'),
(1009, 12, '2026-06-18 01:18:15+00', 228.71, 340.42, 74.68, 25.81, 0.57, 65.45, null, 383, 'Very Poor'),
(1010, 12, '2026-06-17 19:18:15+00', 240.02, 399.90, 17.62, 38.53, 0.36, 66.36, null, 392, 'Very Poor'),
(1011, 12, '2026-06-17 13:18:15+00', 51.40, 78.92, 56.39, 47.59, 3.25, 74.32, null, 85, 'Satisfactory'),
(1012, 12, '2026-06-17 01:18:15+00', 236.03, 443.74, 11.48, 54.06, 1.68, 88.78, null, 389, 'Very Poor'),
(1013, 12, '2026-06-16 19:18:15+00', 221.52, 346.68, 47.08, 53.10, 2.13, 148.56, null, 378, 'Very Poor'),
(1014, 12, '2026-06-16 13:18:15+00', 196.47, 237.67, 78.39, 32.90, 0.89, 88.91, null, 358, 'Very Poor'),
(1015, 12, '2026-06-16 01:18:15+00', 76.31, 98.15, 31.46, 15.49, 0.70, 109.75, null, 154, 'Moderate'),
(1016, 12, '2026-06-15 19:18:15+00', 178.43, 245.24, 40.60, 22.06, 2.65, 52.81, null, 344, 'Very Poor'),
(1017, 12, '2026-06-15 13:18:15+00', 117.26, 204.82, 34.62, 19.16, 0.69, 111.56, null, 290, 'Poor'),
(1018, 12, '2026-06-15 01:18:15+00', 233.98, 315.39, 81.57, 57.21, 1.68, 105.67, null, 387, 'Very Poor'),
(1019, 12, '2026-06-14 19:18:15+00', 238.44, 389.99, 65.93, 14.82, 2.83, 70.02, null, 391, 'Very Poor'),
(1020, 12, '2026-06-14 13:18:15+00', 180.25, 257.76, 70.52, 30.60, 0.31, 92.81, null, 346, 'Very Poor'),
(1021, 12, '2026-06-14 01:18:15+00', 65.65, 82.74, 94.15, 25.60, 1.40, 49.62, null, 118, 'Moderate'),
(1022, 12, '2026-06-13 19:18:15+00', 166.93, 218.40, 64.37, 48.00, 3.63, 51.77, null, 336, 'Very Poor'),
(1023, 12, '2026-06-13 13:18:15+00', 243.54, 313.55, 99.98, 18.93, 2.47, 106.13, null, 395, 'Very Poor'),
(1024, 12, '2026-06-13 01:18:15+00', 46.37, 64.14, 23.14, 55.33, 2.37, 131.40, null, 77, 'Satisfactory'),
(1025, 12, '2026-06-12 19:18:15+00', 69.03, 123.22, 17.08, 25.04, 1.11, 90.77, null, 130, 'Moderate'),
(1026, 12, '2026-06-12 13:18:15+00', 69.04, 118.04, 30.70, 16.44, 3.16, 131.67, null, 130, 'Moderate'),
(1027, 12, '2026-06-12 01:18:15+00', 244.86, 313.64, 63.46, 36.09, 0.98, 129.91, null, 396, 'Very Poor'),
(1028, 12, '2026-06-11 19:18:15+00', 24.10, 43.05, 24.09, 46.14, 3.01, 105.41, null, 38, 'Good'),
(1029, 12, '2026-06-11 13:18:15+00', 44.99, 76.69, 51.69, 56.66, 2.49, 137.54, null, 75, 'Satisfactory'),
(1030, 12, '2026-06-11 01:18:15+00', 205.67, 398.66, 33.72, 7.41, 0.46, 133.39, null, 365, 'Very Poor'),
(1031, 12, '2026-06-10 19:18:15+00', 105.74, 150.91, 64.63, 21.80, 1.69, 102.64, null, 252, 'Poor'),
(1032, 12, '2026-06-10 13:18:15+00', 147.58, 189.74, 27.74, 30.47, 3.91, 134.12, null, 321, 'Very Poor'),
(1033, 12, '2026-06-10 01:18:15+00', 170.14, 329.81, 98.97, 14.85, 1.75, 133.39, null, 338, 'Very Poor'),
(1034, 12, '2026-06-09 19:18:15+00', 48.68, 83.43, 11.45, 27.17, 0.76, 109.56, null, 81, 'Satisfactory'),
(1035, 12, '2026-06-09 13:18:15+00', 68.42, 116.66, 61.20, 54.06, 2.81, 133.52, null, 128, 'Moderate'),
(1036, 12, '2026-06-09 01:18:15+00', 146.41, 253.61, 35.57, 23.15, 2.53, 143.55, null, 320, 'Very Poor'),
(1037, 12, '2026-06-08 19:18:15+00', 82.04, 131.94, 82.16, 26.90, 0.69, 129.33, null, 173, 'Moderate'),
(1038, 12, '2026-06-08 13:18:15+00', 220.58, 321.37, 92.24, 22.82, 2.04, 35.67, null, 377, 'Very Poor'),
(1039, 12, '2026-06-08 01:18:15+00', 57.97, 79.43, 51.02, 11.78, 3.69, 108.06, null, 96, 'Satisfactory'),
(1040, 12, '2026-06-07 19:18:15+00', 96.99, 191.41, 48.03, 58.93, 2.88, 59.24, null, 223, 'Poor'),
(1041, 12, '2026-06-07 13:18:15+00', 61.23, 121.60, 21.48, 13.80, 1.03, 40.43, null, 104, 'Moderate'),
(1042, 12, '2026-06-07 01:18:15+00', 66.05, 90.74, 51.40, 19.64, 2.62, 43.01, null, 120, 'Moderate'),
(1043, 12, '2026-06-06 19:18:15+00', 188.46, 279.73, 68.75, 25.00, 1.92, 143.02, null, 352, 'Very Poor'),
(1044, 12, '2026-06-06 13:18:15+00', 210.22, 358.17, 87.44, 56.00, 2.55, 59.60, null, 369, 'Very Poor'),
(1045, 12, '2026-06-06 01:18:15+00', 218.54, 357.66, 45.77, 16.41, 2.51, 126.67, null, 375, 'Very Poor'),
(1046, 12, '2026-06-05 19:18:15+00', 136.79, 204.99, 65.85, 13.67, 1.27, 77.00, null, 312, 'Very Poor'),
(1047, 12, '2026-06-05 13:18:15+00', 23.22, 46.28, 60.77, 11.12, 3.16, 142.61, null, 37, 'Good'),
(1048, 12, '2026-06-05 01:18:15+00', 160.14, 267.81, 90.58, 43.46, 1.46, 101.93, null, 330, 'Very Poor'),
(1049, 12, '2026-06-04 19:18:15+00', 24.97, 41.09, 24.94, 9.97, 2.50, 45.78, null, 39, 'Good'),
(1050, 12, '2026-06-04 13:18:15+00', 188.91, 332.81, 23.70, 32.29, 3.21, 96.16, null, 353, 'Very Poor'),
(1051, 12, '2026-06-04 01:18:15+00', 88.59, 147.98, 45.54, 26.35, 2.29, 103.15, null, 195, 'Moderate'),
(1052, 12, '2026-06-03 19:18:15+00', 217.69, 387.43, 13.72, 39.03, 1.31, 87.68, null, 375, 'Very Poor'),
(1053, 12, '2026-06-03 13:18:15+00', 77.84, 99.22, 90.78, 58.00, 1.60, 31.39, null, 159, 'Moderate'),
(1054, 12, '2026-06-03 01:18:15+00', 198.09, 344.19, 48.92, 35.50, 3.22, 55.08, null, 360, 'Very Poor'),
(1055, 12, '2026-06-02 19:18:15+00', 244.54, 419.30, 38.03, 52.88, 3.84, 127.68, null, 395, 'Very Poor'),
(1056, 12, '2026-06-02 13:18:15+00', 141.28, 177.79, 78.56, 5.96, 2.13, 94.83, null, 316, 'Very Poor'),
(1057, 12, '2026-06-02 01:18:15+00', 190.86, 245.71, 93.71, 42.37, 2.54, 100.02, null, 354, 'Very Poor'),
(1058, 12, '2026-06-01 19:18:15+00', 221.64, 440.51, 52.66, 21.23, 2.91, 125.32, null, 378, 'Very Poor'),
(1059, 12, '2026-06-01 13:18:15+00', 224.84, 388.66, 96.11, 17.43, 1.25, 143.78, null, 380, 'Very Poor'),
(1060, 12, '2026-06-01 01:18:15+00', 167.94, 207.51, 34.55, 44.87, 3.36, 129.98, null, 336, 'Very Poor'),
(1061, 12, '2026-05-31 19:18:15+00', 214.31, 351.31, 87.38, 49.12, 3.99, 70.49, null, 372, 'Very Poor'),
(1062, 12, '2026-05-31 13:18:15+00', 158.89, 293.00, 78.03, 54.79, 3.02, 72.58, null, 329, 'Very Poor'),
(1063, 12, '2026-05-31 01:18:15+00', 20.15, 32.41, 42.63, 35.08, 2.21, 90.69, null, 32, 'Good'),
(1064, 12, '2026-05-30 19:18:15+00', 164.25, 210.41, 21.38, 18.10, 1.14, 92.29, null, 334, 'Very Poor'),
(1065, 12, '2026-05-30 13:18:15+00', 187.60, 259.96, 16.81, 5.71, 1.96, 76.29, null, 352, 'Very Poor'),
(1066, 12, '2026-05-30 01:18:15+00', 140.61, 225.82, 71.15, 25.93, 3.14, 27.81, null, 315, 'Very Poor'),
(1067, 12, '2026-05-29 19:18:15+00', 194.24, 362.47, 68.65, 55.75, 0.58, 133.93, null, 357, 'Very Poor'),
(1068, 12, '2026-05-29 13:18:15+00', 104.33, 193.95, 33.15, 57.33, 3.27, 140.59, null, 247, 'Poor'),
(1069, 12, '2026-05-29 01:18:15+00', 116.26, 190.21, 55.26, 58.14, 2.25, 82.34, null, 287, 'Poor'),
(1070, 12, '2026-05-28 19:18:15+00', 166.61, 302.40, 68.95, 51.08, 3.68, 42.70, null, 335, 'Very Poor'),
(1071, 12, '2026-05-28 13:18:15+00', 154.89, 203.24, 80.15, 6.22, 3.62, 147.61, null, 326, 'Very Poor'),
(1072, 12, '2026-05-28 01:18:15+00', 231.81, 391.05, 16.37, 32.59, 1.56, 50.86, null, 386, 'Very Poor'),
(1073, 12, '2026-05-27 19:18:15+00', 220.26, 322.36, 45.57, 28.69, 3.96, 144.00, null, 377, 'Very Poor'),
(1074, 12, '2026-05-27 13:18:15+00', 214.93, 271.82, 52.15, 20.26, 0.39, 38.37, null, 373, 'Very Poor'),
(1075, 12, '2026-05-27 01:18:15+00', 207.17, 298.52, 26.55, 30.38, 0.62, 107.04, null, 367, 'Very Poor'),
(1076, 12, '2026-05-26 19:18:15+00', 181.05, 240.22, 98.89, 23.97, 0.36, 25.88, null, 347, 'Very Poor'),
(1077, 12, '2026-05-26 13:18:15+00', 161.01, 263.13, 59.45, 23.63, 3.13, 39.11, null, 331, 'Very Poor'),
(1078, 12, '2026-05-26 01:18:15+00', 25.38, 44.91, 41.96, 45.57, 3.36, 93.62, null, 40, 'Good'),
(1079, 12, '2026-05-25 19:18:15+00', 142.31, 186.58, 20.63, 56.30, 1.70, 80.62, null, 317, 'Very Poor'),
(1080, 12, '2026-05-25 13:18:15+00', 31.82, 54.87, 76.29, 41.66, 3.33, 126.92, null, 53, 'Satisfactory');

-- Seed satellite readings
INSERT INTO satellite_data (id, timestamp, latitude, longitude, pollutant, value, source, metadata_json) VALUES 
(1, '2026-06-21 13:18:15+00', 21.5676, 73.7367, 'CO', 2.7764, 'Sentinel-5P', '{}'),
(2, '2026-06-21 16:18:15+00', 18.3785, 72.1234, 'NO2', 121.6787, 'Sentinel-5P', '{}'),
(3, '2026-06-21 08:18:15+00', 27.8925, 86.6731, 'HCHO', 4.5561, 'Sentinel-5P', '{}'),
(4, '2026-06-24 07:18:15+00', 21.4576, 78.3280, 'NO2', 57.4468, 'Sentinel-5P', '{}'),
(5, '2026-06-21 13:18:15+00', 18.3431, 76.5346, 'NO2', 85.8425, 'Sentinel-5P', '{}'),
(6, '2026-06-22 14:18:15+00', 18.7555, 85.0276, 'CO', 2.1478, 'Sentinel-5P', '{}'),
(7, '2026-06-22 20:18:15+00', 30.1449, 80.2233, 'SO2', 47.713, 'Sentinel-5P', '{}'),
(8, '2026-06-22 05:18:15+00', 10.0871, 89.3653, 'CO', 2.2608, 'Sentinel-5P', '{}'),
(9, '2026-06-21 08:18:15+00', 19.6396, 89.1658, 'CO', 2.1467, 'Sentinel-5P', '{}'),
(10, '2026-06-21 22:18:15+00', 14.5377, 69.1539, 'NO2', 148.4644, 'Sentinel-5P', '{}'),
(11, '2026-06-23 11:18:15+00', 8.3401, 82.1436, 'CO', 2.2752, 'Sentinel-5P', '{}'),
(12, '2026-06-22 14:18:15+00', 27.8272, 91.1842, 'HCHO', 4.519, 'Sentinel-5P', '{}'),
(13, '2026-06-22 06:18:15+00', 17.8383, 73.8465, 'CO', 2.8253, 'Sentinel-5P', '{}'),
(14, '2026-06-23 10:18:15+00', 33.4228, 70.8536, 'SO2', 40.4172, 'Sentinel-5P', '{}'),
(15, '2026-06-24 03:18:15+00', 15.0610, 80.7408, 'HCHO', 3.8526, 'Sentinel-5P', '{}'),
(16, '2026-06-22 11:18:15+00', 27.3917, 90.3010, 'O3', 111.9842, 'Sentinel-5P', '{}'),
(17, '2026-06-21 15:18:15+00', 31.3045, 88.9407, 'HCHO', 4.9067, 'Sentinel-5P', '{}'),
(18, '2026-06-22 05:18:15+00', 16.2692, 88.3482, 'NO2', 42.8289, 'Sentinel-5P', '{}'),
(19, '2026-06-23 04:18:15+00', 22.4067, 76.4536, 'HCHO', 3.3594, 'Sentinel-5P', '{}'),
(20, '2026-06-22 14:18:15+00', 9.0326, 87.1909, 'O3', 120.9773, 'Sentinel-5P', '{}'),
(21, '2026-06-23 18:18:15+00', 34.8456, 76.0807, 'O3', 124.5446, 'Sentinel-5P', '{}'),
(22, '2026-06-22 17:18:15+00', 12.0168, 75.5799, 'CO', 3.3522, 'Sentinel-5P', '{}'),
(23, '2026-06-22 19:18:15+00', 20.1009, 70.5517, 'CO', 3.5327, 'Sentinel-5P', '{}'),
(24, '2026-06-22 04:18:15+00', 8.5527, 81.4030, 'O3', 114.787, 'Sentinel-5P', '{}'),
(25, '2026-06-21 09:18:15+00', 16.1520, 83.0488, 'CO', 3.9926, 'Sentinel-5P', '{}'),
(26, '2026-06-22 20:18:15+00', 20.7026, 72.3496, 'CO', 1.1266, 'Sentinel-5P', '{}'),
(27, '2026-06-22 23:18:15+00', 11.7717, 84.6948, 'HCHO', 3.1508, 'Sentinel-5P', '{}'),
(28, '2026-06-21 10:18:15+00', 25.6148, 84.2932, 'CO', 4.2601, 'Sentinel-5P', '{}'),
(29, '2026-06-23 20:18:15+00', 10.8463, 86.6234, 'HCHO', 3.4803, 'Sentinel-5P', '{}'),
(30, '2026-06-22 05:18:15+00', 25.1915, 83.0846, 'HCHO', 5.2529, 'Sentinel-5P', '{}'),
(31, '2026-06-22 23:18:15+00', 9.0871, 81.5043, 'HCHO', 4.6019, 'Sentinel-5P', '{}'),
(32, '2026-06-22 15:18:15+00', 33.2486, 85.8998, 'NO2', 110.4621, 'Sentinel-5P', '{}'),
(33, '2026-06-24 01:18:15+00', 9.4762, 77.0702, 'CO', 1.8548, 'Sentinel-5P', '{}'),
(34, '2026-06-22 03:18:15+00', 9.0909, 83.8312, 'NO2', 123.3251, 'Sentinel-5P', '{}'),
(35, '2026-06-23 20:18:15+00', 33.7000, 88.1686, 'NO2', 75.3394, 'Sentinel-5P', '{}'),
(36, '2026-06-21 10:18:15+00', 9.6123, 81.9948, 'CO', 1.6137, 'Sentinel-5P', '{}'),
(37, '2026-06-22 20:18:15+00', 26.3200, 72.6463, 'HCHO', 5.6091, 'Sentinel-5P', '{}'),
(38, '2026-06-23 12:18:15+00', 26.2012, 74.4837, 'HCHO', 1.5187, 'Sentinel-5P', '{}'),
(39, '2026-06-24 01:18:15+00', 8.7034, 76.7859, 'CO', 3.0542, 'Sentinel-5P', '{}'),
(40, '2026-06-24 02:18:15+00', 14.4352, 72.8891, 'CO', 4.1208, 'Sentinel-5P', '{}'),
(41, '2026-06-22 20:18:15+00', 27.1494, 91.7565, 'NO2', 115.7922, 'Sentinel-5P', '{}'),
(42, '2026-06-22 02:18:15+00', 22.2550, 75.2907, 'HCHO', 4.6371, 'Sentinel-5P', '{}'),
(43, '2026-06-22 03:18:15+00', 31.8359, 84.4968, 'O3', 97.2588, 'Sentinel-5P', '{}'),
(44, '2026-06-23 14:18:15+00', 21.2981, 85.4447, 'SO2', 37.6466, 'Sentinel-5P', '{}'),
(45, '2026-06-21 09:18:15+00', 17.2113, 76.8637, 'HCHO', 4.5743, 'Sentinel-5P', '{}'),
(46, '2026-06-23 13:18:15+00', 26.1352, 91.2290, 'HCHO', 1.6851, 'Sentinel-5P', '{}'),
(47, '2026-06-21 14:18:15+00', 28.2091, 71.4677, 'HCHO', 3.6171, 'Sentinel-5P', '{}'),
(48, '2026-06-22 21:18:15+00', 14.1700, 90.7339, 'SO2', 27.8107, 'Sentinel-5P', '{}'),
(49, '2026-06-24 00:18:15+00', 17.7784, 86.6028, 'O3', 70.5681, 'Sentinel-5P', '{}'),
(50, '2026-06-22 10:18:15+00', 20.5860, 78.5759, 'NO2', 112.6117, 'Sentinel-5P', '{}'),
(51, '2026-06-23 04:18:15+00', 27.2787, 81.6993, 'HCHO', 3.2423, 'Sentinel-5P', '{}'),
(52, '2026-06-22 12:18:15+00', 11.8792, 81.1271, 'O3', 48.5073, 'Sentinel-5P', '{}'),
(53, '2026-06-21 14:18:15+00', 21.8430, 81.3871, 'CO', 1.4379, 'Sentinel-5P', '{}'),
(54, '2026-06-23 13:18:15+00', 24.5877, 74.0346, 'O3', 97.9073, 'Sentinel-5P', '{}'),
(55, '2026-06-24 01:18:15+00', 15.6543, 89.6384, 'CO', 0.9173, 'Sentinel-5P', '{}'),
(56, '2026-06-23 10:18:15+00', 21.9949, 79.2661, 'HCHO', 2.1681, 'Sentinel-5P', '{}'),
(57, '2026-06-21 09:18:15+00', 12.6146, 78.3432, 'HCHO', 1.5228, 'Sentinel-5P', '{}'),
(58, '2026-06-22 08:18:15+00', 31.8030, 71.3782, 'O3', 178.0033, 'Sentinel-5P', '{}'),
(59, '2026-06-22 05:18:15+00', 34.9779, 77.1095, 'SO2', 50.9482, 'Sentinel-5P', '{}'),
(60, '2026-06-23 09:18:15+00', 31.9088, 77.3343, 'SO2', 50.6953, 'Sentinel-5P', '{}'),
(61, '2026-06-23 11:18:15+00', 10.3687, 85.7041, 'CO', 2.3663, 'Sentinel-5P', '{}'),
(62, '2026-06-22 08:18:15+00', 15.5515, 88.3060, 'SO2', 14.0419, 'Sentinel-5P', '{}'),
(63, '2026-06-21 15:18:15+00', 16.0013, 91.6832, 'CO', 3.6174, 'Sentinel-5P', '{}'),
(64, '2026-06-22 12:18:15+00', 32.2031, 72.0176, 'HCHO', 3.8172, 'Sentinel-5P', '{}'),
(65, '2026-06-23 18:18:15+00', 8.1594, 87.7707, 'O3', 138.3091, 'Sentinel-5P', '{}'),
(66, '2026-06-24 07:18:15+00', 9.2829, 71.5637, 'SO2', 39.6019, 'Sentinel-5P', '{}'),
(67, '2026-06-23 14:18:15+00', 22.3567, 85.2117, 'HCHO', 5.4001, 'Sentinel-5P', '{}'),
(68, '2026-06-21 15:18:15+00', 23.0408, 70.7080, 'NO2', 104.3911, 'Sentinel-5P', '{}'),
(69, '2026-06-21 09:18:15+00', 12.5447, 68.6033, 'CO', 3.4146, 'Sentinel-5P', '{}'),
(70, '2026-06-23 20:18:15+00', 29.4684, 81.4277, 'CO', 2.9106, 'Sentinel-5P', '{}'),
(71, '2026-06-23 03:18:15+00', 10.6492, 86.2246, 'O3', 71.7965, 'Sentinel-5P', '{}'),
(72, '2026-06-22 07:18:15+00', 23.3705, 73.8117, 'SO2', 21.2066, 'Sentinel-5P', '{}'),
(73, '2026-06-22 22:18:15+00', 13.2096, 87.6476, 'HCHO', 4.2865, 'Sentinel-5P', '{}'),
(74, '2026-06-22 05:18:15+00', 13.8129, 68.0767, 'SO2', 25.8899, 'Sentinel-5P', '{}'),
(75, '2026-06-22 22:18:15+00', 9.5251, 68.1166, 'CO', 1.4527, 'Sentinel-5P', '{}'),
(76, '2026-06-22 21:18:15+00', 19.6584, 79.6535, 'NO2', 39.2134, 'Sentinel-5P', '{}'),
(77, '2026-06-21 11:18:15+00', 34.2125, 86.9823, 'SO2', 38.6574, 'Sentinel-5P', '{}'),
(78, '2026-06-21 14:18:15+00', 28.6239, 87.9328, 'CO', 1.6209, 'Sentinel-5P', '{}'),
(79, '2026-06-21 18:18:15+00', 16.3853, 76.8790, 'CO', 1.2758, 'Sentinel-5P', '{}'),
(80, '2026-06-23 20:18:15+00', 26.2370, 81.4647, 'CO', 2.594, 'Sentinel-5P', '{}'),
(81, '2026-06-21 15:18:15+00', 18.7001, 71.2195, 'SO2', 59.576, 'Sentinel-5P', '{}'),
(82, '2026-06-21 09:18:15+00', 12.1682, 76.8226, 'O3', 176.3841, 'Sentinel-5P', '{}'),
(83, '2026-06-23 06:18:15+00', 17.5938, 91.4215, 'CO', 4.0455, 'Sentinel-5P', '{}'),
(84, '2026-06-21 09:18:15+00', 22.4537, 68.0304, 'HCHO', 5.2975, 'Sentinel-5P', '{}'),
(85, '2026-06-23 21:18:15+00', 22.6835, 78.9626, 'HCHO', 3.3012, 'Sentinel-5P', '{}'),
(86, '2026-06-23 18:18:15+00', 18.2109, 79.3263, 'HCHO', 1.3583, 'Sentinel-5P', '{}'),
(87, '2026-06-22 05:18:15+00', 23.8407, 84.5496, 'CO', 4.1577, 'Sentinel-5P', '{}'),
(88, '2026-06-21 12:18:15+00', 15.0608, 70.2374, 'HCHO', 3.2059, 'Sentinel-5P', '{}'),
(89, '2026-06-23 06:18:15+00', 30.1687, 78.1562, 'O3', 78.5887, 'Sentinel-5P', '{}'),
(90, '2026-06-22 22:18:15+00', 11.8810, 82.2272, 'NO2', 109.8221, 'Sentinel-5P', '{}'),
(91, '2026-06-23 17:18:15+00', 29.7334, 78.0799, 'O3', 137.4938, 'Sentinel-5P', '{}'),
(92, '2026-06-23 06:18:15+00', 28.2778, 74.7571, 'SO2', 23.326, 'Sentinel-5P', '{}'),
(93, '2026-06-21 10:18:15+00', 21.8640, 80.2478, 'CO', 4.3518, 'Sentinel-5P', '{}'),
(94, '2026-06-22 15:18:15+00', 31.9266, 73.4638, 'O3', 57.1385, 'Sentinel-5P', '{}'),
(95, '2026-06-23 09:18:15+00', 26.9278, 86.8750, 'SO2', 52.8815, 'Sentinel-5P', '{}'),
(96, '2026-06-22 20:18:15+00', 12.7546, 81.1627, 'SO2', 42.0519, 'Sentinel-5P', '{}'),
(97, '2026-06-23 21:18:15+00', 18.7340, 87.4164, 'CO', 2.3106, 'Sentinel-5P', '{}'),
(98, '2026-06-24 00:18:15+00', 28.2097, 70.4462, 'SO2', 13.2804, 'Sentinel-5P', '{}'),
(99, '2026-06-21 19:18:15+00', 17.7449, 80.2799, 'CO', 1.5112, 'Sentinel-5P', '{}'),
(100, '2026-06-23 03:18:15+00', 30.4792, 86.8339, 'HCHO', 1.4854, 'Sentinel-5P', '{}'),
(101, '2026-06-23 17:18:15+00', 26.2085, 69.2832, 'HCHO', 3.1753, 'Sentinel-5P', '{}'),
(102, '2026-06-23 12:18:15+00', 32.1711, 80.3208, 'O3', 131.0819, 'Sentinel-5P', '{}'),
(103, '2026-06-21 10:18:15+00', 31.6540, 68.7699, 'HCHO', 5.8756, 'Sentinel-5P', '{}'),
(104, '2026-06-21 11:18:15+00', 34.9620, 69.8950, 'O3', 54.1668, 'Sentinel-5P', '{}'),
(105, '2026-06-22 04:18:15+00', 20.5032, 87.0117, 'O3', 113.1362, 'Sentinel-5P', '{}'),
(106, '2026-06-22 05:18:15+00', 27.2249, 89.8243, 'NO2', 133.1701, 'Sentinel-5P', '{}'),
(107, '2026-06-21 08:18:15+00', 8.4934, 83.3820, 'O3', 107.0005, 'Sentinel-5P', '{}'),
(108, '2026-06-21 15:18:15+00', 29.1992, 87.0923, 'CO', 1.4685, 'Sentinel-5P', '{}'),
(109, '2026-06-21 15:18:15+00', 17.6553, 74.5726, 'HCHO', 3.732, 'Sentinel-5P', '{}'),
(110, '2026-06-24 06:18:15+00', 33.7177, 84.8792, 'SO2', 14.8459, 'Sentinel-5P', '{}'),
(111, '2026-06-24 02:18:15+00', 13.2566, 72.1465, 'SO2', 12.9994, 'Sentinel-5P', '{}'),
(112, '2026-06-23 17:18:15+00', 24.1113, 78.1741, 'O3', 40.9747, 'Sentinel-5P', '{}'),
(113, '2026-06-21 22:18:15+00', 29.9586, 88.0419, 'NO2', 45.0749, 'Sentinel-5P', '{}'),
(114, '2026-06-23 02:18:15+00', 24.1018, 83.7491, 'O3', 34.8277, 'Sentinel-5P', '{}'),
(115, '2026-06-22 20:18:15+00', 26.3838, 83.0270, 'O3', 89.2982, 'Sentinel-5P', '{}'),
(116, '2026-06-23 10:18:15+00', 31.3041, 74.9423, 'CO', 3.3127, 'Sentinel-5P', '{}'),
(117, '2026-06-24 07:18:15+00', 33.8941, 68.3100, 'NO2', 105.893, 'Sentinel-5P', '{}'),
(118, '2026-06-22 06:18:15+00', 16.2179, 69.6625, 'O3', 149.4731, 'Sentinel-5P', '{}'),
(119, '2026-06-23 05:18:15+00', 28.8360, 72.5520, 'O3', 173.3993, 'Sentinel-5P', '{}'),
(120, '2026-06-22 03:18:15+00', 8.7144, 81.8907, 'NO2', 32.5218, 'Sentinel-5P', '{}'),
(121, '2026-06-21 14:18:15+00', 33.5304, 71.0696, 'CO', 2.3652, 'Sentinel-5P', '{}'),
(122, '2026-06-23 11:18:15+00', 11.5471, 79.3674, 'SO2', 31.7479, 'Sentinel-5P', '{}'),
(123, '2026-06-23 05:18:15+00', 33.2523, 78.6001, 'SO2', 24.3399, 'Sentinel-5P', '{}'),
(124, '2026-06-22 11:18:15+00', 18.5814, 72.9921, 'CO', 0.9038, 'Sentinel-5P', '{}'),
(125, '2026-06-22 05:18:15+00', 32.2869, 79.5127, 'SO2', 41.9787, 'Sentinel-5P', '{}'),
(126, '2026-06-22 15:18:15+00', 29.2826, 73.0636, 'NO2', 51.5748, 'Sentinel-5P', '{}'),
(127, '2026-06-24 05:18:15+00', 18.7948, 68.4055, 'CO', 1.5675, 'Sentinel-5P', '{}'),
(128, '2026-06-22 12:18:15+00', 9.4424, 77.1458, 'NO2', 80.502, 'Sentinel-5P', '{}'),
(129, '2026-06-23 11:18:15+00', 30.9327, 79.0080, 'HCHO', 3.3095, 'Sentinel-5P', '{}'),
(130, '2026-06-24 02:18:15+00', 27.1063, 86.8215, 'O3', 145.1006, 'Sentinel-5P', '{}'),
(131, '2026-06-23 12:18:15+00', 23.5216, 79.6721, 'NO2', 139.6809, 'Sentinel-5P', '{}'),
(132, '2026-06-23 05:18:15+00', 31.4571, 73.9485, 'CO', 3.5757, 'Sentinel-5P', '{}'),
(133, '2026-06-23 08:18:15+00', 30.9720, 82.9101, 'CO', 3.786, 'Sentinel-5P', '{}'),
(134, '2026-06-23 14:18:15+00', 24.4267, 85.3796, 'NO2', 62.8744, 'Sentinel-5P', '{}'),
(135, '2026-06-22 00:18:15+00', 32.7079, 72.0620, 'SO2', 55.5956, 'Sentinel-5P', '{}'),
(136, '2026-06-22 02:18:15+00', 15.7298, 88.8055, 'SO2', 53.7883, 'Sentinel-5P', '{}'),
(137, '2026-06-22 12:18:15+00', 11.5241, 84.1777, 'NO2', 113.2573, 'Sentinel-5P', '{}'),
(138, '2026-06-23 04:18:15+00', 21.8768, 84.0638, 'HCHO', 3.5588, 'Sentinel-5P', '{}'),
(139, '2026-06-24 02:18:15+00', 17.8288, 81.3280, 'CO', 3.9687, 'Sentinel-5P', '{}'),
(140, '2026-06-23 08:18:15+00', 33.0283, 88.6678, 'HCHO', 2.3857, 'Sentinel-5P', '{}'),
(141, '2026-06-24 02:18:15+00', 32.2436, 78.9673, 'CO', 3.6897, 'Sentinel-5P', '{}'),
(142, '2026-06-23 07:18:15+00', 15.6376, 80.9262, 'O3', 69.3539, 'Sentinel-5P', '{}'),
(143, '2026-06-22 12:18:15+00', 14.9262, 90.6728, 'NO2', 141.3718, 'Sentinel-5P', '{}'),
(144, '2026-06-23 07:18:15+00', 8.8143, 72.7452, 'CO', 2.8351, 'Sentinel-5P', '{}'),
(145, '2026-06-22 17:18:15+00', 26.2061, 69.2013, 'NO2', 83.6257, 'Sentinel-5P', '{}'),
(146, '2026-06-23 16:18:15+00', 14.7251, 74.2615, 'CO', 0.8452, 'Sentinel-5P', '{}'),
(147, '2026-06-21 18:18:15+00', 21.6933, 91.1592, 'CO', 4.0257, 'Sentinel-5P', '{}'),
(148, '2026-06-22 21:18:15+00', 20.6814, 89.7118, 'SO2', 21.8725, 'Sentinel-5P', '{}'),
(149, '2026-06-23 23:18:15+00', 11.2206, 71.3494, 'HCHO', 5.5439, 'Sentinel-5P', '{}'),
(150, '2026-06-22 23:18:15+00', 34.5172, 79.8500, 'SO2', 42.0703, 'Sentinel-5P', '{}'),
(151, '2026-06-21 07:18:15+00', 10.7127, 72.5217, 'HCHO', 2.9465, 'Sentinel-5P', '{}'),
(152, '2026-06-23 14:18:15+00', 10.6994, 69.4401, 'SO2', 47.7344, 'Sentinel-5P', '{}'),
(153, '2026-06-24 05:18:15+00', 11.8757, 82.4341, 'HCHO', 5.8752, 'Sentinel-5P', '{}'),
(154, '2026-06-24 00:18:15+00', 19.7573, 88.8207, 'NO2', 111.3908, 'Sentinel-5P', '{}'),
(155, '2026-06-21 10:18:15+00', 24.4672, 83.1466, 'O3', 54.9671, 'Sentinel-5P', '{}'),
(156, '2026-06-23 19:18:15+00', 14.7917, 85.9937, 'HCHO', 5.0958, 'Sentinel-5P', '{}'),
(157, '2026-06-22 18:18:15+00', 9.3862, 83.4795, 'SO2', 30.3324, 'Sentinel-5P', '{}'),
(158, '2026-06-23 21:18:15+00', 8.4651, 70.0075, 'O3', 132.9651, 'Sentinel-5P', '{}'),
(159, '2026-06-22 22:18:15+00', 14.5407, 91.6264, 'CO', 3.529, 'Sentinel-5P', '{}'),
(160, '2026-06-24 04:18:15+00', 22.9526, 76.0552, 'NO2', 50.2812, 'Sentinel-5P', '{}'),
(161, '2026-06-24 02:18:15+00', 24.3850, 78.7570, 'SO2', 15.6556, 'Sentinel-5P', '{}'),
(162, '2026-06-23 04:18:15+00', 26.5610, 75.7280, 'SO2', 16.3705, 'Sentinel-5P', '{}'),
(163, '2026-06-22 14:18:15+00', 24.7935, 78.0761, 'HCHO', 4.3334, 'Sentinel-5P', '{}'),
(164, '2026-06-21 10:18:15+00', 34.2665, 90.1945, 'NO2', 85.8798, 'Sentinel-5P', '{}'),
(165, '2026-06-21 12:18:15+00', 27.6618, 84.6446, 'CO', 3.0461, 'Sentinel-5P', '{}'),
(166, '2026-06-21 23:18:15+00', 20.8201, 82.2170, 'HCHO', 2.1946, 'Sentinel-5P', '{}'),
(167, '2026-06-23 14:18:15+00', 34.2560, 88.1249, 'HCHO', 2.6349, 'Sentinel-5P', '{}'),
(168, '2026-06-21 19:18:15+00', 31.2243, 88.1840, 'NO2', 126.4104, 'Sentinel-5P', '{}'),
(169, '2026-06-22 22:18:15+00', 24.5009, 75.6516, 'NO2', 36.2253, 'Sentinel-5P', '{}'),
(170, '2026-06-22 08:18:15+00', 9.9670, 73.3797, 'SO2', 18.3103, 'Sentinel-5P', '{}'),
(171, '2026-06-23 09:18:15+00', 10.8680, 81.8469, 'HCHO', 5.4108, 'Sentinel-5P', '{}'),
(172, '2026-06-24 05:18:15+00', 24.7324, 88.5934, 'NO2', 71.0244, 'Sentinel-5P', '{}'),
(173, '2026-06-24 03:18:15+00', 29.6151, 74.2840, 'O3', 130.077, 'Sentinel-5P', '{}'),
(174, '2026-06-23 12:18:15+00', 11.4517, 88.0740, 'O3', 173.6488, 'Sentinel-5P', '{}'),
(175, '2026-06-21 17:18:15+00', 23.1890, 72.1052, 'O3', 100.7494, 'Sentinel-5P', '{}'),
(176, '2026-06-24 00:18:15+00', 20.7878, 78.5909, 'NO2', 128.991, 'Sentinel-5P', '{}'),
(177, '2026-06-23 02:18:15+00', 27.8970, 90.1379, 'CO', 2.0896, 'Sentinel-5P', '{}'),
(178, '2026-06-21 15:18:15+00', 23.3048, 71.0119, 'O3', 99.8108, 'Sentinel-5P', '{}'),
(179, '2026-06-22 06:18:15+00', 17.2934, 90.9713, 'O3', 94.2535, 'Sentinel-5P', '{}'),
(180, '2026-06-24 05:18:15+00', 16.0673, 77.2662, 'SO2', 35.6722, 'Sentinel-5P', '{}'),
(181, '2026-06-22 03:18:15+00', 13.5205, 75.7328, 'CO', 0.8259, 'Sentinel-5P', '{}'),
(182, '2026-06-22 11:18:15+00', 8.3238, 72.2939, 'SO2', 42.1629, 'Sentinel-5P', '{}'),
(183, '2026-06-22 02:18:15+00', 30.2890, 84.1412, 'HCHO', 3.903, 'Sentinel-5P', '{}'),
(184, '2026-06-23 16:18:15+00', 22.0849, 91.9359, 'NO2', 27.3503, 'Sentinel-5P', '{}'),
(185, '2026-06-22 04:18:15+00', 8.9624, 77.8419, 'SO2', 21.17, 'Sentinel-5P', '{}'),
(186, '2026-06-23 08:18:15+00', 13.8583, 80.4336, 'NO2', 34.5527, 'Sentinel-5P', '{}'),
(187, '2026-06-21 22:18:15+00', 8.7674, 78.2044, 'CO', 1.429, 'Sentinel-5P', '{}'),
(188, '2026-06-21 11:18:15+00', 14.5067, 85.6506, 'SO2', 47.9849, 'Sentinel-5P', '{}'),
(189, '2026-06-21 10:18:15+00', 9.3455, 91.3707, 'SO2', 31.3484, 'Sentinel-5P', '{}'),
(190, '2026-06-23 21:18:15+00', 30.2662, 89.3229, 'CO', 3.3539, 'Sentinel-5P', '{}'),
(191, '2026-06-24 01:18:15+00', 33.9943, 88.0971, 'CO', 1.5322, 'Sentinel-5P', '{}'),
(192, '2026-06-22 23:18:15+00', 24.9767, 69.7141, 'SO2', 14.5455, 'Sentinel-5P', '{}'),
(193, '2026-06-22 02:18:15+00', 28.2663, 86.3764, 'CO', 2.9322, 'Sentinel-5P', '{}'),
(194, '2026-06-22 13:18:15+00', 14.1680, 80.0394, 'SO2', 25.0218, 'Sentinel-5P', '{}'),
(195, '2026-06-22 11:18:15+00', 27.5972, 73.1033, 'CO', 4.1798, 'Sentinel-5P', '{}'),
(196, '2026-06-23 23:18:15+00', 9.5977, 69.5599, 'SO2', 24.703, 'Sentinel-5P', '{}'),
(197, '2026-06-21 21:18:15+00', 10.4134, 89.4225, 'HCHO', 1.1392, 'Sentinel-5P', '{}'),
(198, '2026-06-23 06:18:15+00', 26.4204, 88.2400, 'O3', 167.0227, 'Sentinel-5P', '{}'),
(199, '2026-06-22 06:18:15+00', 34.5490, 85.8384, 'O3', 133.4203, 'Sentinel-5P', '{}'),
(200, '2026-06-21 21:18:15+00', 23.9287, 71.8423, 'SO2', 49.1737, 'Sentinel-5P', '{}');

-- Seed weather records
INSERT INTO weather_data (id, timestamp, latitude, longitude, temperature, humidity, wind_speed, wind_direction, pressure, source) VALUES 
(1, '2026-06-24 07:18:15+00', 28.6139, 77.2090, 40.1, 67.1, 9.0, 76.6, 1007.2, 'ERA5'),
(2, '2026-06-24 07:18:15+00', 19.0760, 72.8777, 34.9, 86.1, 8.9, 1.2, 996.3, 'ERA5'),
(3, '2026-06-24 07:18:15+00', 22.5726, 88.3639, 36.3, 58.4, 4.9, 336.1, 1011.2, 'ERA5'),
(4, '2026-06-24 07:18:15+00', 13.0827, 80.2707, 25.5, 78.9, 3.0, 279.0, 1017.5, 'ERA5'),
(5, '2026-06-24 07:18:15+00', 12.9716, 77.5946, 39.1, 68.3, 3.9, 106.0, 1012.5, 'ERA5'),
(6, '2026-06-24 07:18:15+00', 17.3850, 78.4867, 40.1, 51.4, 7.1, 303.0, 1015.8, 'ERA5'),
(7, '2026-06-24 07:18:15+00', 23.0225, 72.5714, 29.6, 70.6, 4.1, 107.6, 1015.9, 'ERA5'),
(8, '2026-06-24 07:18:15+00', 18.5204, 73.8567, 25.9, 83.8, 9.6, 315.5, 1006.9, 'ERA5'),
(9, '2026-06-24 07:18:15+00', 26.9124, 75.7873, 23.9, 66.4, 8.7, 241.3, 1005.5, 'ERA5'),
(10, '2026-06-24 07:18:15+00', 26.8467, 80.9462, 23.8, 77.7, 5.2, 52.6, 992.5, 'ERA5'),
(11, '2026-06-24 07:18:15+00', 25.5941, 85.1376, 29.5, 34.5, 4.9, 189.0, 1005.3, 'ERA5'),
(12, '2026-06-24 07:18:15+00', 30.7333, 76.7794, 40.3, 37.3, 10.8, 181.4, 1019.5, 'ERA5');

-- Seed fire anomaly data
INSERT INTO fire_data (id, timestamp, latitude, longitude, brightness, confidence, frp, source) VALUES 
(1, '2026-06-23 08:18:15+00', 23.5716, 71.7399, 312.6, 86.4, 59.8, 'NASA FIRMS'),
(2, '2026-06-22 12:18:15+00', 13.4967, 79.6553, 385.1, 94.6, 60.85, 'NASA FIRMS'),
(3, '2026-06-23 20:18:15+00', 12.5015, 79.5581, 390.2, 96.0, 56.33, 'NASA FIRMS'),
(4, '2026-06-22 09:18:15+00', 22.8158, 72.4670, 357.0, 63.2, 95.16, 'NASA FIRMS'),
(5, '2026-06-22 15:18:15+00', 26.7623, 76.6202, 306.1, 68.4, 45.66, 'NASA FIRMS'),
(6, '2026-06-23 01:18:15+00', 22.6901, 73.2017, 345.2, 61.6, 70.26, 'NASA FIRMS'),
(7, '2026-06-22 19:18:15+00', 28.5457, 77.2298, 344.7, 67.1, 78.04, 'NASA FIRMS'),
(8, '2026-06-23 10:18:15+00', 12.9777, 79.8755, 303.9, 66.8, 79.27, 'NASA FIRMS'),
(9, '2026-06-23 21:18:15+00', 13.0015, 79.7656, 318.3, 68.4, 65.35, 'NASA FIRMS'),
(10, '2026-06-23 00:18:15+00', 26.3631, 76.2863, 358.0, 77.9, 31.8, 'NASA FIRMS'),
(11, '2026-06-23 15:18:15+00', 12.4333, 81.1527, 304.1, 94.6, 58.22, 'NASA FIRMS'),
(12, '2026-06-23 01:18:15+00', 13.9153, 79.6901, 398.0, 66.9, 94.16, 'NASA FIRMS'),
(13, '2026-06-23 14:18:15+00', 23.1473, 87.4946, 374.5, 92.8, 8.63, 'NASA FIRMS'),
(14, '2026-06-23 11:18:15+00', 27.3674, 74.8989, 330.7, 78.6, 15.08, 'NASA FIRMS'),
(15, '2026-06-22 11:18:15+00', 12.9987, 79.9841, 364.1, 87.1, 65.43, 'NASA FIRMS'),
(16, '2026-06-23 01:18:15+00', 13.1137, 79.3253, 355.5, 81.9, 15.91, 'NASA FIRMS'),
(17, '2026-06-23 03:18:15+00', 22.1676, 88.6791, 361.0, 89.1, 26.86, 'NASA FIRMS'),
(18, '2026-06-24 03:18:15+00', 23.4671, 71.7957, 380.4, 70.4, 67.16, 'NASA FIRMS'),
(19, '2026-06-23 11:18:15+00', 13.8309, 79.8666, 303.4, 62.3, 75.24, 'NASA FIRMS'),
(20, '2026-06-23 02:18:15+00', 12.1278, 80.5240, 307.7, 71.3, 55.84, 'NASA FIRMS'),
(21, '2026-06-22 11:18:15+00', 28.7441, 78.0449, 301.2, 88.3, 91.94, 'NASA FIRMS'),
(22, '2026-06-22 19:18:15+00', 27.8754, 76.5232, 361.5, 64.7, 36.13, 'NASA FIRMS'),
(23, '2026-06-23 11:18:15+00', 27.6400, 76.4097, 354.9, 96.5, 16.25, 'NASA FIRMS'),
(24, '2026-06-22 07:18:15+00', 12.8942, 80.7656, 306.5, 93.7, 31.25, 'NASA FIRMS'),
(25, '2026-06-23 23:18:15+00', 26.8670, 75.7699, 351.1, 61.0, 37.9, 'NASA FIRMS'),
(26, '2026-06-23 19:18:15+00', 13.7548, 80.5238, 394.5, 74.7, 72.65, 'NASA FIRMS'),
(27, '2026-06-23 08:18:15+00', 23.4512, 87.7952, 300.8, 77.5, 77.74, 'NASA FIRMS'),
(28, '2026-06-23 19:18:15+00', 22.8956, 73.4178, 358.2, 87.4, 48.71, 'NASA FIRMS'),
(29, '2026-06-22 14:18:15+00', 23.5819, 72.4399, 357.9, 88.8, 22.22, 'NASA FIRMS'),
(30, '2026-06-24 05:18:15+00', 27.7727, 77.9149, 351.0, 67.8, 41.46, 'NASA FIRMS'),
(31, '2026-06-24 01:18:15+00', 12.9877, 80.2005, 388.1, 89.8, 80.95, 'NASA FIRMS'),
(32, '2026-06-23 05:18:15+00', 22.4340, 89.2497, 309.3, 75.2, 22.78, 'NASA FIRMS'),
(33, '2026-06-24 01:18:15+00', 23.7295, 71.9732, 314.8, 80.4, 77.83, 'NASA FIRMS'),
(34, '2026-06-22 19:18:15+00', 26.2952, 74.8496, 330.2, 89.5, 75.58, 'NASA FIRMS'),
(35, '2026-06-23 10:18:15+00', 22.5910, 72.6032, 397.9, 83.8, 32.04, 'NASA FIRMS'),
(36, '2026-06-22 20:18:15+00', 27.0122, 75.1939, 356.5, 99.0, 27.82, 'NASA FIRMS'),
(37, '2026-06-23 17:18:15+00', 21.6195, 87.4295, 358.0, 77.0, 11.94, 'NASA FIRMS'),
(38, '2026-06-23 05:18:15+00', 12.2028, 79.4080, 314.9, 87.4, 21.87, 'NASA FIRMS'),
(39, '2026-06-23 12:18:15+00', 27.3705, 75.7102, 300.1, 63.2, 76.77, 'NASA FIRMS'),
(40, '2026-06-23 05:18:15+00', 22.0428, 72.2837, 308.9, 75.1, 23.55, 'NASA FIRMS'),
(41, '2026-06-22 20:18:15+00', 21.5593, 87.5470, 324.3, 78.5, 84.37, 'NASA FIRMS'),
(42, '2026-06-23 11:18:15+00', 12.7587, 79.4267, 376.8, 94.8, 99.79, 'NASA FIRMS'),
(43, '2026-06-22 18:18:15+00', 23.8935, 73.4931, 309.8, 92.4, 43.25, 'NASA FIRMS'),
(44, '2026-06-23 13:18:15+00', 23.7535, 72.4859, 362.2, 77.8, 83.32, 'NASA FIRMS'),
(45, '2026-06-23 11:18:15+00', 27.5978, 76.5498, 338.4, 70.8, 14.58, 'NASA FIRMS'),
(46, '2026-06-23 13:18:15+00', 28.2623, 78.0686, 367.2, 87.0, 98.92, 'NASA FIRMS'),
(47, '2026-06-24 01:18:15+00', 23.0560, 72.7278, 369.2, 76.4, 90.28, 'NASA FIRMS'),
(48, '2026-06-24 05:18:15+00', 21.9052, 88.7363, 317.4, 65.5, 29.15, 'NASA FIRMS'),
(49, '2026-06-24 01:18:15+00', 28.4038, 76.6385, 347.9, 64.9, 53.21, 'NASA FIRMS'),
(50, '2026-06-23 06:18:15+00', 21.6137, 87.5036, 338.8, 96.9, 12.39, 'NASA FIRMS');

-- Seed HCHO hotspots
INSERT INTO hcho_hotspots (id, cluster_id, timestamp, latitude, longitude, hcho_mean, hcho_max, point_count, intensity, metadata_json) VALUES 
(1, 1, '2026-06-22 07:18:15+00', 13.6608, 74.5021, 2.01, 3.34, 26, 'Low', '{}'),
(2, 2, '2026-06-21 07:18:15+00', 14.5108, 87.1599, 4.12, 6.66, 29, 'High', '{}'),
(3, 0, '2026-06-20 07:18:15+00', 23.3846, 80.0765, 3.1, 3.81, 25, 'High', '{}'),
(4, 1, '2026-06-24 07:18:15+00', 20.7073, 86.1330, 3.98, 6.15, 28, 'High', '{}'),
(5, 2, '2026-06-21 07:18:15+00', 21.0302, 72.3506, 2.46, 3.65, 38, 'High', '{}'),
(6, 0, '2026-06-20 07:18:15+00', 16.4134, 78.3360, 2.27, 3.22, 23, 'Low', '{}'),
(7, 1, '2026-06-22 07:18:15+00', 18.1914, 73.8003, 2.56, 4.03, 11, 'Medium', '{}'),
(8, 2, '2026-06-20 07:18:15+00', 28.9875, 84.9524, 2.28, 2.99, 30, 'High', '{}'),
(9, 0, '2026-06-22 07:18:15+00', 17.0675, 87.6332, 2.84, 4.83, 23, 'Low', '{}'),
(10, 1, '2026-06-24 07:18:15+00', 13.3350, 81.2820, 4.2, 5.79, 46, 'High', '{}'),
(11, 2, '2026-06-22 07:18:15+00', 19.1714, 84.7713, 3.82, 7.63, 20, 'Low', '{}'),
(12, 0, '2026-06-21 07:18:15+00', 27.9109, 82.7442, 2.59, 4.08, 34, 'High', '{}'),
(13, 1, '2026-06-20 07:18:15+00', 12.0803, 87.0935, 1.88, 3.5, 22, 'Low', '{}'),
(14, 2, '2026-06-19 07:18:15+00', 12.4719, 77.4450, 4.21, 7.11, 21, 'High', '{}'),
(15, 0, '2026-06-19 07:18:15+00', 28.8975, 80.5328, 2.84, 4.32, 36, 'High', '{}'),
(16, 1, '2026-06-19 07:18:15+00', 21.8216, 77.5410, 1.77, 2.76, 14, 'Low', '{}'),
(17, 2, '2026-06-19 07:18:15+00', 20.4005, 81.4179, 3.98, 5.88, 11, 'Medium', '{}'),
(18, 0, '2026-06-19 07:18:15+00', 18.2605, 77.4540, 2.79, 5.09, 27, 'Medium', '{}'),
(19, 1, '2026-06-19 07:18:15+00', 20.6360, 85.8131, 2.47, 4.13, 12, 'High', '{}'),
(20, 2, '2026-06-19 07:18:15+00', 27.3181, 81.9726, 1.69, 2.29, 36, 'High', '{}');
